
 /----------------------------------------------------------------------------\
 |                                                                            |
 |  yosys -- Yosys Open SYnthesis Suite                                       |
 |                                                                            |
 |  Copyright (C) 2012 - 2020  Claire Xenia Wolf <claire@yosyshq.com>         |
 |                                                                            |
 |  Permission to use, copy, modify, and/or distribute this software for any  |
 |  purpose with or without fee is hereby granted, provided that the above    |
 |  copyright notice and this permission notice appear in all copies.         |
 |                                                                            |
 |  THE SOFTWARE IS PROVIDED "AS IS" AND THE AUTHOR DISCLAIMS ALL WARRANTIES  |
 |  WITH REGARD TO THIS SOFTWARE INCLUDING ALL IMPLIED WARRANTIES OF          |
 |  MERCHANTABILITY AND FITNESS. IN NO EVENT SHALL THE AUTHOR BE LIABLE FOR   |
 |  ANY SPECIAL, DIRECT, INDIRECT, OR CONSEQUENTIAL DAMAGES OR ANY DAMAGES    |
 |  WHATSOEVER RESULTING FROM LOSS OF USE, DATA OR PROFITS, WHETHER IN AN     |
 |  ACTION OF CONTRACT, NEGLIGENCE OR OTHER TORTIOUS ACTION, ARISING OUT OF   |
 |  OR IN CONNECTION WITH THE USE OR PERFORMANCE OF THIS SOFTWARE.            |
 |                                                                            |
 \----------------------------------------------------------------------------/

 Yosys 0.33 (git sha1 2584903a060)


-- Executing script file `../model/design.ys' --

1. Executing Verilog-2005 frontend: riscv.v
Parsing formal Verilog input from `riscv.v' to AST representation.
Generating RTLIL representation for module `\picorv32a'.
Generating RTLIL representation for module `\picorv32_regs'.
Generating RTLIL representation for module `\picorv32_pcpi_mul'.
Generating RTLIL representation for module `\picorv32_pcpi_fast_mul'.
Generating RTLIL representation for module `\picorv32_pcpi_div'.
Generating RTLIL representation for module `\picorv32_axi'.
Generating RTLIL representation for module `\picorv32_axi_adapter'.
Generating RTLIL representation for module `\picorv32_wb'.
Successfully finished Verilog frontend.

2. Executing Verilog-2005 frontend: tb_riscv_wrapper.sv
Parsing formal Verilog input from `tb_riscv_wrapper.sv' to AST representation.
Generating RTLIL representation for module `\ptb'.
Warning: reg '\pcpi_wr' is assigned in a continuous assignment at tb_riscv_wrapper.sv:74.9-74.24.
Warning: reg '\pcpi_rd' is assigned in a continuous assignment at tb_riscv_wrapper.sv:75.9-75.24.
Warning: reg '\pcpi_wait' is assigned in a continuous assignment at tb_riscv_wrapper.sv:76.9-76.24.
Warning: reg '\pcpi_ready' is assigned in a continuous assignment at tb_riscv_wrapper.sv:77.9-77.24.
Warning: reg '\irq' is assigned in a continuous assignment at tb_riscv_wrapper.sv:78.9-78.24.
Successfully finished Verilog frontend.

3. Executing Verilog-2005 frontend: cpu_bus_adapter.v
Parsing formal Verilog input from `cpu_bus_adapter.v' to AST representation.
Generating RTLIL representation for module `\cpu_bus_adapter'.
Successfully finished Verilog frontend.

4. Executing Verilog-2005 frontend: soc_mem_interconnect.v
Parsing formal Verilog input from `soc_mem_interconnect.v' to AST representation.
Generating RTLIL representation for module `\soc_mem_interconnect'.
Successfully finished Verilog frontend.

5. Executing Verilog-2005 frontend: soc_ram.v
Parsing formal Verilog input from `soc_ram.v' to AST representation.
Generating RTLIL representation for module `\soc_ram'.
Successfully finished Verilog frontend.

6. Executing Verilog-2005 frontend: cpu_ram_subsystem.v
Parsing formal Verilog input from `cpu_ram_subsystem.v' to AST representation.
Generating RTLIL representation for module `\cpu_ram_subsystem'.
Successfully finished Verilog frontend.

7. Executing Verilog-2005 frontend: cpu_ram_subsystem_formal.v
Parsing formal Verilog input from `cpu_ram_subsystem_formal.v' to AST representation.
Generating RTLIL representation for module `\cpu_ram_subsystem_formal'.
cpu_ram_subsystem_formal.v:36: Warning: Identifier `\dut.ram_valid' is implicitly declared.
cpu_ram_subsystem_formal.v:37: Warning: Identifier `\dut.u_ram.reset' is implicitly declared.
cpu_ram_subsystem_formal.v:49: Warning: Identifier `\dut.m_valid' is implicitly declared.
cpu_ram_subsystem_formal.v:49: Warning: Identifier `\dut.mem_valid' is implicitly declared.
cpu_ram_subsystem_formal.v:51: Warning: Identifier `\dut.m_write' is implicitly declared.
cpu_ram_subsystem_formal.v:51: Warning: Identifier `\dut.mem_wstrb' is implicitly declared.
cpu_ram_subsystem_formal.v:53: Warning: Identifier `\dut.m_addr' is implicitly declared.
cpu_ram_subsystem_formal.v:53: Warning: Identifier `\dut.mem_addr' is implicitly declared.
cpu_ram_subsystem_formal.v:55: Warning: Identifier `\dut.m_wdata' is implicitly declared.
cpu_ram_subsystem_formal.v:55: Warning: Identifier `\dut.mem_wdata' is implicitly declared.
cpu_ram_subsystem_formal.v:57: Warning: Identifier `\dut.m_strb' is implicitly declared.
cpu_ram_subsystem_formal.v:59: Warning: Identifier `\dut.mem_ready' is implicitly declared.
cpu_ram_subsystem_formal.v:59: Warning: Identifier `\dut.m_ready' is implicitly declared.
cpu_ram_subsystem_formal.v:61: Warning: Identifier `\dut.mem_rdata' is implicitly declared.
cpu_ram_subsystem_formal.v:61: Warning: Identifier `\dut.m_rdata' is implicitly declared.
cpu_ram_subsystem_formal.v:83: Warning: Identifier `\dut.gpio_ready' is implicitly declared.
cpu_ram_subsystem_formal.v:84: Warning: Identifier `\dut.gpio_rdata' is implicitly declared.
Successfully finished Verilog frontend.

8. Executing PREP pass.

8.1. Executing HIERARCHY pass (managing design hierarchy).

8.1.1. Analyzing design hierarchy..
Top module:  \cpu_ram_subsystem_formal
Used module:     \cpu_ram_subsystem
Used module:         \soc_ram
Used module:         \soc_mem_interconnect
Used module:         \cpu_bus_adapter
Used module:         \ptb
Used module:             \picorv32a
Used module:                 \picorv32_pcpi_fast_mul
Parameter \ADDR_WIDTH = 32
Parameter \DATA_WIDTH = 32
Parameter \DEPTH = 256

8.1.2. Executing AST frontend in derive mode using pre-parsed AST for module `\soc_ram'.
Parameter \ADDR_WIDTH = 32
Parameter \DATA_WIDTH = 32
Parameter \DEPTH = 256
Generating RTLIL representation for module `$paramod$7068ac09caa024df265143630f51c7da53a5c1cd\soc_ram'.
Parameter \ADDR_WIDTH = 32
Parameter \DATA_WIDTH = 32

8.1.3. Executing AST frontend in derive mode using pre-parsed AST for module `\soc_mem_interconnect'.
Parameter \ADDR_WIDTH = 32
Parameter \DATA_WIDTH = 32
Generating RTLIL representation for module `$paramod$73a3980ba8a68177b0617f0f620fd34f6ef3e417\soc_mem_interconnect'.
Parameter \ADDR_WIDTH = 32
Parameter \DATA_WIDTH = 32

8.1.4. Executing AST frontend in derive mode using pre-parsed AST for module `\cpu_bus_adapter'.
Parameter \ADDR_WIDTH = 32
Parameter \DATA_WIDTH = 32
Generating RTLIL representation for module `$paramod$73a3980ba8a68177b0617f0f620fd34f6ef3e417\cpu_bus_adapter'.
Parameter \ADDR_WIDTH = 32
Parameter \DATA_WIDTH = 32
Parameter \RAM_DEPTH = 256

8.1.5. Executing AST frontend in derive mode using pre-parsed AST for module `\cpu_ram_subsystem'.
Parameter \ADDR_WIDTH = 32
Parameter \DATA_WIDTH = 32
Parameter \RAM_DEPTH = 256
Generating RTLIL representation for module `$paramod$c2a3448081698d2bf6d9917f598cb2fe8a9f281e\cpu_ram_subsystem'.

8.1.6. Analyzing design hierarchy..
Top module:  \cpu_ram_subsystem_formal
Used module:     $paramod$c2a3448081698d2bf6d9917f598cb2fe8a9f281e\cpu_ram_subsystem
Used module:         \soc_ram
Used module:         \soc_mem_interconnect
Used module:         \cpu_bus_adapter
Used module:         \ptb
Used module:             \picorv32a
Used module:                 \picorv32_pcpi_fast_mul
Parameter \ADDR_WIDTH = 32
Parameter \DATA_WIDTH = 32
Parameter \DEPTH = 256
Found cached RTLIL representation for module `$paramod$7068ac09caa024df265143630f51c7da53a5c1cd\soc_ram'.
Parameter \ADDR_WIDTH = 32
Parameter \DATA_WIDTH = 32
Found cached RTLIL representation for module `$paramod$73a3980ba8a68177b0617f0f620fd34f6ef3e417\soc_mem_interconnect'.
Parameter \ADDR_WIDTH = 32
Parameter \DATA_WIDTH = 32
Found cached RTLIL representation for module `$paramod$73a3980ba8a68177b0617f0f620fd34f6ef3e417\cpu_bus_adapter'.

8.1.7. Analyzing design hierarchy..
Top module:  \cpu_ram_subsystem_formal
Used module:     $paramod$c2a3448081698d2bf6d9917f598cb2fe8a9f281e\cpu_ram_subsystem
Used module:         $paramod$7068ac09caa024df265143630f51c7da53a5c1cd\soc_ram
Used module:         $paramod$73a3980ba8a68177b0617f0f620fd34f6ef3e417\soc_mem_interconnect
Used module:         $paramod$73a3980ba8a68177b0617f0f620fd34f6ef3e417\cpu_bus_adapter
Used module:         \ptb
Used module:             \picorv32a
Used module:                 \picorv32_pcpi_fast_mul

8.1.8. Analyzing design hierarchy..
Top module:  \cpu_ram_subsystem_formal
Used module:     $paramod$c2a3448081698d2bf6d9917f598cb2fe8a9f281e\cpu_ram_subsystem
Used module:         $paramod$7068ac09caa024df265143630f51c7da53a5c1cd\soc_ram
Used module:         $paramod$73a3980ba8a68177b0617f0f620fd34f6ef3e417\soc_mem_interconnect
Used module:         $paramod$73a3980ba8a68177b0617f0f620fd34f6ef3e417\cpu_bus_adapter
Used module:         \ptb
Used module:             \picorv32a
Used module:                 \picorv32_pcpi_fast_mul
Removing unused module `\cpu_ram_subsystem'.
Removing unused module `\soc_ram'.
Removing unused module `\soc_mem_interconnect'.
Removing unused module `\cpu_bus_adapter'.
Removing unused module `\picorv32_wb'.
Removing unused module `\picorv32_axi_adapter'.
Removing unused module `\picorv32_axi'.
Removing unused module `\picorv32_pcpi_div'.
Removing unused module `\picorv32_pcpi_mul'.
Removing unused module `\picorv32_regs'.
Removed 10 unused modules.
Module cpu_ram_subsystem_formal directly or indirectly contains formal properties -> setting "keep" attribute.
Module $paramod$c2a3448081698d2bf6d9917f598cb2fe8a9f281e\cpu_ram_subsystem directly or indirectly contains formal properties -> setting "keep" attribute.
Module ptb directly or indirectly contains formal properties -> setting "keep" attribute.
Module picorv32a directly or indirectly contains formal properties -> setting "keep" attribute.

8.2. Executing PROC pass (convert processes to netlists).

8.2.1. Executing PROC_CLEAN pass (remove empty switches from decision trees).
Found and cleaned up 1 empty switch in `\picorv32a.$proc$riscv.v:0$813'.
Removing empty process `picorv32a.$proc$riscv.v:0$813'.
Found and cleaned up 16 empty switches in `\picorv32a.$proc$riscv.v:1374$560'.
Found and cleaned up 1 empty switch in `\picorv32a.$proc$riscv.v:1320$545'.
Cleaned up 18 empty switches.

8.2.2. Executing PROC_RMDEAD pass (remove dead branches from decision trees).
Marked 2 switch rules as full_case in process $proc$soc_mem_interconnect.v:49$1239 in module $paramod$73a3980ba8a68177b0617f0f620fd34f6ef3e417\soc_mem_interconnect.
Marked 3 switch rules as full_case in process $proc$riscv.v:2306$946 in module picorv32_pcpi_fast_mul.
Marked 2 switch rules as full_case in process $proc$riscv.v:2276$939 in module picorv32_pcpi_fast_mul.
Marked 7 switch rules as full_case in process $proc$soc_ram.v:30$1173 in module $paramod$7068ac09caa024df265143630f51c7da53a5c1cd\soc_ram.
Marked 9 switch rules as full_case in process $proc$riscv.v:2046$739 in module picorv32a.
Marked 36 switch rules as full_case in process $proc$riscv.v:1374$560 in module picorv32a.
Marked 1 switch rules as full_case in process $proc$riscv.v:1315$536 in module picorv32a.
Marked 2 switch rules as full_case in process $proc$riscv.v:1287$524 in module picorv32a.
Marked 2 switch rules as full_case in process $proc$riscv.v:1273$519 in module picorv32a.
Marked 8 switch rules as full_case in process $proc$riscv.v:1164$484 in module picorv32a.
Marked 3 switch rules as full_case in process $proc$riscv.v:839$224 in module picorv32a.
Marked 3 switch rules as full_case in process $proc$riscv.v:790$222 in module picorv32a.
Marked 2 switch rules as full_case in process $proc$riscv.v:759$218 in module picorv32a.
Marked 47 switch rules as full_case in process $proc$riscv.v:683$217 in module picorv32a.
Marked 4 switch rules as full_case in process $proc$riscv.v:548$168 in module picorv32a.
Marked 1 switch rules as full_case in process $proc$riscv.v:413$111 in module picorv32a.
Removed 2 dead cases from process $proc$riscv.v:384$108 in module picorv32a.
Marked 2 switch rules as full_case in process $proc$riscv.v:384$108 in module picorv32a.
Marked 1 switch rules as full_case in process $proc$riscv.v:373$103 in module picorv32a.
Marked 1 switch rules as full_case in process $proc$riscv.v:308$29 in module picorv32a.
Removed a total of 2 dead cases.

8.2.3. Executing PROC_PRUNE pass (remove redundant assignments in processes).
Removed 6 redundant assignments.
Promoted 141 assignments to connections.

8.2.4. Executing PROC_INIT pass (extract init attributes).
Found init rule in `\cpu_ram_subsystem_formal.$proc$cpu_ram_subsystem_formal.v:0$1167'.
  Set init value: $formal$cpu_ram_subsystem_formal.v:35$1102_EN = 1'0
Found init rule in `\cpu_ram_subsystem_formal.$proc$cpu_ram_subsystem_formal.v:0$1166'.
  Set init value: \clk = 1'0
Found init rule in `\picorv32a.$proc$riscv.v:0$855'.
  Set init value: $formal$riscv.v:2087$27_EN = 1'0
Found init rule in `\picorv32a.$proc$riscv.v:0$853'.
  Set init value: $formal$riscv.v:2086$26_EN = 1'0
Found init rule in `\picorv32a.$proc$riscv.v:0$851'.
  Set init value: $formal$riscv.v:2085$25_EN = 1'0
Found init rule in `\picorv32a.$proc$riscv.v:0$849'.
  Set init value: $formal$riscv.v:2084$24_EN = 1'0
Found init rule in `\picorv32a.$proc$riscv.v:0$847'.
  Set init value: $formal$riscv.v:2081$23_EN = 1'0
Found init rule in `\picorv32a.$proc$riscv.v:0$845'.
  Set init value: $formal$riscv.v:2080$22_EN = 1'0
Found init rule in `\picorv32a.$proc$riscv.v:0$843'.
  Set init value: $formal$riscv.v:2079$21_EN = 1'0
Found init rule in `\picorv32a.$proc$riscv.v:0$841'.
  Set init value: $formal$riscv.v:613$17_EN = 1'0
Found init rule in `\picorv32a.$proc$riscv.v:0$839'.
  Set init value: $formal$riscv.v:612$16_EN = 1'0
Found init rule in `\picorv32a.$proc$riscv.v:0$837'.
  Set init value: $formal$riscv.v:605$15_EN = 1'0
Found init rule in `\picorv32a.$proc$riscv.v:0$835'.
  Set init value: $formal$riscv.v:604$14_EN = 1'0
Found init rule in `\picorv32a.$proc$riscv.v:0$833'.
  Set init value: $formal$riscv.v:581$13_EN = 1'0
Found init rule in `\picorv32a.$proc$riscv.v:0$831'.
  Set init value: $formal$riscv.v:580$12_EN = 1'0
Found init rule in `\picorv32a.$proc$riscv.v:0$829'.
  Set init value: $formal$riscv.v:579$11_EN = 1'0
Found init rule in `\picorv32a.$proc$riscv.v:0$827'.
  Set init value: $formal$riscv.v:578$10_EN = 1'0
Found init rule in `\picorv32a.$proc$riscv.v:0$825'.
  Set init value: $formal$riscv.v:543$9_EN = 1'0
Found init rule in `\picorv32a.$proc$riscv.v:0$823'.
  Set init value: $formal$riscv.v:540$8_EN = 1'0
Found init rule in `\picorv32a.$proc$riscv.v:0$821'.
  Set init value: $formal$riscv.v:537$7_EN = 1'0
Found init rule in `\picorv32a.$proc$riscv.v:0$819'.
  Set init value: $formal$riscv.v:534$6_EN = 1'0
Found init rule in `\picorv32a.$proc$riscv.v:0$817'.
  Set init value: $formal$riscv.v:531$5_EN = 1'0
Found init rule in `\picorv32a.$proc$riscv.v:2070$816'.
  Set init value: \last_mem_la_wstrb = 4'0000
Found init rule in `\picorv32a.$proc$riscv.v:2067$815'.
  Set init value: \last_mem_la_write = 1'0
Found init rule in `\picorv32a.$proc$riscv.v:2066$814'.
  Set init value: \last_mem_la_read = 1'0
Found init rule in `\picorv32a.$proc$riscv.v:0$857'.
  Set init value: $formal$riscv.v:2090$28_EN = 1'0

8.2.5. Executing PROC_ARST pass (detect async resets in processes).

8.2.6. Executing PROC_ROM pass (convert switches to ROMs).
Converted 0 switches.
<suppressed ~227 debug messages>

8.2.7. Executing PROC_MUX pass (convert decision trees to multiplexers).
Creating decoders for process `\cpu_ram_subsystem_formal.$proc$cpu_ram_subsystem_formal.v:0$1167'.
Creating decoders for process `\cpu_ram_subsystem_formal.$proc$cpu_ram_subsystem_formal.v:0$1166'.
Creating decoders for process `\cpu_ram_subsystem_formal.$proc$cpu_ram_subsystem_formal.v:82$1148'.
Creating decoders for process `\cpu_ram_subsystem_formal.$proc$cpu_ram_subsystem_formal.v:71$1145'.
     1/2: $0$formal$cpu_ram_subsystem_formal.v:72$1110_EN[0:0]$1147
     2/2: $0$formal$cpu_ram_subsystem_formal.v:72$1110_CHECK[0:0]$1146
Creating decoders for process `\cpu_ram_subsystem_formal.$proc$cpu_ram_subsystem_formal.v:47$1122'.
Creating decoders for process `\cpu_ram_subsystem_formal.$proc$cpu_ram_subsystem_formal.v:34$1115'.
     1/2: $0$formal$cpu_ram_subsystem_formal.v:35$1102_EN[0:0]$1117
     2/2: $0$formal$cpu_ram_subsystem_formal.v:35$1102_CHECK[0:0]$1116
Creating decoders for process `\cpu_ram_subsystem_formal.$proc$cpu_ram_subsystem_formal.v:26$1113'.
Creating decoders for process `$paramod$73a3980ba8a68177b0617f0f620fd34f6ef3e417\soc_mem_interconnect.$proc$soc_mem_interconnect.v:49$1239'.
     1/19: $2\m_rdata[31:0]
     2/19: $2\m_ready[0:0]
     3/19: $2\gpio_strb[3:0]
     4/19: $2\gpio_wdata[31:0]
     5/19: $2\gpio_addr[31:0]
     6/19: $2\gpio_write[0:0]
     7/19: $2\gpio_valid[0:0]
     8/19: $1\m_rdata[31:0]
     9/19: $1\m_ready[0:0]
    10/19: $1\ram_strb[3:0]
    11/19: $1\ram_wdata[31:0]
    12/19: $1\ram_addr[31:0]
    13/19: $1\ram_write[0:0]
    14/19: $1\ram_valid[0:0]
    15/19: $1\gpio_strb[3:0]
    16/19: $1\gpio_wdata[31:0]
    17/19: $1\gpio_addr[31:0]
    18/19: $1\gpio_write[0:0]
    19/19: $1\gpio_valid[0:0]
Creating decoders for process `\picorv32_pcpi_fast_mul.$proc$riscv.v:2306$946'.
     1/4: $0\active[3:0] [3:1]
     2/4: $0\active[3:0] [0]
     3/4: $0\rs2[32:0]
     4/4: $0\rs1[32:0]
Creating decoders for process `\picorv32_pcpi_fast_mul.$proc$riscv.v:2292$941'.
     1/4: $0\rd_q[63:0]
     2/4: $0\rs2_q[32:0]
     3/4: $0\rs1_q[32:0]
     4/4: $0\rd[63:0]
Creating decoders for process `\picorv32_pcpi_fast_mul.$proc$riscv.v:2276$939'.
     1/8: $2\instr_mul[0:0]
     2/8: $2\instr_mulhu[0:0]
     3/8: $2\instr_mulhsu[0:0]
     4/8: $2\instr_mulh[0:0]
     5/8: $1\instr_mulhu[0:0]
     6/8: $1\instr_mulhsu[0:0]
     7/8: $1\instr_mulh[0:0]
     8/8: $1\instr_mul[0:0]
Creating decoders for process `$paramod$7068ac09caa024df265143630f51c7da53a5c1cd\soc_ram.$proc$soc_ram.v:30$1173'.
     1/50: $4$memwr$\mem$soc_ram.v:56$1172_EN[31:0]$1233
     2/50: $4$memwr$\mem$soc_ram.v:56$1172_DATA[31:0]$1232
     3/50: $4$memwr$\mem$soc_ram.v:56$1172_ADDR[7:0]$1231
     4/50: $4$memwr$\mem$soc_ram.v:53$1171_EN[31:0]$1230
     5/50: $4$memwr$\mem$soc_ram.v:53$1171_DATA[31:0]$1229
     6/50: $4$memwr$\mem$soc_ram.v:53$1171_ADDR[7:0]$1228
     7/50: $4$memwr$\mem$soc_ram.v:50$1170_EN[31:0]$1227
     8/50: $4$memwr$\mem$soc_ram.v:50$1170_DATA[31:0]$1226
     9/50: $4$memwr$\mem$soc_ram.v:50$1170_ADDR[7:0]$1225
    10/50: $4$memwr$\mem$soc_ram.v:47$1169_EN[31:0]$1224
    11/50: $4$memwr$\mem$soc_ram.v:47$1169_DATA[31:0]$1223
    12/50: $4$memwr$\mem$soc_ram.v:47$1169_ADDR[7:0]$1222
    13/50: $3$memwr$\mem$soc_ram.v:56$1172_EN[31:0]$1221
    14/50: $3$memwr$\mem$soc_ram.v:56$1172_DATA[31:0]$1220
    15/50: $3$memwr$\mem$soc_ram.v:56$1172_ADDR[7:0]$1219
    16/50: $3$memwr$\mem$soc_ram.v:53$1171_EN[31:0]$1218
    17/50: $3$memwr$\mem$soc_ram.v:53$1171_DATA[31:0]$1217
    18/50: $3$memwr$\mem$soc_ram.v:53$1171_ADDR[7:0]$1216
    19/50: $3$memwr$\mem$soc_ram.v:50$1170_EN[31:0]$1215
    20/50: $3$memwr$\mem$soc_ram.v:50$1170_DATA[31:0]$1214
    21/50: $3$memwr$\mem$soc_ram.v:50$1170_ADDR[7:0]$1213
    22/50: $3$memwr$\mem$soc_ram.v:47$1169_EN[31:0]$1212
    23/50: $3$memwr$\mem$soc_ram.v:47$1169_DATA[31:0]$1211
    24/50: $3$memwr$\mem$soc_ram.v:47$1169_ADDR[7:0]$1210
    25/50: $2$memwr$\mem$soc_ram.v:56$1172_EN[31:0]$1209
    26/50: $2$memwr$\mem$soc_ram.v:56$1172_DATA[31:0]$1208
    27/50: $2$memwr$\mem$soc_ram.v:56$1172_ADDR[7:0]$1207
    28/50: $2$memwr$\mem$soc_ram.v:53$1171_EN[31:0]$1206
    29/50: $2$memwr$\mem$soc_ram.v:53$1171_DATA[31:0]$1205
    30/50: $2$memwr$\mem$soc_ram.v:53$1171_ADDR[7:0]$1204
    31/50: $2$memwr$\mem$soc_ram.v:50$1170_EN[31:0]$1203
    32/50: $2$memwr$\mem$soc_ram.v:50$1170_DATA[31:0]$1202
    33/50: $2$memwr$\mem$soc_ram.v:50$1170_ADDR[7:0]$1201
    34/50: $2$memwr$\mem$soc_ram.v:47$1169_EN[31:0]$1200
    35/50: $2$memwr$\mem$soc_ram.v:47$1169_DATA[31:0]$1199
    36/50: $2$memwr$\mem$soc_ram.v:47$1169_ADDR[7:0]$1198
    37/50: $0\ready[0:0]
    38/50: $1$memwr$\mem$soc_ram.v:56$1172_EN[31:0]$1197
    39/50: $1$memwr$\mem$soc_ram.v:56$1172_DATA[31:0]$1196
    40/50: $1$memwr$\mem$soc_ram.v:56$1172_ADDR[7:0]$1195
    41/50: $1$memwr$\mem$soc_ram.v:53$1171_EN[31:0]$1194
    42/50: $1$memwr$\mem$soc_ram.v:53$1171_DATA[31:0]$1193
    43/50: $1$memwr$\mem$soc_ram.v:53$1171_ADDR[7:0]$1192
    44/50: $1$memwr$\mem$soc_ram.v:50$1170_EN[31:0]$1191
    45/50: $1$memwr$\mem$soc_ram.v:50$1170_DATA[31:0]$1190
    46/50: $1$memwr$\mem$soc_ram.v:50$1170_ADDR[7:0]$1189
    47/50: $1$memwr$\mem$soc_ram.v:47$1169_EN[31:0]$1188
    48/50: $1$memwr$\mem$soc_ram.v:47$1169_DATA[31:0]$1187
    49/50: $1$memwr$\mem$soc_ram.v:47$1169_ADDR[7:0]$1186
    50/50: $0\rdata[31:0]
Creating decoders for process `\picorv32a.$proc$riscv.v:0$855'.
Creating decoders for process `\picorv32a.$proc$riscv.v:0$853'.
Creating decoders for process `\picorv32a.$proc$riscv.v:0$851'.
Creating decoders for process `\picorv32a.$proc$riscv.v:0$849'.
Creating decoders for process `\picorv32a.$proc$riscv.v:0$847'.
Creating decoders for process `\picorv32a.$proc$riscv.v:0$845'.
Creating decoders for process `\picorv32a.$proc$riscv.v:0$843'.
Creating decoders for process `\picorv32a.$proc$riscv.v:0$841'.
Creating decoders for process `\picorv32a.$proc$riscv.v:0$839'.
Creating decoders for process `\picorv32a.$proc$riscv.v:0$837'.
Creating decoders for process `\picorv32a.$proc$riscv.v:0$835'.
Creating decoders for process `\picorv32a.$proc$riscv.v:0$833'.
Creating decoders for process `\picorv32a.$proc$riscv.v:0$831'.
Creating decoders for process `\picorv32a.$proc$riscv.v:0$829'.
Creating decoders for process `\picorv32a.$proc$riscv.v:0$827'.
Creating decoders for process `\picorv32a.$proc$riscv.v:0$825'.
Creating decoders for process `\picorv32a.$proc$riscv.v:0$823'.
Creating decoders for process `\picorv32a.$proc$riscv.v:0$821'.
Creating decoders for process `\picorv32a.$proc$riscv.v:0$819'.
Creating decoders for process `\picorv32a.$proc$riscv.v:0$817'.
Creating decoders for process `\picorv32a.$proc$riscv.v:2070$816'.
Creating decoders for process `\picorv32a.$proc$riscv.v:2067$815'.
Creating decoders for process `\picorv32a.$proc$riscv.v:2066$814'.
Creating decoders for process `\picorv32a.$proc$riscv.v:0$857'.
Creating decoders for process `\picorv32a.$proc$riscv.v:1208$779'.
Creating decoders for process `\picorv32a.$proc$riscv.v:2072$754'.
     1/16: $0$formal$riscv.v:2079$21_EN[0:0]$756
     2/16: $0$formal$riscv.v:2079$21_CHECK[0:0]$755
     3/16: $0$formal$riscv.v:2080$22_EN[0:0]$758
     4/16: $0$formal$riscv.v:2080$22_CHECK[0:0]$757
     5/16: $0$formal$riscv.v:2081$23_EN[0:0]$760
     6/16: $0$formal$riscv.v:2081$23_CHECK[0:0]$759
     7/16: $0$formal$riscv.v:2084$24_EN[0:0]$762
     8/16: $0$formal$riscv.v:2084$24_CHECK[0:0]$761
     9/16: $0$formal$riscv.v:2085$25_EN[0:0]$764
    10/16: $0$formal$riscv.v:2085$25_CHECK[0:0]$763
    11/16: $0$formal$riscv.v:2086$26_EN[0:0]$766
    12/16: $0$formal$riscv.v:2086$26_CHECK[0:0]$765
    13/16: $0$formal$riscv.v:2087$27_EN[0:0]$768
    14/16: $0$formal$riscv.v:2087$27_CHECK[0:0]$767
    15/16: $0$formal$riscv.v:2090$28_EN[0:0]$770
    16/16: $0$formal$riscv.v:2090$28_CHECK[0:0]$769
Creating decoders for process `\picorv32a.$proc$riscv.v:2046$739'.
     1/13: $9\ok[0:0]
     2/13: $8\ok[0:0]
     3/13: $7\ok[0:0]
     4/13: $6\ok[0:0]
     5/13: $5\ok[0:0]
     6/13: $4\ok[0:0]
     7/13: $3\ok[0:0]
     8/13: $2\ok[0:0]
     9/13: $1\ok[0:0]
    10/13: $0$formal$riscv.v:2049$19_EN[0:0]$741
    11/13: $0$formal$riscv.v:2049$19_CHECK[0:0]$740
    12/13: $0$formal$riscv.v:2061$20_EN[0:0]$743
    13/13: $0$formal$riscv.v:2061$20_CHECK[0:0]$742
Creating decoders for process `\picorv32a.$proc$riscv.v:2033$729'.
Creating decoders for process `\picorv32a.$proc$riscv.v:1374$560'.
     1/79: $17\next_irq_pending[2:2]
     2/79: $16\next_irq_pending[2:2]
     3/79: $15\next_irq_pending[2:2]
     4/79: $14\next_irq_pending[2:2]
     5/79: $13\next_irq_pending[2:2]
     6/79: $12\next_irq_pending[2:2]
     7/79: $11\next_irq_pending[2:2]
     8/79: $5\next_irq_pending[31:0] [31:2]
     9/79: $3\set_mem_do_rdata[0:0]
    10/79: $5\next_irq_pending[31:0] [1]
    11/79: $3\set_mem_do_wdata[0:0]
    12/79: $5\next_irq_pending[31:0] [0]
    13/79: $4\set_mem_do_rinst[0:0]
    14/79: $3\set_mem_do_rinst[0:0]
    15/79: $4\set_mem_do_wdata[0:0]
    16/79: $9\next_irq_pending[1:1]
    17/79: $8\next_irq_pending[1:1]
    18/79: $7\next_irq_pending[1:1]
    19/79: $4\set_mem_do_rdata[0:0]
    20/79: $5\set_mem_do_rinst[0:0]
    21/79: $10\next_irq_pending[1:1]
    22/79: $6\next_irq_pending[31:0]
    23/79: $3\current_pc[31:0]
    24/79: $2\current_pc[31:0]
    25/79: $2\set_mem_do_wdata[0:0]
    26/79: $2\set_mem_do_rdata[0:0]
    27/79: $2\set_mem_do_rinst[0:0]
    28/79: $4\next_irq_pending[31:0]
    29/79: $1\current_pc[31:0]
    30/79: $1\set_mem_do_wdata[0:0]
    31/79: $1\set_mem_do_rdata[0:0]
    32/79: $1\set_mem_do_rinst[0:0]
    33/79: $0\trace_data[35:0]
    34/79: $3\next_irq_pending[31:0]
    35/79: $2\next_irq_pending[0:0]
    36/79: $1\next_irq_pending[0:0]
    37/79: $0\count_cycle[63:0]
    38/79: $0\pcpi_timeout[0:0]
    39/79: $0\trace_valid[0:0]
    40/79: $0\do_waitirq[0:0]
    41/79: $0\decoder_pseudo_trigger[0:0]
    42/79: $0\decoder_trigger[0:0]
    43/79: $0\alu_wait_2[0:0]
    44/79: $0\alu_wait[0:0]
    45/79: $0\reg_out[31:0]
    46/79: $0\reg_sh[4:0]
    47/79: $0\trap[0:0]
    48/79: $0\pcpi_timeout_counter[3:0]
    49/79: $0\latched_rd[4:0]
    50/79: $0\latched_is_lb[0:0]
    51/79: $0\latched_is_lh[0:0]
    52/79: $0\latched_is_lu[0:0]
    53/79: $0\latched_trace[0:0]
    54/79: $0\latched_compr[0:0]
    55/79: $0\latched_branch[0:0]
    56/79: $0\latched_stalu[0:0]
    57/79: $0\latched_store[0:0]
    58/79: $0\irq_state[1:0]
    59/79: $0\cpu_state[7:0]
    60/79: $0\dbg_rs2val_valid[0:0]
    61/79: $0\dbg_rs1val_valid[0:0]
    62/79: $0\dbg_rs2val[31:0]
    63/79: $0\dbg_rs1val[31:0]
    64/79: $0\mem_do_wdata[0:0]
    65/79: $0\mem_do_rdata[0:0]
    66/79: $0\mem_do_rinst[0:0]
    67/79: $0\mem_do_prefetch[0:0]
    68/79: $0\mem_wordsize[1:0]
    69/79: $0\timer[31:0]
    70/79: $0\irq_mask[31:0]
    71/79: $0\irq_active[0:0]
    72/79: $0\irq_delay[0:0]
    73/79: $0\reg_op2[31:0]
    74/79: $0\reg_op1[31:0]
    75/79: $0\reg_next_pc[31:0]
    76/79: $0\reg_pc[31:0]
    77/79: $0\count_instr[63:0]
    78/79: $0\eoi[31:0]
    79/79: $0\pcpi_valid[0:0]
Creating decoders for process `\picorv32a.$proc$riscv.v:1320$545'.
Creating decoders for process `\picorv32a.$proc$riscv.v:1315$536'.
     1/3: $1$memwr$\cpuregs$riscv.v:1317$18_EN[31:0]$544
     2/3: $1$memwr$\cpuregs$riscv.v:1317$18_DATA[31:0]$543
     3/3: $1$memwr$\cpuregs$riscv.v:1317$18_ADDR[4:0]$542
Creating decoders for process `\picorv32a.$proc$riscv.v:1287$524'.
     1/4: $2\cpuregs_write[0:0]
     2/4: $2\cpuregs_wrdata[31:0]
     3/4: $1\cpuregs_wrdata[31:0]
     4/4: $1\cpuregs_write[0:0]
Creating decoders for process `\picorv32a.$proc$riscv.v:1273$519'.
     1/2: $2\clear_prefetched_high_word[0:0]
     2/2: $1\clear_prefetched_high_word[0:0]
Creating decoders for process `\picorv32a.$proc$riscv.v:1271$518'.
Creating decoders for process `\picorv32a.$proc$riscv.v:1227$496'.
     1/2: $1\alu_out[31:0]
     2/2: $1\alu_out_0[0:0]
Creating decoders for process `\picorv32a.$proc$riscv.v:1164$484'.
     1/8: $8\dbg_ascii_state[127:0]
     2/8: $7\dbg_ascii_state[127:0]
     3/8: $6\dbg_ascii_state[127:0]
     4/8: $5\dbg_ascii_state[127:0]
     5/8: $4\dbg_ascii_state[127:0]
     6/8: $3\dbg_ascii_state[127:0]
     7/8: $2\dbg_ascii_state[127:0]
     8/8: $1\dbg_ascii_state[127:0]
Creating decoders for process `\picorv32a.$proc$riscv.v:839$224'.
     1/76: $0\decoded_rs1[4:0] [4]
     2/76: $0\decoded_imm_uj[31:0] [10]
     3/76: $0\decoded_imm_uj[31:0] [7]
     4/76: $0\decoded_imm_uj[31:0] [6]
     5/76: $0\decoded_imm_uj[31:0] [3:1]
     6/76: $0\decoded_imm_uj[31:0] [5]
     7/76: $0\decoded_imm_uj[31:0] [9:8]
     8/76: $0\decoded_imm_uj[31:0] [31:20]
     9/76: $0\decoded_imm_uj[31:0] [4]
    10/76: $0\decoded_imm_uj[31:0] [11]
    11/76: $0\decoded_imm_uj[31:0] [0]
    12/76: $0\decoded_rs1[4:0] [3:0]
    13/76: $0\is_lui_auipc_jal_jalr_addi_add_sub[0:0]
    14/76: $0\is_alu_reg_reg[0:0]
    15/76: $0\is_alu_reg_imm[0:0]
    16/76: $0\is_beq_bne_blt_bge_bltu_bgeu[0:0]
    17/76: $0\is_sll_srl_sra[0:0]
    18/76: $0\is_sb_sh_sw[0:0]
    19/76: $0\is_jalr_addi_slti_sltiu_xori_ori_andi[0:0]
    20/76: $0\is_slli_srli_srai[0:0]
    21/76: $0\is_lb_lh_lw_lbu_lhu[0:0]
    22/76: $0\compressed_instr[0:0]
    23/76: $0\is_compare[0:0]
    24/76: $0\decoded_imm[31:0]
    25/76: $0\decoded_rs2[4:0]
    26/76: $0\decoded_imm_uj[31:0] [19:12]
    27/76: $0\decoded_rd[4:0]
    28/76: $0\instr_timer[0:0]
    29/76: $0\instr_waitirq[0:0]
    30/76: $0\instr_maskirq[0:0]
    31/76: $0\instr_retirq[0:0]
    32/76: $0\instr_setq[0:0]
    33/76: $0\instr_getq[0:0]
    34/76: $0\instr_ecall_ebreak[0:0]
    35/76: $0\instr_rdinstrh[0:0]
    36/76: $0\instr_rdinstr[0:0]
    37/76: $0\instr_rdcycleh[0:0]
    38/76: $0\instr_rdcycle[0:0]
    39/76: $0\instr_and[0:0]
    40/76: $0\instr_or[0:0]
    41/76: $0\instr_sra[0:0]
    42/76: $0\instr_srl[0:0]
    43/76: $0\instr_xor[0:0]
    44/76: $0\instr_sltu[0:0]
    45/76: $0\instr_slt[0:0]
    46/76: $0\instr_sll[0:0]
    47/76: $0\instr_sub[0:0]
    48/76: $0\instr_add[0:0]
    49/76: $0\instr_srai[0:0]
    50/76: $0\instr_srli[0:0]
    51/76: $0\instr_slli[0:0]
    52/76: $0\instr_andi[0:0]
    53/76: $0\instr_ori[0:0]
    54/76: $0\instr_xori[0:0]
    55/76: $0\instr_sltiu[0:0]
    56/76: $0\instr_slti[0:0]
    57/76: $0\instr_addi[0:0]
    58/76: $0\instr_sw[0:0]
    59/76: $0\instr_sh[0:0]
    60/76: $0\instr_sb[0:0]
    61/76: $0\instr_lhu[0:0]
    62/76: $0\instr_lbu[0:0]
    63/76: $0\instr_lw[0:0]
    64/76: $0\instr_lh[0:0]
    65/76: $0\instr_lb[0:0]
    66/76: $0\instr_bgeu[0:0]
    67/76: $0\instr_bltu[0:0]
    68/76: $0\instr_bge[0:0]
    69/76: $0\instr_blt[0:0]
    70/76: $0\instr_bne[0:0]
    71/76: $0\instr_beq[0:0]
    72/76: $0\instr_jalr[0:0]
    73/76: $0\instr_jal[0:0]
    74/76: $0\instr_auipc[0:0]
    75/76: $0\instr_lui[0:0]
    76/76: $0\pcpi_insn[31:0]
Creating decoders for process `\picorv32a.$proc$riscv.v:790$222'.
     1/13: $3\dbg_insn_opcode[31:0]
     2/13: $2\dbg_insn_rd[4:0]
     3/13: $2\dbg_insn_rs2[4:0]
     4/13: $2\dbg_insn_rs1[4:0]
     5/13: $2\dbg_insn_opcode[31:0]
     6/13: $2\dbg_insn_imm[31:0]
     7/13: $2\dbg_ascii_instr[63:0]
     8/13: $1\dbg_insn_rd[4:0]
     9/13: $1\dbg_insn_rs2[4:0]
    10/13: $1\dbg_insn_rs1[4:0]
    11/13: $1\dbg_insn_imm[31:0]
    12/13: $1\dbg_ascii_instr[63:0]
    13/13: $1\dbg_insn_opcode[31:0]
Creating decoders for process `\picorv32a.$proc$riscv.v:759$218'.
     1/8: $0\cached_insn_rd[4:0]
     2/8: $0\cached_insn_rs2[4:0]
     3/8: $0\cached_insn_rs1[4:0]
     4/8: $0\cached_insn_opcode[31:0]
     5/8: $0\cached_insn_imm[31:0]
     6/8: $0\cached_ascii_instr[63:0]
     7/8: $0\dbg_valid_insn[0:0]
     8/8: $0\dbg_insn_addr[31:0]
Creating decoders for process `\picorv32a.$proc$riscv.v:683$217'.
     1/47: $47\new_ascii_instr[63:0]
     2/47: $46\new_ascii_instr[63:0]
     3/47: $45\new_ascii_instr[63:0]
     4/47: $44\new_ascii_instr[63:0]
     5/47: $43\new_ascii_instr[63:0]
     6/47: $42\new_ascii_instr[63:0]
     7/47: $41\new_ascii_instr[63:0]
     8/47: $40\new_ascii_instr[63:0]
     9/47: $39\new_ascii_instr[63:0]
    10/47: $38\new_ascii_instr[63:0]
    11/47: $37\new_ascii_instr[63:0]
    12/47: $36\new_ascii_instr[63:0]
    13/47: $35\new_ascii_instr[63:0]
    14/47: $34\new_ascii_instr[63:0]
    15/47: $33\new_ascii_instr[63:0]
    16/47: $32\new_ascii_instr[63:0]
    17/47: $31\new_ascii_instr[63:0]
    18/47: $30\new_ascii_instr[63:0]
    19/47: $29\new_ascii_instr[63:0]
    20/47: $28\new_ascii_instr[63:0]
    21/47: $27\new_ascii_instr[63:0]
    22/47: $26\new_ascii_instr[63:0]
    23/47: $25\new_ascii_instr[63:0]
    24/47: $24\new_ascii_instr[63:0]
    25/47: $23\new_ascii_instr[63:0]
    26/47: $22\new_ascii_instr[63:0]
    27/47: $21\new_ascii_instr[63:0]
    28/47: $20\new_ascii_instr[63:0]
    29/47: $19\new_ascii_instr[63:0]
    30/47: $18\new_ascii_instr[63:0]
    31/47: $17\new_ascii_instr[63:0]
    32/47: $16\new_ascii_instr[63:0]
    33/47: $15\new_ascii_instr[63:0]
    34/47: $14\new_ascii_instr[63:0]
    35/47: $13\new_ascii_instr[63:0]
    36/47: $12\new_ascii_instr[63:0]
    37/47: $11\new_ascii_instr[63:0]
    38/47: $10\new_ascii_instr[63:0]
    39/47: $9\new_ascii_instr[63:0]
    40/47: $8\new_ascii_instr[63:0]
    41/47: $7\new_ascii_instr[63:0]
    42/47: $6\new_ascii_instr[63:0]
    43/47: $5\new_ascii_instr[63:0]
    44/47: $4\new_ascii_instr[63:0]
    45/47: $3\new_ascii_instr[63:0]
    46/47: $2\new_ascii_instr[63:0]
    47/47: $1\new_ascii_instr[63:0]
Creating decoders for process `\picorv32a.$proc$riscv.v:548$168'.
     1/25: $0$formal$riscv.v:578$10_EN[0:0]$170
     2/25: $0$formal$riscv.v:578$10_CHECK[0:0]$169
     3/25: $0$formal$riscv.v:579$11_EN[0:0]$172
     4/25: $0$formal$riscv.v:579$11_CHECK[0:0]$171
     5/25: $0$formal$riscv.v:580$12_EN[0:0]$174
     6/25: $0$formal$riscv.v:580$12_CHECK[0:0]$173
     7/25: $0$formal$riscv.v:581$13_EN[0:0]$176
     8/25: $0$formal$riscv.v:581$13_CHECK[0:0]$175
     9/25: $0$formal$riscv.v:604$14_EN[0:0]$178
    10/25: $0$formal$riscv.v:604$14_CHECK[0:0]$177
    11/25: $0$formal$riscv.v:605$15_EN[0:0]$180
    12/25: $0$formal$riscv.v:605$15_CHECK[0:0]$179
    13/25: $0$formal$riscv.v:612$16_EN[0:0]$182
    14/25: $0$formal$riscv.v:612$16_CHECK[0:0]$181
    15/25: $0$formal$riscv.v:613$17_EN[0:0]$184
    16/25: $0$formal$riscv.v:613$17_CHECK[0:0]$183
    17/25: $0\mem_16bit_buffer[15:0]
    18/25: $0\prefetched_high_word[0:0]
    19/25: $0\mem_la_secondword[0:0]
    20/25: $0\mem_state[1:0]
    21/25: $0\mem_wstrb[3:0]
    22/25: $0\mem_wdata[31:0]
    23/25: $0\mem_addr[31:0]
    24/25: $0\mem_instr[0:0]
    25/25: $0\mem_valid[0:0]
Creating decoders for process `\picorv32a.$proc$riscv.v:529$140'.
     1/10: $0$formal$riscv.v:531$5_EN[0:0]$142
     2/10: $0$formal$riscv.v:531$5_CHECK[0:0]$141
     3/10: $0$formal$riscv.v:534$6_EN[0:0]$144
     4/10: $0$formal$riscv.v:534$6_CHECK[0:0]$143
     5/10: $0$formal$riscv.v:537$7_EN[0:0]$146
     6/10: $0$formal$riscv.v:537$7_CHECK[0:0]$145
     7/10: $0$formal$riscv.v:540$8_EN[0:0]$148
     8/10: $0$formal$riscv.v:540$8_CHECK[0:0]$147
     9/10: $0$formal$riscv.v:543$9_EN[0:0]$150
    10/10: $0$formal$riscv.v:543$9_CHECK[0:0]$149
Creating decoders for process `\picorv32a.$proc$riscv.v:413$111'.
     1/9: $0\mem_rdata_q[31:0] [31]
     2/9: $0\mem_rdata_q[31:0] [7]
     3/9: $0\mem_rdata_q[31:0] [24:20]
     4/9: $0\mem_rdata_q[31:0] [19:15]
     5/9: $0\mem_rdata_q[31:0] [6:0]
     6/9: $0\mem_rdata_q[31:0] [14:12]
     7/9: $0\mem_rdata_q[31:0] [11:8]
     8/9: $0\mem_rdata_q[31:0] [30:25]
     9/9: $0\next_insn_opcode[31:0]
Creating decoders for process `\picorv32a.$proc$riscv.v:384$108'.
     1/5: $3\mem_rdata_word[31:0]
     2/5: $2\mem_rdata_word[31:0]
     3/5: $1\mem_rdata_word[31:0]
     4/5: $1\mem_la_wstrb[3:0]
     5/5: $1\mem_la_wdata[31:0]
Creating decoders for process `\picorv32a.$proc$riscv.v:373$103'.
     1/2: $0\last_mem_valid[0:0]
     2/2: $0\mem_la_firstword_reg[0:0]
Creating decoders for process `\picorv32a.$proc$riscv.v:308$29'.
     1/2: $1\pcpi_int_rd[31:0]
     2/2: $1\pcpi_int_wr[0:0]

8.2.8. Executing PROC_DLATCH pass (convert process syncs to latches).
No latch inferred for signal `\cpu_ram_subsystem_formal.\resetn' from process `\cpu_ram_subsystem_formal.$proc$cpu_ram_subsystem_formal.v:0$1166'.
No latch inferred for signal `\cpu_ram_subsystem_formal.$formal$cpu_ram_subsystem_formal.v:82$1111_CHECK' from process `\cpu_ram_subsystem_formal.$proc$cpu_ram_subsystem_formal.v:82$1148'.
No latch inferred for signal `\cpu_ram_subsystem_formal.$formal$cpu_ram_subsystem_formal.v:82$1111_EN' from process `\cpu_ram_subsystem_formal.$proc$cpu_ram_subsystem_formal.v:82$1148'.
No latch inferred for signal `\cpu_ram_subsystem_formal.$formal$cpu_ram_subsystem_formal.v:83$1112_CHECK' from process `\cpu_ram_subsystem_formal.$proc$cpu_ram_subsystem_formal.v:82$1148'.
No latch inferred for signal `\cpu_ram_subsystem_formal.$formal$cpu_ram_subsystem_formal.v:83$1112_EN' from process `\cpu_ram_subsystem_formal.$proc$cpu_ram_subsystem_formal.v:82$1148'.
No latch inferred for signal `\cpu_ram_subsystem_formal.$formal$cpu_ram_subsystem_formal.v:72$1110_CHECK' from process `\cpu_ram_subsystem_formal.$proc$cpu_ram_subsystem_formal.v:71$1145'.
No latch inferred for signal `\cpu_ram_subsystem_formal.$formal$cpu_ram_subsystem_formal.v:72$1110_EN' from process `\cpu_ram_subsystem_formal.$proc$cpu_ram_subsystem_formal.v:71$1145'.
No latch inferred for signal `\cpu_ram_subsystem_formal.$formal$cpu_ram_subsystem_formal.v:47$1103_CHECK' from process `\cpu_ram_subsystem_formal.$proc$cpu_ram_subsystem_formal.v:47$1122'.
No latch inferred for signal `\cpu_ram_subsystem_formal.$formal$cpu_ram_subsystem_formal.v:47$1103_EN' from process `\cpu_ram_subsystem_formal.$proc$cpu_ram_subsystem_formal.v:47$1122'.
No latch inferred for signal `\cpu_ram_subsystem_formal.$formal$cpu_ram_subsystem_formal.v:49$1104_CHECK' from process `\cpu_ram_subsystem_formal.$proc$cpu_ram_subsystem_formal.v:47$1122'.
No latch inferred for signal `\cpu_ram_subsystem_formal.$formal$cpu_ram_subsystem_formal.v:49$1104_EN' from process `\cpu_ram_subsystem_formal.$proc$cpu_ram_subsystem_formal.v:47$1122'.
No latch inferred for signal `\cpu_ram_subsystem_formal.$formal$cpu_ram_subsystem_formal.v:51$1105_CHECK' from process `\cpu_ram_subsystem_formal.$proc$cpu_ram_subsystem_formal.v:47$1122'.
No latch inferred for signal `\cpu_ram_subsystem_formal.$formal$cpu_ram_subsystem_formal.v:51$1105_EN' from process `\cpu_ram_subsystem_formal.$proc$cpu_ram_subsystem_formal.v:47$1122'.
No latch inferred for signal `\cpu_ram_subsystem_formal.$formal$cpu_ram_subsystem_formal.v:53$1106_CHECK' from process `\cpu_ram_subsystem_formal.$proc$cpu_ram_subsystem_formal.v:47$1122'.
No latch inferred for signal `\cpu_ram_subsystem_formal.$formal$cpu_ram_subsystem_formal.v:53$1106_EN' from process `\cpu_ram_subsystem_formal.$proc$cpu_ram_subsystem_formal.v:47$1122'.
No latch inferred for signal `\cpu_ram_subsystem_formal.$formal$cpu_ram_subsystem_formal.v:55$1107_CHECK' from process `\cpu_ram_subsystem_formal.$proc$cpu_ram_subsystem_formal.v:47$1122'.
No latch inferred for signal `\cpu_ram_subsystem_formal.$formal$cpu_ram_subsystem_formal.v:55$1107_EN' from process `\cpu_ram_subsystem_formal.$proc$cpu_ram_subsystem_formal.v:47$1122'.
No latch inferred for signal `\cpu_ram_subsystem_formal.$formal$cpu_ram_subsystem_formal.v:57$1108_CHECK' from process `\cpu_ram_subsystem_formal.$proc$cpu_ram_subsystem_formal.v:47$1122'.
No latch inferred for signal `\cpu_ram_subsystem_formal.$formal$cpu_ram_subsystem_formal.v:57$1108_EN' from process `\cpu_ram_subsystem_formal.$proc$cpu_ram_subsystem_formal.v:47$1122'.
No latch inferred for signal `\cpu_ram_subsystem_formal.$formal$cpu_ram_subsystem_formal.v:59$1109_CHECK' from process `\cpu_ram_subsystem_formal.$proc$cpu_ram_subsystem_formal.v:47$1122'.
No latch inferred for signal `\cpu_ram_subsystem_formal.$formal$cpu_ram_subsystem_formal.v:59$1109_EN' from process `\cpu_ram_subsystem_formal.$proc$cpu_ram_subsystem_formal.v:47$1122'.
No latch inferred for signal `\cpu_ram_subsystem_formal.\clk' from process `\cpu_ram_subsystem_formal.$proc$cpu_ram_subsystem_formal.v:26$1113'.
Removing init bit 1'0 for non-memory siginal `\cpu_ram_subsystem_formal.\clk` in process `\cpu_ram_subsystem_formal.$proc$cpu_ram_subsystem_formal.v:26$1113`.
No latch inferred for signal `$paramod$73a3980ba8a68177b0617f0f620fd34f6ef3e417\soc_mem_interconnect.\m_ready' from process `$paramod$73a3980ba8a68177b0617f0f620fd34f6ef3e417\soc_mem_interconnect.$proc$soc_mem_interconnect.v:49$1239'.
No latch inferred for signal `$paramod$73a3980ba8a68177b0617f0f620fd34f6ef3e417\soc_mem_interconnect.\m_rdata' from process `$paramod$73a3980ba8a68177b0617f0f620fd34f6ef3e417\soc_mem_interconnect.$proc$soc_mem_interconnect.v:49$1239'.
No latch inferred for signal `$paramod$73a3980ba8a68177b0617f0f620fd34f6ef3e417\soc_mem_interconnect.\ram_valid' from process `$paramod$73a3980ba8a68177b0617f0f620fd34f6ef3e417\soc_mem_interconnect.$proc$soc_mem_interconnect.v:49$1239'.
No latch inferred for signal `$paramod$73a3980ba8a68177b0617f0f620fd34f6ef3e417\soc_mem_interconnect.\ram_write' from process `$paramod$73a3980ba8a68177b0617f0f620fd34f6ef3e417\soc_mem_interconnect.$proc$soc_mem_interconnect.v:49$1239'.
No latch inferred for signal `$paramod$73a3980ba8a68177b0617f0f620fd34f6ef3e417\soc_mem_interconnect.\ram_addr' from process `$paramod$73a3980ba8a68177b0617f0f620fd34f6ef3e417\soc_mem_interconnect.$proc$soc_mem_interconnect.v:49$1239'.
No latch inferred for signal `$paramod$73a3980ba8a68177b0617f0f620fd34f6ef3e417\soc_mem_interconnect.\ram_wdata' from process `$paramod$73a3980ba8a68177b0617f0f620fd34f6ef3e417\soc_mem_interconnect.$proc$soc_mem_interconnect.v:49$1239'.
No latch inferred for signal `$paramod$73a3980ba8a68177b0617f0f620fd34f6ef3e417\soc_mem_interconnect.\ram_strb' from process `$paramod$73a3980ba8a68177b0617f0f620fd34f6ef3e417\soc_mem_interconnect.$proc$soc_mem_interconnect.v:49$1239'.
No latch inferred for signal `$paramod$73a3980ba8a68177b0617f0f620fd34f6ef3e417\soc_mem_interconnect.\gpio_valid' from process `$paramod$73a3980ba8a68177b0617f0f620fd34f6ef3e417\soc_mem_interconnect.$proc$soc_mem_interconnect.v:49$1239'.
No latch inferred for signal `$paramod$73a3980ba8a68177b0617f0f620fd34f6ef3e417\soc_mem_interconnect.\gpio_write' from process `$paramod$73a3980ba8a68177b0617f0f620fd34f6ef3e417\soc_mem_interconnect.$proc$soc_mem_interconnect.v:49$1239'.
No latch inferred for signal `$paramod$73a3980ba8a68177b0617f0f620fd34f6ef3e417\soc_mem_interconnect.\gpio_addr' from process `$paramod$73a3980ba8a68177b0617f0f620fd34f6ef3e417\soc_mem_interconnect.$proc$soc_mem_interconnect.v:49$1239'.
No latch inferred for signal `$paramod$73a3980ba8a68177b0617f0f620fd34f6ef3e417\soc_mem_interconnect.\gpio_wdata' from process `$paramod$73a3980ba8a68177b0617f0f620fd34f6ef3e417\soc_mem_interconnect.$proc$soc_mem_interconnect.v:49$1239'.
No latch inferred for signal `$paramod$73a3980ba8a68177b0617f0f620fd34f6ef3e417\soc_mem_interconnect.\gpio_strb' from process `$paramod$73a3980ba8a68177b0617f0f620fd34f6ef3e417\soc_mem_interconnect.$proc$soc_mem_interconnect.v:49$1239'.
No latch inferred for signal `\picorv32_pcpi_fast_mul.\instr_mul' from process `\picorv32_pcpi_fast_mul.$proc$riscv.v:2276$939'.
No latch inferred for signal `\picorv32_pcpi_fast_mul.\instr_mulh' from process `\picorv32_pcpi_fast_mul.$proc$riscv.v:2276$939'.
No latch inferred for signal `\picorv32_pcpi_fast_mul.\instr_mulhsu' from process `\picorv32_pcpi_fast_mul.$proc$riscv.v:2276$939'.
No latch inferred for signal `\picorv32_pcpi_fast_mul.\instr_mulhu' from process `\picorv32_pcpi_fast_mul.$proc$riscv.v:2276$939'.
No latch inferred for signal `\picorv32a.$formal$riscv.v:2049$19_CHECK' from process `\picorv32a.$proc$riscv.v:2046$739'.
No latch inferred for signal `\picorv32a.$formal$riscv.v:2049$19_EN' from process `\picorv32a.$proc$riscv.v:2046$739'.
No latch inferred for signal `\picorv32a.$formal$riscv.v:2061$20_CHECK' from process `\picorv32a.$proc$riscv.v:2046$739'.
No latch inferred for signal `\picorv32a.$formal$riscv.v:2061$20_EN' from process `\picorv32a.$proc$riscv.v:2046$739'.
Latch inferred for signal `\picorv32a.\ok' from process `\picorv32a.$proc$riscv.v:2046$739': $auto$proc_dlatch.cc:427:proc_dlatch$4578
No latch inferred for signal `\picorv32a.\cpuregs_rs1' from process `\picorv32a.$proc$riscv.v:1320$545'.
No latch inferred for signal `\picorv32a.\cpuregs_rs2' from process `\picorv32a.$proc$riscv.v:1320$545'.
No latch inferred for signal `\picorv32a.\decoded_rs' from process `\picorv32a.$proc$riscv.v:1320$545'.
No latch inferred for signal `\picorv32a.\cpuregs_write' from process `\picorv32a.$proc$riscv.v:1287$524'.
No latch inferred for signal `\picorv32a.\cpuregs_wrdata' from process `\picorv32a.$proc$riscv.v:1287$524'.
No latch inferred for signal `\picorv32a.\clear_prefetched_high_word' from process `\picorv32a.$proc$riscv.v:1273$519'.
No latch inferred for signal `\picorv32a.\alu_out' from process `\picorv32a.$proc$riscv.v:1227$496'.
No latch inferred for signal `\picorv32a.\alu_out_0' from process `\picorv32a.$proc$riscv.v:1227$496'.
No latch inferred for signal `\picorv32a.\dbg_ascii_state' from process `\picorv32a.$proc$riscv.v:1164$484'.
No latch inferred for signal `\picorv32a.\dbg_insn_opcode' from process `\picorv32a.$proc$riscv.v:790$222'.
No latch inferred for signal `\picorv32a.\dbg_ascii_instr' from process `\picorv32a.$proc$riscv.v:790$222'.
No latch inferred for signal `\picorv32a.\dbg_insn_imm' from process `\picorv32a.$proc$riscv.v:790$222'.
No latch inferred for signal `\picorv32a.\dbg_insn_rs1' from process `\picorv32a.$proc$riscv.v:790$222'.
No latch inferred for signal `\picorv32a.\dbg_insn_rs2' from process `\picorv32a.$proc$riscv.v:790$222'.
No latch inferred for signal `\picorv32a.\dbg_insn_rd' from process `\picorv32a.$proc$riscv.v:790$222'.
No latch inferred for signal `\picorv32a.\new_ascii_instr' from process `\picorv32a.$proc$riscv.v:683$217'.
No latch inferred for signal `\picorv32a.\mem_la_wdata' from process `\picorv32a.$proc$riscv.v:384$108'.
No latch inferred for signal `\picorv32a.\mem_la_wstrb' from process `\picorv32a.$proc$riscv.v:384$108'.
No latch inferred for signal `\picorv32a.\mem_rdata_word' from process `\picorv32a.$proc$riscv.v:384$108'.
No latch inferred for signal `\picorv32a.\pcpi_int_wr' from process `\picorv32a.$proc$riscv.v:308$29'.
No latch inferred for signal `\picorv32a.\pcpi_int_rd' from process `\picorv32a.$proc$riscv.v:308$29'.
No latch inferred for signal `\picorv32a.\pcpi_int_wait' from process `\picorv32a.$proc$riscv.v:308$29'.
No latch inferred for signal `\picorv32a.\pcpi_int_ready' from process `\picorv32a.$proc$riscv.v:308$29'.

8.2.9. Executing PROC_DFF pass (convert process syncs to FFs).
Creating register for signal `\cpu_ram_subsystem_formal.$formal$cpu_ram_subsystem_formal.v:35$1102_CHECK' using process `\cpu_ram_subsystem_formal.$proc$cpu_ram_subsystem_formal.v:34$1115'.
  created $dff cell `$procdff$4579' with positive edge clock.
Creating register for signal `\cpu_ram_subsystem_formal.$formal$cpu_ram_subsystem_formal.v:35$1102_EN' using process `\cpu_ram_subsystem_formal.$proc$cpu_ram_subsystem_formal.v:34$1115'.
  created $dff cell `$procdff$4580' with positive edge clock.
Creating register for signal `\picorv32_pcpi_fast_mul.\rs1' using process `\picorv32_pcpi_fast_mul.$proc$riscv.v:2306$946'.
  created $dff cell `$procdff$4581' with positive edge clock.
Creating register for signal `\picorv32_pcpi_fast_mul.\rs2' using process `\picorv32_pcpi_fast_mul.$proc$riscv.v:2306$946'.
  created $dff cell `$procdff$4582' with positive edge clock.
Creating register for signal `\picorv32_pcpi_fast_mul.\shift_out' using process `\picorv32_pcpi_fast_mul.$proc$riscv.v:2306$946'.
  created $dff cell `$procdff$4583' with positive edge clock.
Creating register for signal `\picorv32_pcpi_fast_mul.\active' using process `\picorv32_pcpi_fast_mul.$proc$riscv.v:2306$946'.
  created $dff cell `$procdff$4584' with positive edge clock.
Creating register for signal `\picorv32_pcpi_fast_mul.\rd' using process `\picorv32_pcpi_fast_mul.$proc$riscv.v:2292$941'.
  created $dff cell `$procdff$4585' with positive edge clock.
Creating register for signal `\picorv32_pcpi_fast_mul.\rs1_q' using process `\picorv32_pcpi_fast_mul.$proc$riscv.v:2292$941'.
  created $dff cell `$procdff$4586' with positive edge clock.
Creating register for signal `\picorv32_pcpi_fast_mul.\rs2_q' using process `\picorv32_pcpi_fast_mul.$proc$riscv.v:2292$941'.
  created $dff cell `$procdff$4587' with positive edge clock.
Creating register for signal `\picorv32_pcpi_fast_mul.\rd_q' using process `\picorv32_pcpi_fast_mul.$proc$riscv.v:2292$941'.
  created $dff cell `$procdff$4588' with positive edge clock.
Creating register for signal `\picorv32_pcpi_fast_mul.\pcpi_insn_valid_q' using process `\picorv32_pcpi_fast_mul.$proc$riscv.v:2292$941'.
  created $dff cell `$procdff$4589' with positive edge clock.
Creating register for signal `$paramod$7068ac09caa024df265143630f51c7da53a5c1cd\soc_ram.\ready' using process `$paramod$7068ac09caa024df265143630f51c7da53a5c1cd\soc_ram.$proc$soc_ram.v:30$1173'.
  created $dff cell `$procdff$4590' with positive edge clock.
Creating register for signal `$paramod$7068ac09caa024df265143630f51c7da53a5c1cd\soc_ram.\rdata' using process `$paramod$7068ac09caa024df265143630f51c7da53a5c1cd\soc_ram.$proc$soc_ram.v:30$1173'.
  created $dff cell `$procdff$4591' with positive edge clock.
Creating register for signal `$paramod$7068ac09caa024df265143630f51c7da53a5c1cd\soc_ram.$memwr$\mem$soc_ram.v:47$1169_ADDR' using process `$paramod$7068ac09caa024df265143630f51c7da53a5c1cd\soc_ram.$proc$soc_ram.v:30$1173'.
  created $dff cell `$procdff$4592' with positive edge clock.
Creating register for signal `$paramod$7068ac09caa024df265143630f51c7da53a5c1cd\soc_ram.$memwr$\mem$soc_ram.v:47$1169_DATA' using process `$paramod$7068ac09caa024df265143630f51c7da53a5c1cd\soc_ram.$proc$soc_ram.v:30$1173'.
  created $dff cell `$procdff$4593' with positive edge clock.
Creating register for signal `$paramod$7068ac09caa024df265143630f51c7da53a5c1cd\soc_ram.$memwr$\mem$soc_ram.v:47$1169_EN' using process `$paramod$7068ac09caa024df265143630f51c7da53a5c1cd\soc_ram.$proc$soc_ram.v:30$1173'.
  created $dff cell `$procdff$4594' with positive edge clock.
Creating register for signal `$paramod$7068ac09caa024df265143630f51c7da53a5c1cd\soc_ram.$memwr$\mem$soc_ram.v:50$1170_ADDR' using process `$paramod$7068ac09caa024df265143630f51c7da53a5c1cd\soc_ram.$proc$soc_ram.v:30$1173'.
  created $dff cell `$procdff$4595' with positive edge clock.
Creating register for signal `$paramod$7068ac09caa024df265143630f51c7da53a5c1cd\soc_ram.$memwr$\mem$soc_ram.v:50$1170_DATA' using process `$paramod$7068ac09caa024df265143630f51c7da53a5c1cd\soc_ram.$proc$soc_ram.v:30$1173'.
  created $dff cell `$procdff$4596' with positive edge clock.
Creating register for signal `$paramod$7068ac09caa024df265143630f51c7da53a5c1cd\soc_ram.$memwr$\mem$soc_ram.v:50$1170_EN' using process `$paramod$7068ac09caa024df265143630f51c7da53a5c1cd\soc_ram.$proc$soc_ram.v:30$1173'.
  created $dff cell `$procdff$4597' with positive edge clock.
Creating register for signal `$paramod$7068ac09caa024df265143630f51c7da53a5c1cd\soc_ram.$memwr$\mem$soc_ram.v:53$1171_ADDR' using process `$paramod$7068ac09caa024df265143630f51c7da53a5c1cd\soc_ram.$proc$soc_ram.v:30$1173'.
  created $dff cell `$procdff$4598' with positive edge clock.
Creating register for signal `$paramod$7068ac09caa024df265143630f51c7da53a5c1cd\soc_ram.$memwr$\mem$soc_ram.v:53$1171_DATA' using process `$paramod$7068ac09caa024df265143630f51c7da53a5c1cd\soc_ram.$proc$soc_ram.v:30$1173'.
  created $dff cell `$procdff$4599' with positive edge clock.
Creating register for signal `$paramod$7068ac09caa024df265143630f51c7da53a5c1cd\soc_ram.$memwr$\mem$soc_ram.v:53$1171_EN' using process `$paramod$7068ac09caa024df265143630f51c7da53a5c1cd\soc_ram.$proc$soc_ram.v:30$1173'.
  created $dff cell `$procdff$4600' with positive edge clock.
Creating register for signal `$paramod$7068ac09caa024df265143630f51c7da53a5c1cd\soc_ram.$memwr$\mem$soc_ram.v:56$1172_ADDR' using process `$paramod$7068ac09caa024df265143630f51c7da53a5c1cd\soc_ram.$proc$soc_ram.v:30$1173'.
  created $dff cell `$procdff$4601' with positive edge clock.
Creating register for signal `$paramod$7068ac09caa024df265143630f51c7da53a5c1cd\soc_ram.$memwr$\mem$soc_ram.v:56$1172_DATA' using process `$paramod$7068ac09caa024df265143630f51c7da53a5c1cd\soc_ram.$proc$soc_ram.v:30$1173'.
  created $dff cell `$procdff$4602' with positive edge clock.
Creating register for signal `$paramod$7068ac09caa024df265143630f51c7da53a5c1cd\soc_ram.$memwr$\mem$soc_ram.v:56$1172_EN' using process `$paramod$7068ac09caa024df265143630f51c7da53a5c1cd\soc_ram.$proc$soc_ram.v:30$1173'.
  created $dff cell `$procdff$4603' with positive edge clock.
Creating register for signal `\picorv32a.\alu_add_sub' using process `\picorv32a.$proc$riscv.v:1208$779'.
  created $dff cell `$procdff$4604' with positive edge clock.
Creating register for signal `\picorv32a.\alu_shl' using process `\picorv32a.$proc$riscv.v:1208$779'.
  created $dff cell `$procdff$4605' with positive edge clock.
Creating register for signal `\picorv32a.\alu_shr' using process `\picorv32a.$proc$riscv.v:1208$779'.
  created $dff cell `$procdff$4606' with positive edge clock.
Creating register for signal `\picorv32a.\alu_eq' using process `\picorv32a.$proc$riscv.v:1208$779'.
  created $dff cell `$procdff$4607' with positive edge clock.
Creating register for signal `\picorv32a.\alu_ltu' using process `\picorv32a.$proc$riscv.v:1208$779'.
  created $dff cell `$procdff$4608' with positive edge clock.
Creating register for signal `\picorv32a.\alu_lts' using process `\picorv32a.$proc$riscv.v:1208$779'.
  created $dff cell `$procdff$4609' with positive edge clock.
Creating register for signal `\picorv32a.\last_mem_la_read' using process `\picorv32a.$proc$riscv.v:2072$754'.
  created $dff cell `$procdff$4610' with positive edge clock.
Creating register for signal `\picorv32a.\last_mem_la_write' using process `\picorv32a.$proc$riscv.v:2072$754'.
  created $dff cell `$procdff$4611' with positive edge clock.
Creating register for signal `\picorv32a.\last_mem_la_addr' using process `\picorv32a.$proc$riscv.v:2072$754'.
  created $dff cell `$procdff$4612' with positive edge clock.
Creating register for signal `\picorv32a.\last_mem_la_wdata' using process `\picorv32a.$proc$riscv.v:2072$754'.
  created $dff cell `$procdff$4613' with positive edge clock.
Creating register for signal `\picorv32a.\last_mem_la_wstrb' using process `\picorv32a.$proc$riscv.v:2072$754'.
  created $dff cell `$procdff$4614' with positive edge clock.
Creating register for signal `\picorv32a.$formal$riscv.v:2079$21_CHECK' using process `\picorv32a.$proc$riscv.v:2072$754'.
  created $dff cell `$procdff$4615' with positive edge clock.
Creating register for signal `\picorv32a.$formal$riscv.v:2079$21_EN' using process `\picorv32a.$proc$riscv.v:2072$754'.
  created $dff cell `$procdff$4616' with positive edge clock.
Creating register for signal `\picorv32a.$formal$riscv.v:2080$22_CHECK' using process `\picorv32a.$proc$riscv.v:2072$754'.
  created $dff cell `$procdff$4617' with positive edge clock.
Creating register for signal `\picorv32a.$formal$riscv.v:2080$22_EN' using process `\picorv32a.$proc$riscv.v:2072$754'.
  created $dff cell `$procdff$4618' with positive edge clock.
Creating register for signal `\picorv32a.$formal$riscv.v:2081$23_CHECK' using process `\picorv32a.$proc$riscv.v:2072$754'.
  created $dff cell `$procdff$4619' with positive edge clock.
Creating register for signal `\picorv32a.$formal$riscv.v:2081$23_EN' using process `\picorv32a.$proc$riscv.v:2072$754'.
  created $dff cell `$procdff$4620' with positive edge clock.
Creating register for signal `\picorv32a.$formal$riscv.v:2084$24_CHECK' using process `\picorv32a.$proc$riscv.v:2072$754'.
  created $dff cell `$procdff$4621' with positive edge clock.
Creating register for signal `\picorv32a.$formal$riscv.v:2084$24_EN' using process `\picorv32a.$proc$riscv.v:2072$754'.
  created $dff cell `$procdff$4622' with positive edge clock.
Creating register for signal `\picorv32a.$formal$riscv.v:2085$25_CHECK' using process `\picorv32a.$proc$riscv.v:2072$754'.
  created $dff cell `$procdff$4623' with positive edge clock.
Creating register for signal `\picorv32a.$formal$riscv.v:2085$25_EN' using process `\picorv32a.$proc$riscv.v:2072$754'.
  created $dff cell `$procdff$4624' with positive edge clock.
Creating register for signal `\picorv32a.$formal$riscv.v:2086$26_CHECK' using process `\picorv32a.$proc$riscv.v:2072$754'.
  created $dff cell `$procdff$4625' with positive edge clock.
Creating register for signal `\picorv32a.$formal$riscv.v:2086$26_EN' using process `\picorv32a.$proc$riscv.v:2072$754'.
  created $dff cell `$procdff$4626' with positive edge clock.
Creating register for signal `\picorv32a.$formal$riscv.v:2087$27_CHECK' using process `\picorv32a.$proc$riscv.v:2072$754'.
  created $dff cell `$procdff$4627' with positive edge clock.
Creating register for signal `\picorv32a.$formal$riscv.v:2087$27_EN' using process `\picorv32a.$proc$riscv.v:2072$754'.
  created $dff cell `$procdff$4628' with positive edge clock.
Creating register for signal `\picorv32a.$formal$riscv.v:2090$28_CHECK' using process `\picorv32a.$proc$riscv.v:2072$754'.
  created $dff cell `$procdff$4629' with positive edge clock.
Creating register for signal `\picorv32a.$formal$riscv.v:2090$28_EN' using process `\picorv32a.$proc$riscv.v:2072$754'.
  created $dff cell `$procdff$4630' with positive edge clock.
Creating register for signal `\picorv32a.\last_mem_nowait' using process `\picorv32a.$proc$riscv.v:2033$729'.
  created $dff cell `$procdff$4631' with positive edge clock.
Creating register for signal `\picorv32a.\trap' using process `\picorv32a.$proc$riscv.v:1374$560'.
  created $dff cell `$procdff$4632' with positive edge clock.
Creating register for signal `\picorv32a.\pcpi_valid' using process `\picorv32a.$proc$riscv.v:1374$560'.
  created $dff cell `$procdff$4633' with positive edge clock.
Creating register for signal `\picorv32a.\eoi' using process `\picorv32a.$proc$riscv.v:1374$560'.
  created $dff cell `$procdff$4634' with positive edge clock.
Creating register for signal `\picorv32a.\trace_valid' using process `\picorv32a.$proc$riscv.v:1374$560'.
  created $dff cell `$procdff$4635' with positive edge clock.
Creating register for signal `\picorv32a.\trace_data' using process `\picorv32a.$proc$riscv.v:1374$560'.
  created $dff cell `$procdff$4636' with positive edge clock.
Creating register for signal `\picorv32a.\count_cycle' using process `\picorv32a.$proc$riscv.v:1374$560'.
  created $dff cell `$procdff$4637' with positive edge clock.
Creating register for signal `\picorv32a.\count_instr' using process `\picorv32a.$proc$riscv.v:1374$560'.
  created $dff cell `$procdff$4638' with positive edge clock.
Creating register for signal `\picorv32a.\reg_pc' using process `\picorv32a.$proc$riscv.v:1374$560'.
  created $dff cell `$procdff$4639' with positive edge clock.
Creating register for signal `\picorv32a.\reg_next_pc' using process `\picorv32a.$proc$riscv.v:1374$560'.
  created $dff cell `$procdff$4640' with positive edge clock.
Creating register for signal `\picorv32a.\reg_op1' using process `\picorv32a.$proc$riscv.v:1374$560'.
  created $dff cell `$procdff$4641' with positive edge clock.
Creating register for signal `\picorv32a.\reg_op2' using process `\picorv32a.$proc$riscv.v:1374$560'.
  created $dff cell `$procdff$4642' with positive edge clock.
Creating register for signal `\picorv32a.\reg_out' using process `\picorv32a.$proc$riscv.v:1374$560'.
  created $dff cell `$procdff$4643' with positive edge clock.
Creating register for signal `\picorv32a.\reg_sh' using process `\picorv32a.$proc$riscv.v:1374$560'.
  created $dff cell `$procdff$4644' with positive edge clock.
Creating register for signal `\picorv32a.\irq_delay' using process `\picorv32a.$proc$riscv.v:1374$560'.
  created $dff cell `$procdff$4645' with positive edge clock.
Creating register for signal `\picorv32a.\irq_active' using process `\picorv32a.$proc$riscv.v:1374$560'.
  created $dff cell `$procdff$4646' with positive edge clock.
Creating register for signal `\picorv32a.\irq_mask' using process `\picorv32a.$proc$riscv.v:1374$560'.
  created $dff cell `$procdff$4647' with positive edge clock.
Creating register for signal `\picorv32a.\irq_pending' using process `\picorv32a.$proc$riscv.v:1374$560'.
  created $dff cell `$procdff$4648' with positive edge clock.
Creating register for signal `\picorv32a.\timer' using process `\picorv32a.$proc$riscv.v:1374$560'.
  created $dff cell `$procdff$4649' with positive edge clock.
Creating register for signal `\picorv32a.\mem_wordsize' using process `\picorv32a.$proc$riscv.v:1374$560'.
  created $dff cell `$procdff$4650' with positive edge clock.
Creating register for signal `\picorv32a.\mem_do_prefetch' using process `\picorv32a.$proc$riscv.v:1374$560'.
  created $dff cell `$procdff$4651' with positive edge clock.
Creating register for signal `\picorv32a.\mem_do_rinst' using process `\picorv32a.$proc$riscv.v:1374$560'.
  created $dff cell `$procdff$4652' with positive edge clock.
Creating register for signal `\picorv32a.\mem_do_rdata' using process `\picorv32a.$proc$riscv.v:1374$560'.
  created $dff cell `$procdff$4653' with positive edge clock.
Creating register for signal `\picorv32a.\mem_do_wdata' using process `\picorv32a.$proc$riscv.v:1374$560'.
  created $dff cell `$procdff$4654' with positive edge clock.
Creating register for signal `\picorv32a.\decoder_trigger' using process `\picorv32a.$proc$riscv.v:1374$560'.
  created $dff cell `$procdff$4655' with positive edge clock.
Creating register for signal `\picorv32a.\decoder_trigger_q' using process `\picorv32a.$proc$riscv.v:1374$560'.
  created $dff cell `$procdff$4656' with positive edge clock.
Creating register for signal `\picorv32a.\decoder_pseudo_trigger' using process `\picorv32a.$proc$riscv.v:1374$560'.
  created $dff cell `$procdff$4657' with positive edge clock.
Creating register for signal `\picorv32a.\decoder_pseudo_trigger_q' using process `\picorv32a.$proc$riscv.v:1374$560'.
  created $dff cell `$procdff$4658' with positive edge clock.
Creating register for signal `\picorv32a.\dbg_rs1val' using process `\picorv32a.$proc$riscv.v:1374$560'.
  created $dff cell `$procdff$4659' with positive edge clock.
Creating register for signal `\picorv32a.\dbg_rs2val' using process `\picorv32a.$proc$riscv.v:1374$560'.
  created $dff cell `$procdff$4660' with positive edge clock.
Creating register for signal `\picorv32a.\dbg_rs1val_valid' using process `\picorv32a.$proc$riscv.v:1374$560'.
  created $dff cell `$procdff$4661' with positive edge clock.
Creating register for signal `\picorv32a.\dbg_rs2val_valid' using process `\picorv32a.$proc$riscv.v:1374$560'.
  created $dff cell `$procdff$4662' with positive edge clock.
Creating register for signal `\picorv32a.\cpu_state' using process `\picorv32a.$proc$riscv.v:1374$560'.
  created $dff cell `$procdff$4663' with positive edge clock.
Creating register for signal `\picorv32a.\irq_state' using process `\picorv32a.$proc$riscv.v:1374$560'.
  created $dff cell `$procdff$4664' with positive edge clock.
Creating register for signal `\picorv32a.\set_mem_do_rinst' using process `\picorv32a.$proc$riscv.v:1374$560'.
  created $dff cell `$procdff$4665' with positive edge clock.
Creating register for signal `\picorv32a.\set_mem_do_rdata' using process `\picorv32a.$proc$riscv.v:1374$560'.
  created $dff cell `$procdff$4666' with positive edge clock.
Creating register for signal `\picorv32a.\set_mem_do_wdata' using process `\picorv32a.$proc$riscv.v:1374$560'.
  created $dff cell `$procdff$4667' with positive edge clock.
Creating register for signal `\picorv32a.\latched_store' using process `\picorv32a.$proc$riscv.v:1374$560'.
  created $dff cell `$procdff$4668' with positive edge clock.
Creating register for signal `\picorv32a.\latched_stalu' using process `\picorv32a.$proc$riscv.v:1374$560'.
  created $dff cell `$procdff$4669' with positive edge clock.
Creating register for signal `\picorv32a.\latched_branch' using process `\picorv32a.$proc$riscv.v:1374$560'.
  created $dff cell `$procdff$4670' with positive edge clock.
Creating register for signal `\picorv32a.\latched_compr' using process `\picorv32a.$proc$riscv.v:1374$560'.
  created $dff cell `$procdff$4671' with positive edge clock.
Creating register for signal `\picorv32a.\latched_trace' using process `\picorv32a.$proc$riscv.v:1374$560'.
  created $dff cell `$procdff$4672' with positive edge clock.
Creating register for signal `\picorv32a.\latched_is_lu' using process `\picorv32a.$proc$riscv.v:1374$560'.
  created $dff cell `$procdff$4673' with positive edge clock.
Creating register for signal `\picorv32a.\latched_is_lh' using process `\picorv32a.$proc$riscv.v:1374$560'.
  created $dff cell `$procdff$4674' with positive edge clock.
Creating register for signal `\picorv32a.\latched_is_lb' using process `\picorv32a.$proc$riscv.v:1374$560'.
  created $dff cell `$procdff$4675' with positive edge clock.
Creating register for signal `\picorv32a.\latched_rd' using process `\picorv32a.$proc$riscv.v:1374$560'.
  created $dff cell `$procdff$4676' with positive edge clock.
Creating register for signal `\picorv32a.\current_pc' using process `\picorv32a.$proc$riscv.v:1374$560'.
  created $dff cell `$procdff$4677' with positive edge clock.
Creating register for signal `\picorv32a.\pcpi_timeout_counter' using process `\picorv32a.$proc$riscv.v:1374$560'.
  created $dff cell `$procdff$4678' with positive edge clock.
Creating register for signal `\picorv32a.\pcpi_timeout' using process `\picorv32a.$proc$riscv.v:1374$560'.
  created $dff cell `$procdff$4679' with positive edge clock.
Creating register for signal `\picorv32a.\next_irq_pending' using process `\picorv32a.$proc$riscv.v:1374$560'.
  created $dff cell `$procdff$4680' with positive edge clock.
Creating register for signal `\picorv32a.\do_waitirq' using process `\picorv32a.$proc$riscv.v:1374$560'.
  created $dff cell `$procdff$4681' with positive edge clock.
Creating register for signal `\picorv32a.\alu_out_q' using process `\picorv32a.$proc$riscv.v:1374$560'.
  created $dff cell `$procdff$4682' with positive edge clock.
Creating register for signal `\picorv32a.\alu_out_0_q' using process `\picorv32a.$proc$riscv.v:1374$560'.
  created $dff cell `$procdff$4683' with positive edge clock.
Creating register for signal `\picorv32a.\alu_wait' using process `\picorv32a.$proc$riscv.v:1374$560'.
  created $dff cell `$procdff$4684' with positive edge clock.
Creating register for signal `\picorv32a.\alu_wait_2' using process `\picorv32a.$proc$riscv.v:1374$560'.
  created $dff cell `$procdff$4685' with positive edge clock.
Creating register for signal `\picorv32a.$memwr$\cpuregs$riscv.v:1317$18_ADDR' using process `\picorv32a.$proc$riscv.v:1315$536'.
  created $dff cell `$procdff$4686' with positive edge clock.
Creating register for signal `\picorv32a.$memwr$\cpuregs$riscv.v:1317$18_DATA' using process `\picorv32a.$proc$riscv.v:1315$536'.
  created $dff cell `$procdff$4687' with positive edge clock.
Creating register for signal `\picorv32a.$memwr$\cpuregs$riscv.v:1317$18_EN' using process `\picorv32a.$proc$riscv.v:1315$536'.
  created $dff cell `$procdff$4688' with positive edge clock.
Creating register for signal `\picorv32a.\clear_prefetched_high_word_q' using process `\picorv32a.$proc$riscv.v:1271$518'.
  created $dff cell `$procdff$4689' with positive edge clock.
Creating register for signal `\picorv32a.\pcpi_insn' using process `\picorv32a.$proc$riscv.v:839$224'.
  created $dff cell `$procdff$4690' with positive edge clock.
Creating register for signal `\picorv32a.\instr_lui' using process `\picorv32a.$proc$riscv.v:839$224'.
  created $dff cell `$procdff$4691' with positive edge clock.
Creating register for signal `\picorv32a.\instr_auipc' using process `\picorv32a.$proc$riscv.v:839$224'.
  created $dff cell `$procdff$4692' with positive edge clock.
Creating register for signal `\picorv32a.\instr_jal' using process `\picorv32a.$proc$riscv.v:839$224'.
  created $dff cell `$procdff$4693' with positive edge clock.
Creating register for signal `\picorv32a.\instr_jalr' using process `\picorv32a.$proc$riscv.v:839$224'.
  created $dff cell `$procdff$4694' with positive edge clock.
Creating register for signal `\picorv32a.\instr_beq' using process `\picorv32a.$proc$riscv.v:839$224'.
  created $dff cell `$procdff$4695' with positive edge clock.
Creating register for signal `\picorv32a.\instr_bne' using process `\picorv32a.$proc$riscv.v:839$224'.
  created $dff cell `$procdff$4696' with positive edge clock.
Creating register for signal `\picorv32a.\instr_blt' using process `\picorv32a.$proc$riscv.v:839$224'.
  created $dff cell `$procdff$4697' with positive edge clock.
Creating register for signal `\picorv32a.\instr_bge' using process `\picorv32a.$proc$riscv.v:839$224'.
  created $dff cell `$procdff$4698' with positive edge clock.
Creating register for signal `\picorv32a.\instr_bltu' using process `\picorv32a.$proc$riscv.v:839$224'.
  created $dff cell `$procdff$4699' with positive edge clock.
Creating register for signal `\picorv32a.\instr_bgeu' using process `\picorv32a.$proc$riscv.v:839$224'.
  created $dff cell `$procdff$4700' with positive edge clock.
Creating register for signal `\picorv32a.\instr_lb' using process `\picorv32a.$proc$riscv.v:839$224'.
  created $dff cell `$procdff$4701' with positive edge clock.
Creating register for signal `\picorv32a.\instr_lh' using process `\picorv32a.$proc$riscv.v:839$224'.
  created $dff cell `$procdff$4702' with positive edge clock.
Creating register for signal `\picorv32a.\instr_lw' using process `\picorv32a.$proc$riscv.v:839$224'.
  created $dff cell `$procdff$4703' with positive edge clock.
Creating register for signal `\picorv32a.\instr_lbu' using process `\picorv32a.$proc$riscv.v:839$224'.
  created $dff cell `$procdff$4704' with positive edge clock.
Creating register for signal `\picorv32a.\instr_lhu' using process `\picorv32a.$proc$riscv.v:839$224'.
  created $dff cell `$procdff$4705' with positive edge clock.
Creating register for signal `\picorv32a.\instr_sb' using process `\picorv32a.$proc$riscv.v:839$224'.
  created $dff cell `$procdff$4706' with positive edge clock.
Creating register for signal `\picorv32a.\instr_sh' using process `\picorv32a.$proc$riscv.v:839$224'.
  created $dff cell `$procdff$4707' with positive edge clock.
Creating register for signal `\picorv32a.\instr_sw' using process `\picorv32a.$proc$riscv.v:839$224'.
  created $dff cell `$procdff$4708' with positive edge clock.
Creating register for signal `\picorv32a.\instr_addi' using process `\picorv32a.$proc$riscv.v:839$224'.
  created $dff cell `$procdff$4709' with positive edge clock.
Creating register for signal `\picorv32a.\instr_slti' using process `\picorv32a.$proc$riscv.v:839$224'.
  created $dff cell `$procdff$4710' with positive edge clock.
Creating register for signal `\picorv32a.\instr_sltiu' using process `\picorv32a.$proc$riscv.v:839$224'.
  created $dff cell `$procdff$4711' with positive edge clock.
Creating register for signal `\picorv32a.\instr_xori' using process `\picorv32a.$proc$riscv.v:839$224'.
  created $dff cell `$procdff$4712' with positive edge clock.
Creating register for signal `\picorv32a.\instr_ori' using process `\picorv32a.$proc$riscv.v:839$224'.
  created $dff cell `$procdff$4713' with positive edge clock.
Creating register for signal `\picorv32a.\instr_andi' using process `\picorv32a.$proc$riscv.v:839$224'.
  created $dff cell `$procdff$4714' with positive edge clock.
Creating register for signal `\picorv32a.\instr_slli' using process `\picorv32a.$proc$riscv.v:839$224'.
  created $dff cell `$procdff$4715' with positive edge clock.
Creating register for signal `\picorv32a.\instr_srli' using process `\picorv32a.$proc$riscv.v:839$224'.
  created $dff cell `$procdff$4716' with positive edge clock.
Creating register for signal `\picorv32a.\instr_srai' using process `\picorv32a.$proc$riscv.v:839$224'.
  created $dff cell `$procdff$4717' with positive edge clock.
Creating register for signal `\picorv32a.\instr_add' using process `\picorv32a.$proc$riscv.v:839$224'.
  created $dff cell `$procdff$4718' with positive edge clock.
Creating register for signal `\picorv32a.\instr_sub' using process `\picorv32a.$proc$riscv.v:839$224'.
  created $dff cell `$procdff$4719' with positive edge clock.
Creating register for signal `\picorv32a.\instr_sll' using process `\picorv32a.$proc$riscv.v:839$224'.
  created $dff cell `$procdff$4720' with positive edge clock.
Creating register for signal `\picorv32a.\instr_slt' using process `\picorv32a.$proc$riscv.v:839$224'.
  created $dff cell `$procdff$4721' with positive edge clock.
Creating register for signal `\picorv32a.\instr_sltu' using process `\picorv32a.$proc$riscv.v:839$224'.
  created $dff cell `$procdff$4722' with positive edge clock.
Creating register for signal `\picorv32a.\instr_xor' using process `\picorv32a.$proc$riscv.v:839$224'.
  created $dff cell `$procdff$4723' with positive edge clock.
Creating register for signal `\picorv32a.\instr_srl' using process `\picorv32a.$proc$riscv.v:839$224'.
  created $dff cell `$procdff$4724' with positive edge clock.
Creating register for signal `\picorv32a.\instr_sra' using process `\picorv32a.$proc$riscv.v:839$224'.
  created $dff cell `$procdff$4725' with positive edge clock.
Creating register for signal `\picorv32a.\instr_or' using process `\picorv32a.$proc$riscv.v:839$224'.
  created $dff cell `$procdff$4726' with positive edge clock.
Creating register for signal `\picorv32a.\instr_and' using process `\picorv32a.$proc$riscv.v:839$224'.
  created $dff cell `$procdff$4727' with positive edge clock.
Creating register for signal `\picorv32a.\instr_rdcycle' using process `\picorv32a.$proc$riscv.v:839$224'.
  created $dff cell `$procdff$4728' with positive edge clock.
Creating register for signal `\picorv32a.\instr_rdcycleh' using process `\picorv32a.$proc$riscv.v:839$224'.
  created $dff cell `$procdff$4729' with positive edge clock.
Creating register for signal `\picorv32a.\instr_rdinstr' using process `\picorv32a.$proc$riscv.v:839$224'.
  created $dff cell `$procdff$4730' with positive edge clock.
Creating register for signal `\picorv32a.\instr_rdinstrh' using process `\picorv32a.$proc$riscv.v:839$224'.
  created $dff cell `$procdff$4731' with positive edge clock.
Creating register for signal `\picorv32a.\instr_ecall_ebreak' using process `\picorv32a.$proc$riscv.v:839$224'.
  created $dff cell `$procdff$4732' with positive edge clock.
Creating register for signal `\picorv32a.\instr_getq' using process `\picorv32a.$proc$riscv.v:839$224'.
  created $dff cell `$procdff$4733' with positive edge clock.
Creating register for signal `\picorv32a.\instr_setq' using process `\picorv32a.$proc$riscv.v:839$224'.
  created $dff cell `$procdff$4734' with positive edge clock.
Creating register for signal `\picorv32a.\instr_retirq' using process `\picorv32a.$proc$riscv.v:839$224'.
  created $dff cell `$procdff$4735' with positive edge clock.
Creating register for signal `\picorv32a.\instr_maskirq' using process `\picorv32a.$proc$riscv.v:839$224'.
  created $dff cell `$procdff$4736' with positive edge clock.
Creating register for signal `\picorv32a.\instr_waitirq' using process `\picorv32a.$proc$riscv.v:839$224'.
  created $dff cell `$procdff$4737' with positive edge clock.
Creating register for signal `\picorv32a.\instr_timer' using process `\picorv32a.$proc$riscv.v:839$224'.
  created $dff cell `$procdff$4738' with positive edge clock.
Creating register for signal `\picorv32a.\decoded_rd' using process `\picorv32a.$proc$riscv.v:839$224'.
  created $dff cell `$procdff$4739' with positive edge clock.
Creating register for signal `\picorv32a.\decoded_rs1' using process `\picorv32a.$proc$riscv.v:839$224'.
  created $dff cell `$procdff$4740' with positive edge clock.
Creating register for signal `\picorv32a.\decoded_rs2' using process `\picorv32a.$proc$riscv.v:839$224'.
  created $dff cell `$procdff$4741' with positive edge clock.
Creating register for signal `\picorv32a.\decoded_imm' using process `\picorv32a.$proc$riscv.v:839$224'.
  created $dff cell `$procdff$4742' with positive edge clock.
Creating register for signal `\picorv32a.\decoded_imm_uj' using process `\picorv32a.$proc$riscv.v:839$224'.
  created $dff cell `$procdff$4743' with positive edge clock.
Creating register for signal `\picorv32a.\compressed_instr' using process `\picorv32a.$proc$riscv.v:839$224'.
  created $dff cell `$procdff$4744' with positive edge clock.
Creating register for signal `\picorv32a.\is_lui_auipc_jal' using process `\picorv32a.$proc$riscv.v:839$224'.
  created $dff cell `$procdff$4745' with positive edge clock.
Creating register for signal `\picorv32a.\is_lb_lh_lw_lbu_lhu' using process `\picorv32a.$proc$riscv.v:839$224'.
  created $dff cell `$procdff$4746' with positive edge clock.
Creating register for signal `\picorv32a.\is_slli_srli_srai' using process `\picorv32a.$proc$riscv.v:839$224'.
  created $dff cell `$procdff$4747' with positive edge clock.
Creating register for signal `\picorv32a.\is_jalr_addi_slti_sltiu_xori_ori_andi' using process `\picorv32a.$proc$riscv.v:839$224'.
  created $dff cell `$procdff$4748' with positive edge clock.
Creating register for signal `\picorv32a.\is_sb_sh_sw' using process `\picorv32a.$proc$riscv.v:839$224'.
  created $dff cell `$procdff$4749' with positive edge clock.
Creating register for signal `\picorv32a.\is_sll_srl_sra' using process `\picorv32a.$proc$riscv.v:839$224'.
  created $dff cell `$procdff$4750' with positive edge clock.
Creating register for signal `\picorv32a.\is_lui_auipc_jal_jalr_addi_add_sub' using process `\picorv32a.$proc$riscv.v:839$224'.
  created $dff cell `$procdff$4751' with positive edge clock.
Creating register for signal `\picorv32a.\is_slti_blt_slt' using process `\picorv32a.$proc$riscv.v:839$224'.
  created $dff cell `$procdff$4752' with positive edge clock.
Creating register for signal `\picorv32a.\is_sltiu_bltu_sltu' using process `\picorv32a.$proc$riscv.v:839$224'.
  created $dff cell `$procdff$4753' with positive edge clock.
Creating register for signal `\picorv32a.\is_beq_bne_blt_bge_bltu_bgeu' using process `\picorv32a.$proc$riscv.v:839$224'.
  created $dff cell `$procdff$4754' with positive edge clock.
Creating register for signal `\picorv32a.\is_lbu_lhu_lw' using process `\picorv32a.$proc$riscv.v:839$224'.
  created $dff cell `$procdff$4755' with positive edge clock.
Creating register for signal `\picorv32a.\is_alu_reg_imm' using process `\picorv32a.$proc$riscv.v:839$224'.
  created $dff cell `$procdff$4756' with positive edge clock.
Creating register for signal `\picorv32a.\is_alu_reg_reg' using process `\picorv32a.$proc$riscv.v:839$224'.
  created $dff cell `$procdff$4757' with positive edge clock.
Creating register for signal `\picorv32a.\is_compare' using process `\picorv32a.$proc$riscv.v:839$224'.
  created $dff cell `$procdff$4758' with positive edge clock.
Creating register for signal `\picorv32a.\dbg_insn_addr' using process `\picorv32a.$proc$riscv.v:759$218'.
  created $dff cell `$procdff$4759' with positive edge clock.
Creating register for signal `\picorv32a.\q_ascii_instr' using process `\picorv32a.$proc$riscv.v:759$218'.
  created $dff cell `$procdff$4760' with positive edge clock.
Creating register for signal `\picorv32a.\q_insn_imm' using process `\picorv32a.$proc$riscv.v:759$218'.
  created $dff cell `$procdff$4761' with positive edge clock.
Creating register for signal `\picorv32a.\q_insn_opcode' using process `\picorv32a.$proc$riscv.v:759$218'.
  created $dff cell `$procdff$4762' with positive edge clock.
Creating register for signal `\picorv32a.\q_insn_rs1' using process `\picorv32a.$proc$riscv.v:759$218'.
  created $dff cell `$procdff$4763' with positive edge clock.
Creating register for signal `\picorv32a.\q_insn_rs2' using process `\picorv32a.$proc$riscv.v:759$218'.
  created $dff cell `$procdff$4764' with positive edge clock.
Creating register for signal `\picorv32a.\q_insn_rd' using process `\picorv32a.$proc$riscv.v:759$218'.
  created $dff cell `$procdff$4765' with positive edge clock.
Creating register for signal `\picorv32a.\dbg_next' using process `\picorv32a.$proc$riscv.v:759$218'.
  created $dff cell `$procdff$4766' with positive edge clock.
Creating register for signal `\picorv32a.\dbg_valid_insn' using process `\picorv32a.$proc$riscv.v:759$218'.
  created $dff cell `$procdff$4767' with positive edge clock.
Creating register for signal `\picorv32a.\cached_ascii_instr' using process `\picorv32a.$proc$riscv.v:759$218'.
  created $dff cell `$procdff$4768' with positive edge clock.
Creating register for signal `\picorv32a.\cached_insn_imm' using process `\picorv32a.$proc$riscv.v:759$218'.
  created $dff cell `$procdff$4769' with positive edge clock.
Creating register for signal `\picorv32a.\cached_insn_opcode' using process `\picorv32a.$proc$riscv.v:759$218'.
  created $dff cell `$procdff$4770' with positive edge clock.
Creating register for signal `\picorv32a.\cached_insn_rs1' using process `\picorv32a.$proc$riscv.v:759$218'.
  created $dff cell `$procdff$4771' with positive edge clock.
Creating register for signal `\picorv32a.\cached_insn_rs2' using process `\picorv32a.$proc$riscv.v:759$218'.
  created $dff cell `$procdff$4772' with positive edge clock.
Creating register for signal `\picorv32a.\cached_insn_rd' using process `\picorv32a.$proc$riscv.v:759$218'.
  created $dff cell `$procdff$4773' with positive edge clock.
Creating register for signal `\picorv32a.\mem_valid' using process `\picorv32a.$proc$riscv.v:548$168'.
  created $dff cell `$procdff$4774' with positive edge clock.
Creating register for signal `\picorv32a.\mem_instr' using process `\picorv32a.$proc$riscv.v:548$168'.
  created $dff cell `$procdff$4775' with positive edge clock.
Creating register for signal `\picorv32a.\mem_addr' using process `\picorv32a.$proc$riscv.v:548$168'.
  created $dff cell `$procdff$4776' with positive edge clock.
Creating register for signal `\picorv32a.\mem_wdata' using process `\picorv32a.$proc$riscv.v:548$168'.
  created $dff cell `$procdff$4777' with positive edge clock.
Creating register for signal `\picorv32a.\mem_wstrb' using process `\picorv32a.$proc$riscv.v:548$168'.
  created $dff cell `$procdff$4778' with positive edge clock.
Creating register for signal `\picorv32a.\mem_state' using process `\picorv32a.$proc$riscv.v:548$168'.
  created $dff cell `$procdff$4779' with positive edge clock.
Creating register for signal `\picorv32a.\mem_la_secondword' using process `\picorv32a.$proc$riscv.v:548$168'.
  created $dff cell `$procdff$4780' with positive edge clock.
Creating register for signal `\picorv32a.\prefetched_high_word' using process `\picorv32a.$proc$riscv.v:548$168'.
  created $dff cell `$procdff$4781' with positive edge clock.
Creating register for signal `\picorv32a.\mem_16bit_buffer' using process `\picorv32a.$proc$riscv.v:548$168'.
  created $dff cell `$procdff$4782' with positive edge clock.
Creating register for signal `\picorv32a.$formal$riscv.v:578$10_CHECK' using process `\picorv32a.$proc$riscv.v:548$168'.
  created $dff cell `$procdff$4783' with positive edge clock.
Creating register for signal `\picorv32a.$formal$riscv.v:578$10_EN' using process `\picorv32a.$proc$riscv.v:548$168'.
  created $dff cell `$procdff$4784' with positive edge clock.
Creating register for signal `\picorv32a.$formal$riscv.v:579$11_CHECK' using process `\picorv32a.$proc$riscv.v:548$168'.
  created $dff cell `$procdff$4785' with positive edge clock.
Creating register for signal `\picorv32a.$formal$riscv.v:579$11_EN' using process `\picorv32a.$proc$riscv.v:548$168'.
  created $dff cell `$procdff$4786' with positive edge clock.
Creating register for signal `\picorv32a.$formal$riscv.v:580$12_CHECK' using process `\picorv32a.$proc$riscv.v:548$168'.
  created $dff cell `$procdff$4787' with positive edge clock.
Creating register for signal `\picorv32a.$formal$riscv.v:580$12_EN' using process `\picorv32a.$proc$riscv.v:548$168'.
  created $dff cell `$procdff$4788' with positive edge clock.
Creating register for signal `\picorv32a.$formal$riscv.v:581$13_CHECK' using process `\picorv32a.$proc$riscv.v:548$168'.
  created $dff cell `$procdff$4789' with positive edge clock.
Creating register for signal `\picorv32a.$formal$riscv.v:581$13_EN' using process `\picorv32a.$proc$riscv.v:548$168'.
  created $dff cell `$procdff$4790' with positive edge clock.
Creating register for signal `\picorv32a.$formal$riscv.v:604$14_CHECK' using process `\picorv32a.$proc$riscv.v:548$168'.
  created $dff cell `$procdff$4791' with positive edge clock.
Creating register for signal `\picorv32a.$formal$riscv.v:604$14_EN' using process `\picorv32a.$proc$riscv.v:548$168'.
  created $dff cell `$procdff$4792' with positive edge clock.
Creating register for signal `\picorv32a.$formal$riscv.v:605$15_CHECK' using process `\picorv32a.$proc$riscv.v:548$168'.
  created $dff cell `$procdff$4793' with positive edge clock.
Creating register for signal `\picorv32a.$formal$riscv.v:605$15_EN' using process `\picorv32a.$proc$riscv.v:548$168'.
  created $dff cell `$procdff$4794' with positive edge clock.
Creating register for signal `\picorv32a.$formal$riscv.v:612$16_CHECK' using process `\picorv32a.$proc$riscv.v:548$168'.
  created $dff cell `$procdff$4795' with positive edge clock.
Creating register for signal `\picorv32a.$formal$riscv.v:612$16_EN' using process `\picorv32a.$proc$riscv.v:548$168'.
  created $dff cell `$procdff$4796' with positive edge clock.
Creating register for signal `\picorv32a.$formal$riscv.v:613$17_CHECK' using process `\picorv32a.$proc$riscv.v:548$168'.
  created $dff cell `$procdff$4797' with positive edge clock.
Creating register for signal `\picorv32a.$formal$riscv.v:613$17_EN' using process `\picorv32a.$proc$riscv.v:548$168'.
  created $dff cell `$procdff$4798' with positive edge clock.
Creating register for signal `\picorv32a.$formal$riscv.v:531$5_CHECK' using process `\picorv32a.$proc$riscv.v:529$140'.
  created $dff cell `$procdff$4799' with positive edge clock.
Creating register for signal `\picorv32a.$formal$riscv.v:531$5_EN' using process `\picorv32a.$proc$riscv.v:529$140'.
  created $dff cell `$procdff$4800' with positive edge clock.
Creating register for signal `\picorv32a.$formal$riscv.v:534$6_CHECK' using process `\picorv32a.$proc$riscv.v:529$140'.
  created $dff cell `$procdff$4801' with positive edge clock.
Creating register for signal `\picorv32a.$formal$riscv.v:534$6_EN' using process `\picorv32a.$proc$riscv.v:529$140'.
  created $dff cell `$procdff$4802' with positive edge clock.
Creating register for signal `\picorv32a.$formal$riscv.v:537$7_CHECK' using process `\picorv32a.$proc$riscv.v:529$140'.
  created $dff cell `$procdff$4803' with positive edge clock.
Creating register for signal `\picorv32a.$formal$riscv.v:537$7_EN' using process `\picorv32a.$proc$riscv.v:529$140'.
  created $dff cell `$procdff$4804' with positive edge clock.
Creating register for signal `\picorv32a.$formal$riscv.v:540$8_CHECK' using process `\picorv32a.$proc$riscv.v:529$140'.
  created $dff cell `$procdff$4805' with positive edge clock.
Creating register for signal `\picorv32a.$formal$riscv.v:540$8_EN' using process `\picorv32a.$proc$riscv.v:529$140'.
  created $dff cell `$procdff$4806' with positive edge clock.
Creating register for signal `\picorv32a.$formal$riscv.v:543$9_CHECK' using process `\picorv32a.$proc$riscv.v:529$140'.
  created $dff cell `$procdff$4807' with positive edge clock.
Creating register for signal `\picorv32a.$formal$riscv.v:543$9_EN' using process `\picorv32a.$proc$riscv.v:529$140'.
  created $dff cell `$procdff$4808' with positive edge clock.
Creating register for signal `\picorv32a.\next_insn_opcode' using process `\picorv32a.$proc$riscv.v:413$111'.
  created $dff cell `$procdff$4809' with positive edge clock.
Creating register for signal `\picorv32a.\mem_rdata_q' using process `\picorv32a.$proc$riscv.v:413$111'.
  created $dff cell `$procdff$4810' with positive edge clock.
Creating register for signal `\picorv32a.\mem_la_firstword_reg' using process `\picorv32a.$proc$riscv.v:373$103'.
  created $dff cell `$procdff$4811' with positive edge clock.
Creating register for signal `\picorv32a.\last_mem_valid' using process `\picorv32a.$proc$riscv.v:373$103'.
  created $dff cell `$procdff$4812' with positive edge clock.

8.2.10. Executing PROC_MEMWR pass (convert process memory writes to cells).

8.2.11. Executing PROC_CLEAN pass (remove empty switches from decision trees).
Removing empty process `cpu_ram_subsystem_formal.$proc$cpu_ram_subsystem_formal.v:0$1167'.
Removing empty process `cpu_ram_subsystem_formal.$proc$cpu_ram_subsystem_formal.v:0$1166'.
Removing empty process `cpu_ram_subsystem_formal.$proc$cpu_ram_subsystem_formal.v:82$1148'.
Found and cleaned up 1 empty switch in `\cpu_ram_subsystem_formal.$proc$cpu_ram_subsystem_formal.v:71$1145'.
Removing empty process `cpu_ram_subsystem_formal.$proc$cpu_ram_subsystem_formal.v:71$1145'.
Removing empty process `cpu_ram_subsystem_formal.$proc$cpu_ram_subsystem_formal.v:47$1122'.
Found and cleaned up 1 empty switch in `\cpu_ram_subsystem_formal.$proc$cpu_ram_subsystem_formal.v:34$1115'.
Removing empty process `cpu_ram_subsystem_formal.$proc$cpu_ram_subsystem_formal.v:34$1115'.
Removing empty process `cpu_ram_subsystem_formal.$proc$cpu_ram_subsystem_formal.v:26$1113'.
Found and cleaned up 2 empty switches in `$paramod$73a3980ba8a68177b0617f0f620fd34f6ef3e417\soc_mem_interconnect.$proc$soc_mem_interconnect.v:49$1239'.
Removing empty process `$paramod$73a3980ba8a68177b0617f0f620fd34f6ef3e417\soc_mem_interconnect.$proc$soc_mem_interconnect.v:49$1239'.
Found and cleaned up 4 empty switches in `\picorv32_pcpi_fast_mul.$proc$riscv.v:2306$946'.
Removing empty process `picorv32_pcpi_fast_mul.$proc$riscv.v:2306$946'.
Found and cleaned up 3 empty switches in `\picorv32_pcpi_fast_mul.$proc$riscv.v:2292$941'.
Removing empty process `picorv32_pcpi_fast_mul.$proc$riscv.v:2292$941'.
Found and cleaned up 2 empty switches in `\picorv32_pcpi_fast_mul.$proc$riscv.v:2276$939'.
Removing empty process `picorv32_pcpi_fast_mul.$proc$riscv.v:2276$939'.
Found and cleaned up 7 empty switches in `$paramod$7068ac09caa024df265143630f51c7da53a5c1cd\soc_ram.$proc$soc_ram.v:30$1173'.
Removing empty process `$paramod$7068ac09caa024df265143630f51c7da53a5c1cd\soc_ram.$proc$soc_ram.v:30$1173'.
Removing empty process `picorv32a.$proc$riscv.v:0$855'.
Removing empty process `picorv32a.$proc$riscv.v:0$853'.
Removing empty process `picorv32a.$proc$riscv.v:0$851'.
Removing empty process `picorv32a.$proc$riscv.v:0$849'.
Removing empty process `picorv32a.$proc$riscv.v:0$847'.
Removing empty process `picorv32a.$proc$riscv.v:0$845'.
Removing empty process `picorv32a.$proc$riscv.v:0$843'.
Removing empty process `picorv32a.$proc$riscv.v:0$841'.
Removing empty process `picorv32a.$proc$riscv.v:0$839'.
Removing empty process `picorv32a.$proc$riscv.v:0$837'.
Removing empty process `picorv32a.$proc$riscv.v:0$835'.
Removing empty process `picorv32a.$proc$riscv.v:0$833'.
Removing empty process `picorv32a.$proc$riscv.v:0$831'.
Removing empty process `picorv32a.$proc$riscv.v:0$829'.
Removing empty process `picorv32a.$proc$riscv.v:0$827'.
Removing empty process `picorv32a.$proc$riscv.v:0$825'.
Removing empty process `picorv32a.$proc$riscv.v:0$823'.
Removing empty process `picorv32a.$proc$riscv.v:0$821'.
Removing empty process `picorv32a.$proc$riscv.v:0$819'.
Removing empty process `picorv32a.$proc$riscv.v:0$817'.
Removing empty process `picorv32a.$proc$riscv.v:2070$816'.
Removing empty process `picorv32a.$proc$riscv.v:2067$815'.
Removing empty process `picorv32a.$proc$riscv.v:2066$814'.
Removing empty process `picorv32a.$proc$riscv.v:0$857'.
Removing empty process `picorv32a.$proc$riscv.v:1208$779'.
Found and cleaned up 3 empty switches in `\picorv32a.$proc$riscv.v:2072$754'.
Removing empty process `picorv32a.$proc$riscv.v:2072$754'.
Found and cleaned up 10 empty switches in `\picorv32a.$proc$riscv.v:2046$739'.
Removing empty process `picorv32a.$proc$riscv.v:2046$739'.
Removing empty process `picorv32a.$proc$riscv.v:2033$729'.
Found and cleaned up 55 empty switches in `\picorv32a.$proc$riscv.v:1374$560'.
Removing empty process `picorv32a.$proc$riscv.v:1374$560'.
Removing empty process `picorv32a.$proc$riscv.v:1320$545'.
Found and cleaned up 1 empty switch in `\picorv32a.$proc$riscv.v:1315$536'.
Removing empty process `picorv32a.$proc$riscv.v:1315$536'.
Found and cleaned up 2 empty switches in `\picorv32a.$proc$riscv.v:1287$524'.
Removing empty process `picorv32a.$proc$riscv.v:1287$524'.
Found and cleaned up 2 empty switches in `\picorv32a.$proc$riscv.v:1273$519'.
Removing empty process `picorv32a.$proc$riscv.v:1273$519'.
Removing empty process `picorv32a.$proc$riscv.v:1271$518'.
Found and cleaned up 2 empty switches in `\picorv32a.$proc$riscv.v:1227$496'.
Removing empty process `picorv32a.$proc$riscv.v:1227$496'.
Found and cleaned up 8 empty switches in `\picorv32a.$proc$riscv.v:1164$484'.
Removing empty process `picorv32a.$proc$riscv.v:1164$484'.
Found and cleaned up 22 empty switches in `\picorv32a.$proc$riscv.v:839$224'.
Removing empty process `picorv32a.$proc$riscv.v:839$224'.
Found and cleaned up 3 empty switches in `\picorv32a.$proc$riscv.v:790$222'.
Removing empty process `picorv32a.$proc$riscv.v:790$222'.
Found and cleaned up 5 empty switches in `\picorv32a.$proc$riscv.v:759$218'.
Removing empty process `picorv32a.$proc$riscv.v:759$218'.
Found and cleaned up 47 empty switches in `\picorv32a.$proc$riscv.v:683$217'.
Removing empty process `picorv32a.$proc$riscv.v:683$217'.
Found and cleaned up 16 empty switches in `\picorv32a.$proc$riscv.v:548$168'.
Removing empty process `picorv32a.$proc$riscv.v:548$168'.
Found and cleaned up 6 empty switches in `\picorv32a.$proc$riscv.v:529$140'.
Removing empty process `picorv32a.$proc$riscv.v:529$140'.
Found and cleaned up 19 empty switches in `\picorv32a.$proc$riscv.v:413$111'.
Removing empty process `picorv32a.$proc$riscv.v:413$111'.
Found and cleaned up 3 empty switches in `\picorv32a.$proc$riscv.v:384$108'.
Removing empty process `picorv32a.$proc$riscv.v:384$108'.
Found and cleaned up 2 empty switches in `\picorv32a.$proc$riscv.v:373$103'.
Removing empty process `picorv32a.$proc$riscv.v:373$103'.
Found and cleaned up 1 empty switch in `\picorv32a.$proc$riscv.v:308$29'.
Removing empty process `picorv32a.$proc$riscv.v:308$29'.
Cleaned up 227 empty switches.

8.2.12. Executing OPT_EXPR pass (perform const folding).
Optimizing module cpu_ram_subsystem_formal.
<suppressed ~11 debug messages>
Optimizing module $paramod$c2a3448081698d2bf6d9917f598cb2fe8a9f281e\cpu_ram_subsystem.
Optimizing module $paramod$73a3980ba8a68177b0617f0f620fd34f6ef3e417\cpu_bus_adapter.
Optimizing module $paramod$73a3980ba8a68177b0617f0f620fd34f6ef3e417\soc_mem_interconnect.
<suppressed ~3 debug messages>
Optimizing module picorv32_pcpi_fast_mul.
<suppressed ~12 debug messages>
Optimizing module $paramod$7068ac09caa024df265143630f51c7da53a5c1cd\soc_ram.
Optimizing module ptb.
Optimizing module picorv32a.
<suppressed ~541 debug messages>

8.3. Executing OPT_EXPR pass (perform const folding).
Optimizing module cpu_ram_subsystem_formal.
Optimizing module $paramod$c2a3448081698d2bf6d9917f598cb2fe8a9f281e\cpu_ram_subsystem.
Optimizing module $paramod$73a3980ba8a68177b0617f0f620fd34f6ef3e417\cpu_bus_adapter.
Optimizing module $paramod$73a3980ba8a68177b0617f0f620fd34f6ef3e417\soc_mem_interconnect.
Optimizing module picorv32_pcpi_fast_mul.
Optimizing module $paramod$7068ac09caa024df265143630f51c7da53a5c1cd\soc_ram.
Optimizing module ptb.
Optimizing module picorv32a.

8.4. Executing OPT_CLEAN pass (remove unused cells and wires).
Finding unused cells or wires in module \cpu_ram_subsystem_formal..
Finding unused cells or wires in module $paramod$c2a3448081698d2bf6d9917f598cb2fe8a9f281e\cpu_ram_subsystem..
Finding unused cells or wires in module $paramod$73a3980ba8a68177b0617f0f620fd34f6ef3e417\cpu_bus_adapter..
Finding unused cells or wires in module $paramod$73a3980ba8a68177b0617f0f620fd34f6ef3e417\soc_mem_interconnect..
Finding unused cells or wires in module \picorv32_pcpi_fast_mul..
Finding unused cells or wires in module $paramod$7068ac09caa024df265143630f51c7da53a5c1cd\soc_ram..
Finding unused cells or wires in module \ptb..
Finding unused cells or wires in module \picorv32a..
Removed 504 unused cells and 2316 unused wires.
<suppressed ~539 debug messages>

8.5. Executing CHECK pass (checking for obvious problems).
Checking module $paramod$7068ac09caa024df265143630f51c7da53a5c1cd\soc_ram...
Checking module $paramod$73a3980ba8a68177b0617f0f620fd34f6ef3e417\cpu_bus_adapter...
Checking module $paramod$73a3980ba8a68177b0617f0f620fd34f6ef3e417\soc_mem_interconnect...
Checking module $paramod$c2a3448081698d2bf6d9917f598cb2fe8a9f281e\cpu_ram_subsystem...
Checking module cpu_ram_subsystem_formal...
Warning: Wire cpu_ram_subsystem_formal.\clk is used but has no driver.
Warning: Wire cpu_ram_subsystem_formal.\dut.u_ram.reset is used but has no driver.
Warning: Wire cpu_ram_subsystem_formal.\dut.gpio_rdata is used but has no driver.
Warning: Wire cpu_ram_subsystem_formal.\dut.gpio_ready is used but has no driver.
Warning: Wire cpu_ram_subsystem_formal.\dut.m_rdata is used but has no driver.
Warning: Wire cpu_ram_subsystem_formal.\dut.mem_rdata is used but has no driver.
Warning: Wire cpu_ram_subsystem_formal.\dut.m_ready is used but has no driver.
Warning: Wire cpu_ram_subsystem_formal.\dut.mem_ready is used but has no driver.
Warning: Wire cpu_ram_subsystem_formal.\dut.m_strb is used but has no driver.
Warning: Wire cpu_ram_subsystem_formal.\dut.mem_wdata is used but has no driver.
Warning: Wire cpu_ram_subsystem_formal.\dut.m_wdata is used but has no driver.
Warning: Wire cpu_ram_subsystem_formal.\dut.mem_addr is used but has no driver.
Warning: Wire cpu_ram_subsystem_formal.\dut.m_addr is used but has no driver.
Warning: Wire cpu_ram_subsystem_formal.\dut.mem_wstrb is used but has no driver.
Warning: Wire cpu_ram_subsystem_formal.\dut.m_write is used but has no driver.
Warning: Wire cpu_ram_subsystem_formal.\dut.mem_valid is used but has no driver.
Warning: Wire cpu_ram_subsystem_formal.\dut.m_valid is used but has no driver.
Warning: Wire cpu_ram_subsystem_formal.\dut.ram_valid is used but has no driver.
Checking module picorv32_pcpi_fast_mul...
Checking module picorv32a...
Checking module ptb...
Found and reported 18 problems.

8.6. Executing OPT pass (performing simple optimizations).

8.6.1. Executing OPT_EXPR pass (perform const folding).
Optimizing module $paramod$7068ac09caa024df265143630f51c7da53a5c1cd\soc_ram.
Optimizing module $paramod$73a3980ba8a68177b0617f0f620fd34f6ef3e417\cpu_bus_adapter.
Optimizing module $paramod$73a3980ba8a68177b0617f0f620fd34f6ef3e417\soc_mem_interconnect.
Optimizing module $paramod$c2a3448081698d2bf6d9917f598cb2fe8a9f281e\cpu_ram_subsystem.
Optimizing module cpu_ram_subsystem_formal.
Optimizing module picorv32_pcpi_fast_mul.
Optimizing module picorv32a.
Optimizing module ptb.

8.6.2. Executing OPT_MERGE pass (detect identical cells).
Finding identical cells in module `$paramod$7068ac09caa024df265143630f51c7da53a5c1cd\soc_ram'.
Finding identical cells in module `$paramod$73a3980ba8a68177b0617f0f620fd34f6ef3e417\cpu_bus_adapter'.
Finding identical cells in module `$paramod$73a3980ba8a68177b0617f0f620fd34f6ef3e417\soc_mem_interconnect'.
Finding identical cells in module `$paramod$c2a3448081698d2bf6d9917f598cb2fe8a9f281e\cpu_ram_subsystem'.
Finding identical cells in module `\cpu_ram_subsystem_formal'.
Finding identical cells in module `\picorv32_pcpi_fast_mul'.
Finding identical cells in module `\picorv32a'.
<suppressed ~918 debug messages>
Finding identical cells in module `\ptb'.
Removed a total of 306 cells.

8.6.3. Executing OPT_MUXTREE pass (detect dead branches in mux trees).
Running muxtree optimizer on module $paramod$7068ac09caa024df265143630f51c7da53a5c1cd\soc_ram..
  Creating internal representation of mux trees.
  Evaluating internal representation of mux trees.
  Analyzing evaluation results.
    dead port 2/2 on $mux $procmux$1404.
    dead port 2/2 on $mux $procmux$1406.
    dead port 1/2 on $mux $procmux$1409.
    dead port 2/2 on $mux $procmux$1416.
    dead port 2/2 on $mux $procmux$1418.
    dead port 1/2 on $mux $procmux$1421.
    dead port 2/2 on $mux $procmux$1428.
    dead port 2/2 on $mux $procmux$1430.
    dead port 1/2 on $mux $procmux$1433.
    dead port 2/2 on $mux $procmux$1440.
    dead port 2/2 on $mux $procmux$1442.
    dead port 1/2 on $mux $procmux$1445.
    dead port 2/2 on $mux $procmux$1452.
    dead port 2/2 on $mux $procmux$1454.
    dead port 1/2 on $mux $procmux$1457.
    dead port 2/2 on $mux $procmux$1464.
    dead port 2/2 on $mux $procmux$1466.
    dead port 1/2 on $mux $procmux$1469.
    dead port 2/2 on $mux $procmux$1476.
    dead port 2/2 on $mux $procmux$1478.
    dead port 1/2 on $mux $procmux$1481.
    dead port 2/2 on $mux $procmux$1488.
    dead port 2/2 on $mux $procmux$1490.
    dead port 1/2 on $mux $procmux$1493.
    dead port 2/2 on $mux $procmux$1500.
    dead port 2/2 on $mux $procmux$1502.
    dead port 1/2 on $mux $procmux$1505.
    dead port 2/2 on $mux $procmux$1512.
    dead port 2/2 on $mux $procmux$1514.
    dead port 1/2 on $mux $procmux$1517.
    dead port 2/2 on $mux $procmux$1524.
    dead port 2/2 on $mux $procmux$1526.
    dead port 1/2 on $mux $procmux$1529.
    dead port 2/2 on $mux $procmux$1536.
    dead port 2/2 on $mux $procmux$1538.
    dead port 1/2 on $mux $procmux$1541.
    dead port 2/2 on $mux $procmux$1547.
    dead port 1/2 on $mux $procmux$1550.
    dead port 2/2 on $mux $procmux$1556.
    dead port 1/2 on $mux $procmux$1559.
    dead port 2/2 on $mux $procmux$1565.
    dead port 1/2 on $mux $procmux$1568.
    dead port 2/2 on $mux $procmux$1574.
    dead port 1/2 on $mux $procmux$1577.
    dead port 2/2 on $mux $procmux$1583.
    dead port 1/2 on $mux $procmux$1586.
    dead port 2/2 on $mux $procmux$1592.
    dead port 1/2 on $mux $procmux$1595.
    dead port 2/2 on $mux $procmux$1601.
    dead port 1/2 on $mux $procmux$1604.
    dead port 2/2 on $mux $procmux$1610.
    dead port 1/2 on $mux $procmux$1613.
    dead port 2/2 on $mux $procmux$1619.
    dead port 1/2 on $mux $procmux$1622.
    dead port 2/2 on $mux $procmux$1628.
    dead port 1/2 on $mux $procmux$1631.
    dead port 2/2 on $mux $procmux$1637.
    dead port 1/2 on $mux $procmux$1640.
    dead port 2/2 on $mux $procmux$1646.
    dead port 1/2 on $mux $procmux$1649.
    dead port 1/2 on $mux $procmux$1655.
    dead port 1/2 on $mux $procmux$1661.
    dead port 1/2 on $mux $procmux$1667.
    dead port 1/2 on $mux $procmux$1673.
    dead port 1/2 on $mux $procmux$1679.
    dead port 1/2 on $mux $procmux$1685.
    dead port 1/2 on $mux $procmux$1691.
    dead port 1/2 on $mux $procmux$1697.
    dead port 1/2 on $mux $procmux$1703.
    dead port 1/2 on $mux $procmux$1709.
    dead port 1/2 on $mux $procmux$1715.
    dead port 1/2 on $mux $procmux$1721.
Running muxtree optimizer on module $paramod$73a3980ba8a68177b0617f0f620fd34f6ef3e417\cpu_bus_adapter..
  Creating internal representation of mux trees.
  No muxes found in this module.
Running muxtree optimizer on module $paramod$73a3980ba8a68177b0617f0f620fd34f6ef3e417\soc_mem_interconnect..
  Creating internal representation of mux trees.
  Evaluating internal representation of mux trees.
  Analyzing evaluation results.
    dead port 1/2 on $mux $procmux$1256.
    dead port 1/2 on $mux $procmux$1262.
    dead port 1/2 on $mux $procmux$1268.
    dead port 1/2 on $mux $procmux$1274.
    dead port 1/2 on $mux $procmux$1280.
    dead port 1/2 on $mux $procmux$1286.
    dead port 1/2 on $mux $procmux$1292.
Running muxtree optimizer on module $paramod$c2a3448081698d2bf6d9917f598cb2fe8a9f281e\cpu_ram_subsystem..
  Creating internal representation of mux trees.
  No muxes found in this module.
Running muxtree optimizer on module \cpu_ram_subsystem_formal..
  Creating internal representation of mux trees.
  Evaluating internal representation of mux trees.
  Analyzing evaluation results.
Running muxtree optimizer on module \picorv32_pcpi_fast_mul..
  Creating internal representation of mux trees.
  Evaluating internal representation of mux trees.
  Analyzing evaluation results.
    dead port 2/2 on $mux $procmux$1364.
    dead port 2/2 on $mux $procmux$1370.
    dead port 2/2 on $mux $procmux$1377.
    dead port 2/2 on $mux $procmux$1385.
Running muxtree optimizer on module \picorv32a..
  Creating internal representation of mux trees.
  Evaluating internal representation of mux trees.
  Analyzing evaluation results.
    dead port 2/2 on $mux $procmux$1877.
    dead port 2/2 on $mux $procmux$1887.
    dead port 2/2 on $mux $procmux$1889.
    dead port 2/2 on $mux $procmux$1895.
    dead port 2/2 on $mux $procmux$1902.
    dead port 2/2 on $mux $procmux$1904.
    dead port 2/2 on $mux $procmux$1910.
    dead port 2/2 on $mux $procmux$1926.
    dead port 2/2 on $mux $procmux$1932.
    dead port 2/2 on $mux $procmux$1935.
    dead port 2/2 on $mux $procmux$1948.
    dead port 2/2 on $mux $procmux$1955.
    dead port 2/2 on $mux $procmux$1958.
    dead port 2/2 on $mux $procmux$1971.
    dead port 1/2 on $mux $procmux$1981.
    dead port 2/2 on $mux $procmux$1983.
    dead port 2/2 on $mux $procmux$1986.
    dead port 2/2 on $mux $procmux$1995.
    dead port 2/2 on $mux $procmux$1998.
    dead port 2/2 on $mux $procmux$2006.
    dead port 2/2 on $mux $procmux$2008.
    dead port 2/2 on $mux $procmux$2011.
    dead port 1/2 on $mux $procmux$2025.
    dead port 2/2 on $mux $procmux$2027.
    dead port 2/2 on $mux $procmux$2029.
    dead port 2/2 on $mux $procmux$2032.
    dead port 2/2 on $mux $procmux$2045.
    dead port 2/2 on $mux $procmux$2047.
    dead port 2/2 on $mux $procmux$2050.
    dead port 2/2 on $mux $procmux$2062.
    dead port 2/2 on $mux $procmux$2065.
    dead port 2/2 on $mux $procmux$2072.
    dead port 2/2 on $mux $procmux$2074.
    dead port 2/2 on $mux $procmux$2077.
    dead port 2/2 on $mux $procmux$2087.
    dead port 1/2 on $mux $procmux$2090.
    dead port 2/2 on $mux $procmux$2092.
    dead port 2/2 on $mux $procmux$2095.
    dead port 2/2 on $mux $procmux$2109.
    dead port 1/2 on $mux $procmux$2112.
    dead port 2/2 on $mux $procmux$2114.
    dead port 2/2 on $mux $procmux$2116.
    dead port 2/2 on $mux $procmux$2119.
    dead port 2/2 on $mux $procmux$2131.
    dead port 2/2 on $mux $procmux$2134.
    dead port 2/2 on $mux $procmux$2177.
    dead port 2/2 on $mux $procmux$2190.
    dead port 2/2 on $mux $procmux$2203.
    dead port 2/2 on $mux $procmux$2243.
    dead port 1/4 on $pmux $procmux$2341.
    dead port 1/4 on $pmux $procmux$2363.
    dead port 1/4 on $pmux $procmux$2710.
    dead port 2/11 on $pmux $procmux$2725.
    dead port 1/4 on $pmux $procmux$2873.
    dead port 2/2 on $mux $procmux$3232.
    dead port 2/2 on $mux $procmux$3241.
    dead port 2/2 on $mux $procmux$3823.
    dead port 2/2 on $mux $procmux$3829.
    dead port 2/2 on $mux $procmux$3835.
    dead port 2/2 on $mux $procmux$3847.
    dead port 2/2 on $mux $procmux$3853.
    dead port 2/2 on $mux $procmux$4527.
    dead port 2/2 on $mux $procmux$4534.
    dead port 2/3 on $pmux $procmux$4561.
    dead port 3/3 on $pmux $procmux$4561.
    dead port 2/2 on $mux $procmux$4566.
Running muxtree optimizer on module \ptb..
  Creating internal representation of mux trees.
  No muxes found in this module.
Removed 149 multiplexer ports.
<suppressed ~263 debug messages>

8.6.4. Executing OPT_REDUCE pass (consolidate $*mux and $reduce_* inputs).
  Optimizing cells in module $paramod$7068ac09caa024df265143630f51c7da53a5c1cd\soc_ram.
    Consolidated identical input bits for $mux cell $procmux$1402:
      Old ports: A=0, B=32'11111111000000000000000000000000, Y=$procmux$1402_Y
      New ports: A=1'0, B=1'1, Y=$procmux$1402_Y [24]
      New connections: { $procmux$1402_Y [31:25] $procmux$1402_Y [23:0] } = { $procmux$1402_Y [24] $procmux$1402_Y [24] $procmux$1402_Y [24] $procmux$1402_Y [24] $procmux$1402_Y [24] $procmux$1402_Y [24] $procmux$1402_Y [24] 24'000000000000000000000000 }
    Consolidated identical input bits for $mux cell $procmux$1474:
      Old ports: A=0, B=65280, Y=$procmux$1474_Y
      New ports: A=1'0, B=1'1, Y=$procmux$1474_Y [8]
      New connections: { $procmux$1474_Y [31:9] $procmux$1474_Y [7:0] } = { 16'0000000000000000 $procmux$1474_Y [8] $procmux$1474_Y [8] $procmux$1474_Y [8] $procmux$1474_Y [8] $procmux$1474_Y [8] $procmux$1474_Y [8] $procmux$1474_Y [8] 8'00000000 }
    Consolidated identical input bits for $mux cell $procmux$1438:
      Old ports: A=0, B=16711680, Y=$procmux$1438_Y
      New ports: A=1'0, B=1'1, Y=$procmux$1438_Y [16]
      New connections: { $procmux$1438_Y [31:17] $procmux$1438_Y [15:0] } = { 8'00000000 $procmux$1438_Y [16] $procmux$1438_Y [16] $procmux$1438_Y [16] $procmux$1438_Y [16] $procmux$1438_Y [16] $procmux$1438_Y [16] $procmux$1438_Y [16] 16'0000000000000000 }
    Consolidated identical input bits for $mux cell $procmux$1510:
      Old ports: A=0, B=255, Y=$procmux$1510_Y
      New ports: A=1'0, B=1'1, Y=$procmux$1510_Y [0]
      New connections: $procmux$1510_Y [31:1] = { 24'000000000000000000000000 $procmux$1510_Y [0] $procmux$1510_Y [0] $procmux$1510_Y [0] $procmux$1510_Y [0] $procmux$1510_Y [0] $procmux$1510_Y [0] $procmux$1510_Y [0] }
  Optimizing cells in module $paramod$7068ac09caa024df265143630f51c7da53a5c1cd\soc_ram.
    Consolidated identical input bits for $mux cell $procmux$1599:
      Old ports: A=0, B=$4$memwr$\mem$soc_ram.v:50$1170_EN[31:0]$1227, Y=$procmux$1599_Y
      New ports: A=1'0, B=$procmux$1474_Y [8], Y=$procmux$1599_Y [8]
      New connections: { $procmux$1599_Y [31:9] $procmux$1599_Y [7:0] } = { 16'0000000000000000 $procmux$1599_Y [8] $procmux$1599_Y [8] $procmux$1599_Y [8] $procmux$1599_Y [8] $procmux$1599_Y [8] $procmux$1599_Y [8] $procmux$1599_Y [8] 8'00000000 }
    Consolidated identical input bits for $mux cell $procmux$1626:
      Old ports: A=0, B=$4$memwr$\mem$soc_ram.v:47$1169_EN[31:0]$1224, Y=$procmux$1626_Y
      New ports: A=1'0, B=$procmux$1510_Y [0], Y=$procmux$1626_Y [0]
      New connections: $procmux$1626_Y [31:1] = { 24'000000000000000000000000 $procmux$1626_Y [0] $procmux$1626_Y [0] $procmux$1626_Y [0] $procmux$1626_Y [0] $procmux$1626_Y [0] $procmux$1626_Y [0] $procmux$1626_Y [0] }
    Consolidated identical input bits for $mux cell $procmux$1545:
      Old ports: A=0, B=$4$memwr$\mem$soc_ram.v:56$1172_EN[31:0]$1233, Y=$procmux$1545_Y
      New ports: A=1'0, B=$procmux$1402_Y [24], Y=$procmux$1545_Y [24]
      New connections: { $procmux$1545_Y [31:25] $procmux$1545_Y [23:0] } = { $procmux$1545_Y [24] $procmux$1545_Y [24] $procmux$1545_Y [24] $procmux$1545_Y [24] $procmux$1545_Y [24] $procmux$1545_Y [24] $procmux$1545_Y [24] 24'000000000000000000000000 }
    Consolidated identical input bits for $mux cell $procmux$1572:
      Old ports: A=0, B=$4$memwr$\mem$soc_ram.v:53$1171_EN[31:0]$1230, Y=$procmux$1572_Y
      New ports: A=1'0, B=$procmux$1438_Y [16], Y=$procmux$1572_Y [16]
      New connections: { $procmux$1572_Y [31:17] $procmux$1572_Y [15:0] } = { 8'00000000 $procmux$1572_Y [16] $procmux$1572_Y [16] $procmux$1572_Y [16] $procmux$1572_Y [16] $procmux$1572_Y [16] $procmux$1572_Y [16] $procmux$1572_Y [16] 16'0000000000000000 }
  Optimizing cells in module $paramod$7068ac09caa024df265143630f51c7da53a5c1cd\soc_ram.
    Consolidated identical input bits for $mux cell $procmux$1652:
      Old ports: A=0, B=$3$memwr$\mem$soc_ram.v:56$1172_EN[31:0]$1221, Y=$procmux$1652_Y
      New ports: A=1'0, B=$procmux$1545_Y [24], Y=$procmux$1652_Y [24]
      New connections: { $procmux$1652_Y [31:25] $procmux$1652_Y [23:0] } = { $procmux$1652_Y [24] $procmux$1652_Y [24] $procmux$1652_Y [24] $procmux$1652_Y [24] $procmux$1652_Y [24] $procmux$1652_Y [24] $procmux$1652_Y [24] 24'000000000000000000000000 }
    Consolidated identical input bits for $mux cell $procmux$1670:
      Old ports: A=0, B=$3$memwr$\mem$soc_ram.v:53$1171_EN[31:0]$1218, Y=$procmux$1670_Y
      New ports: A=1'0, B=$procmux$1572_Y [16], Y=$procmux$1670_Y [16]
      New connections: { $procmux$1670_Y [31:17] $procmux$1670_Y [15:0] } = { 8'00000000 $procmux$1670_Y [16] $procmux$1670_Y [16] $procmux$1670_Y [16] $procmux$1670_Y [16] $procmux$1670_Y [16] $procmux$1670_Y [16] $procmux$1670_Y [16] 16'0000000000000000 }
    Consolidated identical input bits for $mux cell $procmux$1688:
      Old ports: A=0, B=$3$memwr$\mem$soc_ram.v:50$1170_EN[31:0]$1215, Y=$procmux$1688_Y
      New ports: A=1'0, B=$procmux$1599_Y [8], Y=$procmux$1688_Y [8]
      New connections: { $procmux$1688_Y [31:9] $procmux$1688_Y [7:0] } = { 16'0000000000000000 $procmux$1688_Y [8] $procmux$1688_Y [8] $procmux$1688_Y [8] $procmux$1688_Y [8] $procmux$1688_Y [8] $procmux$1688_Y [8] $procmux$1688_Y [8] 8'00000000 }
    Consolidated identical input bits for $mux cell $procmux$1706:
      Old ports: A=0, B=$3$memwr$\mem$soc_ram.v:47$1169_EN[31:0]$1212, Y=$procmux$1706_Y
      New ports: A=1'0, B=$procmux$1626_Y [0], Y=$procmux$1706_Y [0]
      New connections: $procmux$1706_Y [31:1] = { 24'000000000000000000000000 $procmux$1706_Y [0] $procmux$1706_Y [0] $procmux$1706_Y [0] $procmux$1706_Y [0] $procmux$1706_Y [0] $procmux$1706_Y [0] $procmux$1706_Y [0] }
  Optimizing cells in module $paramod$7068ac09caa024df265143630f51c7da53a5c1cd\soc_ram.
    Consolidated identical input bits for $mux cell $procmux$1730:
      Old ports: A=$2$memwr$\mem$soc_ram.v:56$1172_EN[31:0]$1209, B=0, Y=$0$memwr$\mem$soc_ram.v:56$1172_EN[31:0]$1185
      New ports: A=$procmux$1652_Y [24], B=1'0, Y=$0$memwr$\mem$soc_ram.v:56$1172_EN[31:0]$1185 [24]
      New connections: { $0$memwr$\mem$soc_ram.v:56$1172_EN[31:0]$1185 [31:25] $0$memwr$\mem$soc_ram.v:56$1172_EN[31:0]$1185 [23:0] } = { $0$memwr$\mem$soc_ram.v:56$1172_EN[31:0]$1185 [24] $0$memwr$\mem$soc_ram.v:56$1172_EN[31:0]$1185 [24] $0$memwr$\mem$soc_ram.v:56$1172_EN[31:0]$1185 [24] $0$memwr$\mem$soc_ram.v:56$1172_EN[31:0]$1185 [24] $0$memwr$\mem$soc_ram.v:56$1172_EN[31:0]$1185 [24] $0$memwr$\mem$soc_ram.v:56$1172_EN[31:0]$1185 [24] $0$memwr$\mem$soc_ram.v:56$1172_EN[31:0]$1185 [24] 24'000000000000000000000000 }
    Consolidated identical input bits for $mux cell $procmux$1739:
      Old ports: A=$2$memwr$\mem$soc_ram.v:53$1171_EN[31:0]$1206, B=0, Y=$0$memwr$\mem$soc_ram.v:53$1171_EN[31:0]$1182
      New ports: A=$procmux$1670_Y [16], B=1'0, Y=$0$memwr$\mem$soc_ram.v:53$1171_EN[31:0]$1182 [16]
      New connections: { $0$memwr$\mem$soc_ram.v:53$1171_EN[31:0]$1182 [31:17] $0$memwr$\mem$soc_ram.v:53$1171_EN[31:0]$1182 [15:0] } = { 8'00000000 $0$memwr$\mem$soc_ram.v:53$1171_EN[31:0]$1182 [16] $0$memwr$\mem$soc_ram.v:53$1171_EN[31:0]$1182 [16] $0$memwr$\mem$soc_ram.v:53$1171_EN[31:0]$1182 [16] $0$memwr$\mem$soc_ram.v:53$1171_EN[31:0]$1182 [16] $0$memwr$\mem$soc_ram.v:53$1171_EN[31:0]$1182 [16] $0$memwr$\mem$soc_ram.v:53$1171_EN[31:0]$1182 [16] $0$memwr$\mem$soc_ram.v:53$1171_EN[31:0]$1182 [16] 16'0000000000000000 }
    Consolidated identical input bits for $mux cell $procmux$1748:
      Old ports: A=$2$memwr$\mem$soc_ram.v:50$1170_EN[31:0]$1203, B=0, Y=$0$memwr$\mem$soc_ram.v:50$1170_EN[31:0]$1179
      New ports: A=$procmux$1688_Y [8], B=1'0, Y=$0$memwr$\mem$soc_ram.v:50$1170_EN[31:0]$1179 [8]
      New connections: { $0$memwr$\mem$soc_ram.v:50$1170_EN[31:0]$1179 [31:9] $0$memwr$\mem$soc_ram.v:50$1170_EN[31:0]$1179 [7:0] } = { 16'0000000000000000 $0$memwr$\mem$soc_ram.v:50$1170_EN[31:0]$1179 [8] $0$memwr$\mem$soc_ram.v:50$1170_EN[31:0]$1179 [8] $0$memwr$\mem$soc_ram.v:50$1170_EN[31:0]$1179 [8] $0$memwr$\mem$soc_ram.v:50$1170_EN[31:0]$1179 [8] $0$memwr$\mem$soc_ram.v:50$1170_EN[31:0]$1179 [8] $0$memwr$\mem$soc_ram.v:50$1170_EN[31:0]$1179 [8] $0$memwr$\mem$soc_ram.v:50$1170_EN[31:0]$1179 [8] 8'00000000 }
    Consolidated identical input bits for $mux cell $procmux$1757:
      Old ports: A=$2$memwr$\mem$soc_ram.v:47$1169_EN[31:0]$1200, B=0, Y=$0$memwr$\mem$soc_ram.v:47$1169_EN[31:0]$1176
      New ports: A=$procmux$1706_Y [0], B=1'0, Y=$0$memwr$\mem$soc_ram.v:47$1169_EN[31:0]$1176 [0]
      New connections: $0$memwr$\mem$soc_ram.v:47$1169_EN[31:0]$1176 [31:1] = { 24'000000000000000000000000 $0$memwr$\mem$soc_ram.v:47$1169_EN[31:0]$1176 [0] $0$memwr$\mem$soc_ram.v:47$1169_EN[31:0]$1176 [0] $0$memwr$\mem$soc_ram.v:47$1169_EN[31:0]$1176 [0] $0$memwr$\mem$soc_ram.v:47$1169_EN[31:0]$1176 [0] $0$memwr$\mem$soc_ram.v:47$1169_EN[31:0]$1176 [0] $0$memwr$\mem$soc_ram.v:47$1169_EN[31:0]$1176 [0] $0$memwr$\mem$soc_ram.v:47$1169_EN[31:0]$1176 [0] }
  Optimizing cells in module $paramod$7068ac09caa024df265143630f51c7da53a5c1cd\soc_ram.
  Optimizing cells in module $paramod$73a3980ba8a68177b0617f0f620fd34f6ef3e417\cpu_bus_adapter.
  Optimizing cells in module $paramod$73a3980ba8a68177b0617f0f620fd34f6ef3e417\soc_mem_interconnect.
  Optimizing cells in module $paramod$c2a3448081698d2bf6d9917f598cb2fe8a9f281e\cpu_ram_subsystem.
  Optimizing cells in module \cpu_ram_subsystem_formal.
  Optimizing cells in module \picorv32_pcpi_fast_mul.
  Optimizing cells in module \picorv32a.
    New ctrl vector for $pmux cell $procmux$1916: { $eq$riscv.v:1167$486_Y $auto$opt_reduce.cc:134:opt_pmux$4819 }
    New ctrl vector for $pmux cell $procmux$1938: { $eq$riscv.v:1167$486_Y $eq$riscv.v:1169$488_Y $auto$opt_reduce.cc:134:opt_pmux$4821 }
    New ctrl vector for $pmux cell $procmux$1961: { $eq$riscv.v:1167$486_Y $auto$opt_reduce.cc:134:opt_pmux$4823 }
    New ctrl vector for $pmux cell $procmux$2167: { $eq$riscv.v:1172$491_Y $auto$opt_reduce.cc:134:opt_pmux$4825 }
    New ctrl vector for $pmux cell $procmux$2180: { $auto$opt_reduce.cc:134:opt_pmux$4827 $eq$riscv.v:1173$492_Y }
    New ctrl vector for $pmux cell $procmux$2193: { $eq$riscv.v:1170$489_Y $auto$opt_reduce.cc:134:opt_pmux$4829 }
    New ctrl vector for $pmux cell $procmux$2363: $auto$opt_reduce.cc:134:opt_pmux$4831
    New ctrl vector for $pmux cell $procmux$2369: $auto$opt_reduce.cc:134:opt_pmux$4833
    New ctrl vector for $pmux cell $procmux$2407: { \is_rdcycle_rdcycleh_rdinstr_rdinstrh $auto$opt_reduce.cc:134:opt_pmux$4835 \instr_retirq \instr_maskirq \instr_timer }
    New ctrl vector for $pmux cell $procmux$2443: { $eq$riscv.v:1169$488_Y $eq$riscv.v:1171$490_Y }
    New ctrl vector for $pmux cell $procmux$2623: { $eq$riscv.v:1167$486_Y $eq$riscv.v:1168$487_Y $eq$riscv.v:1169$488_Y $eq$riscv.v:1170$489_Y $auto$opt_reduce.cc:134:opt_pmux$4837 }
    New ctrl vector for $pmux cell $procmux$2646: $auto$opt_reduce.cc:134:opt_pmux$4839
    New ctrl vector for $pmux cell $procmux$2725: { $auto$opt_reduce.cc:134:opt_pmux$4843 $logic_and$riscv.v:1674$643_Y $auto$opt_reduce.cc:134:opt_pmux$4841 }
    New ctrl vector for $pmux cell $procmux$2804: $auto$opt_reduce.cc:134:opt_pmux$4845
    New ctrl vector for $pmux cell $procmux$2841: $auto$opt_reduce.cc:134:opt_pmux$4847
    New ctrl vector for $pmux cell $procmux$3102: { \is_lui_auipc_jal $auto$opt_reduce.cc:134:opt_pmux$4849 }
    Consolidated identical input bits for $mux cell $procmux$3217:
      Old ports: A=0, B=32'11111111111111111111111111111111, Y=$0$memwr$\cpuregs$riscv.v:1317$18_EN[31:0]$539
      New ports: A=1'0, B=1'1, Y=$0$memwr$\cpuregs$riscv.v:1317$18_EN[31:0]$539 [0]
      New connections: $0$memwr$\cpuregs$riscv.v:1317$18_EN[31:0]$539 [31:1] = { $0$memwr$\cpuregs$riscv.v:1317$18_EN[31:0]$539 [0] $0$memwr$\cpuregs$riscv.v:1317$18_EN[31:0]$539 [0] $0$memwr$\cpuregs$riscv.v:1317$18_EN[31:0]$539 [0] $0$memwr$\cpuregs$riscv.v:1317$18_EN[31:0]$539 [0] $0$memwr$\cpuregs$riscv.v:1317$18_EN[31:0]$539 [0] $0$memwr$\cpuregs$riscv.v:1317$18_EN[31:0]$539 [0] $0$memwr$\cpuregs$riscv.v:1317$18_EN[31:0]$539 [0] $0$memwr$\cpuregs$riscv.v:1317$18_EN[31:0]$539 [0] $0$memwr$\cpuregs$riscv.v:1317$18_EN[31:0]$539 [0] $0$memwr$\cpuregs$riscv.v:1317$18_EN[31:0]$539 [0] $0$memwr$\cpuregs$riscv.v:1317$18_EN[31:0]$539 [0] $0$memwr$\cpuregs$riscv.v:1317$18_EN[31:0]$539 [0] $0$memwr$\cpuregs$riscv.v:1317$18_EN[31:0]$539 [0] $0$memwr$\cpuregs$riscv.v:1317$18_EN[31:0]$539 [0] $0$memwr$\cpuregs$riscv.v:1317$18_EN[31:0]$539 [0] $0$memwr$\cpuregs$riscv.v:1317$18_EN[31:0]$539 [0] $0$memwr$\cpuregs$riscv.v:1317$18_EN[31:0]$539 [0] $0$memwr$\cpuregs$riscv.v:1317$18_EN[31:0]$539 [0] $0$memwr$\cpuregs$riscv.v:1317$18_EN[31:0]$539 [0] $0$memwr$\cpuregs$riscv.v:1317$18_EN[31:0]$539 [0] $0$memwr$\cpuregs$riscv.v:1317$18_EN[31:0]$539 [0] $0$memwr$\cpuregs$riscv.v:1317$18_EN[31:0]$539 [0] $0$memwr$\cpuregs$riscv.v:1317$18_EN[31:0]$539 [0] $0$memwr$\cpuregs$riscv.v:1317$18_EN[31:0]$539 [0] $0$memwr$\cpuregs$riscv.v:1317$18_EN[31:0]$539 [0] $0$memwr$\cpuregs$riscv.v:1317$18_EN[31:0]$539 [0] $0$memwr$\cpuregs$riscv.v:1317$18_EN[31:0]$539 [0] $0$memwr$\cpuregs$riscv.v:1317$18_EN[31:0]$539 [0] $0$memwr$\cpuregs$riscv.v:1317$18_EN[31:0]$539 [0] $0$memwr$\cpuregs$riscv.v:1317$18_EN[31:0]$539 [0] $0$memwr$\cpuregs$riscv.v:1317$18_EN[31:0]$539 [0] }
    New ctrl vector for $pmux cell $procmux$3227: $auto$opt_reduce.cc:134:opt_pmux$4851
    New input vector for $reduce_or cell $auto$opt_reduce.cc:128:opt_pmux$4832: { \is_jalr_addi_slti_sltiu_xori_ori_andi \is_slli_srli_srai \is_lui_auipc_jal }
    New input vector for $reduce_or cell $auto$opt_reduce.cc:128:opt_pmux$4838: { \instr_timer \instr_maskirq \instr_retirq \instr_setq \instr_getq \instr_rdinstrh \instr_rdinstr \instr_rdcycleh \instr_rdcycle }
    New input vector for $reduce_or cell $auto$opt_reduce.cc:128:opt_pmux$4840: { \is_jalr_addi_slti_sltiu_xori_ori_andi \is_slli_srli_srai \is_lui_auipc_jal }
    New input vector for $reduce_or cell $auto$opt_reduce.cc:128:opt_pmux$4842: { \instr_timer \instr_maskirq \instr_retirq \instr_setq \instr_getq \instr_rdinstrh \instr_rdinstr \instr_rdcycleh \instr_rdcycle }
    New input vector for $reduce_or cell $auto$opt_reduce.cc:128:opt_pmux$4844: { \is_lui_auipc_jal \instr_rdinstrh \instr_rdinstr \instr_rdcycleh \instr_rdcycle }
    New input vector for $reduce_or cell $auto$opt_reduce.cc:128:opt_pmux$4846: { \is_lui_auipc_jal \instr_rdinstrh \instr_rdinstr \instr_rdcycleh \instr_rdcycle }
    New input vector for $reduce_or cell $auto$opt_reduce.cc:128:opt_pmux$4848: { \instr_timer \instr_maskirq \instr_retirq \instr_setq \instr_getq \instr_rdinstrh \instr_rdinstr \instr_rdcycleh \instr_rdcycle }
  Optimizing cells in module \picorv32a.
  Optimizing cells in module \ptb.
Performed a total of 44 changes.

8.6.5. Executing OPT_MERGE pass (detect identical cells).
Finding identical cells in module `$paramod$7068ac09caa024df265143630f51c7da53a5c1cd\soc_ram'.
Finding identical cells in module `$paramod$73a3980ba8a68177b0617f0f620fd34f6ef3e417\cpu_bus_adapter'.
Finding identical cells in module `$paramod$73a3980ba8a68177b0617f0f620fd34f6ef3e417\soc_mem_interconnect'.
Finding identical cells in module `$paramod$c2a3448081698d2bf6d9917f598cb2fe8a9f281e\cpu_ram_subsystem'.
Finding identical cells in module `\cpu_ram_subsystem_formal'.
Finding identical cells in module `\picorv32_pcpi_fast_mul'.
Finding identical cells in module `\picorv32a'.
<suppressed ~126 debug messages>
Finding identical cells in module `\ptb'.
Removed a total of 42 cells.

8.6.6. Executing OPT_CLEAN pass (remove unused cells and wires).
Finding unused cells or wires in module $paramod$7068ac09caa024df265143630f51c7da53a5c1cd\soc_ram..
Finding unused cells or wires in module $paramod$73a3980ba8a68177b0617f0f620fd34f6ef3e417\cpu_bus_adapter..
Finding unused cells or wires in module $paramod$73a3980ba8a68177b0617f0f620fd34f6ef3e417\soc_mem_interconnect..
Finding unused cells or wires in module $paramod$c2a3448081698d2bf6d9917f598cb2fe8a9f281e\cpu_ram_subsystem..
Finding unused cells or wires in module \cpu_ram_subsystem_formal..
Finding unused cells or wires in module \picorv32_pcpi_fast_mul..
Finding unused cells or wires in module \picorv32a..
Finding unused cells or wires in module \ptb..
Removed 0 unused cells and 492 unused wires.
<suppressed ~4 debug messages>

8.6.7. Executing OPT_EXPR pass (perform const folding).
Optimizing module $paramod$7068ac09caa024df265143630f51c7da53a5c1cd\soc_ram.
Optimizing module $paramod$73a3980ba8a68177b0617f0f620fd34f6ef3e417\cpu_bus_adapter.
Optimizing module $paramod$73a3980ba8a68177b0617f0f620fd34f6ef3e417\soc_mem_interconnect.
Optimizing module $paramod$c2a3448081698d2bf6d9917f598cb2fe8a9f281e\cpu_ram_subsystem.
Optimizing module cpu_ram_subsystem_formal.
Optimizing module picorv32_pcpi_fast_mul.
Optimizing module picorv32a.
Optimizing module ptb.

8.6.8. Rerunning OPT passes. (Maybe there is more to do..)

8.6.9. Executing OPT_MUXTREE pass (detect dead branches in mux trees).
Running muxtree optimizer on module $paramod$7068ac09caa024df265143630f51c7da53a5c1cd\soc_ram..
  Creating internal representation of mux trees.
  Evaluating internal representation of mux trees.
  Analyzing evaluation results.
Running muxtree optimizer on module $paramod$73a3980ba8a68177b0617f0f620fd34f6ef3e417\cpu_bus_adapter..
  Creating internal representation of mux trees.
  No muxes found in this module.
Running muxtree optimizer on module $paramod$73a3980ba8a68177b0617f0f620fd34f6ef3e417\soc_mem_interconnect..
  Creating internal representation of mux trees.
  Evaluating internal representation of mux trees.
  Analyzing evaluation results.
Running muxtree optimizer on module $paramod$c2a3448081698d2bf6d9917f598cb2fe8a9f281e\cpu_ram_subsystem..
  Creating internal representation of mux trees.
  No muxes found in this module.
Running muxtree optimizer on module \cpu_ram_subsystem_formal..
  Creating internal representation of mux trees.
  Evaluating internal representation of mux trees.
  Analyzing evaluation results.
Running muxtree optimizer on module \picorv32_pcpi_fast_mul..
  Creating internal representation of mux trees.
  Evaluating internal representation of mux trees.
  Analyzing evaluation results.
Running muxtree optimizer on module \picorv32a..
  Creating internal representation of mux trees.
  Evaluating internal representation of mux trees.
  Analyzing evaluation results.
Running muxtree optimizer on module \ptb..
  Creating internal representation of mux trees.
  No muxes found in this module.
Removed 0 multiplexer ports.
<suppressed ~254 debug messages>

8.6.10. Executing OPT_REDUCE pass (consolidate $*mux and $reduce_* inputs).
  Optimizing cells in module $paramod$7068ac09caa024df265143630f51c7da53a5c1cd\soc_ram.
  Optimizing cells in module $paramod$73a3980ba8a68177b0617f0f620fd34f6ef3e417\cpu_bus_adapter.
  Optimizing cells in module $paramod$73a3980ba8a68177b0617f0f620fd34f6ef3e417\soc_mem_interconnect.
  Optimizing cells in module $paramod$c2a3448081698d2bf6d9917f598cb2fe8a9f281e\cpu_ram_subsystem.
  Optimizing cells in module \cpu_ram_subsystem_formal.
  Optimizing cells in module \picorv32_pcpi_fast_mul.
  Optimizing cells in module \picorv32a.
    New ctrl vector for $pmux cell $procmux$2294: $auto$opt_reduce.cc:134:opt_pmux$4853
    New ctrl vector for $pmux cell $procmux$2311: { $eq$riscv.v:1170$489_Y $auto$opt_reduce.cc:134:opt_pmux$4855 }
    New ctrl vector for $pmux cell $procmux$2688: { $eq$riscv.v:1167$486_Y $eq$riscv.v:1168$487_Y $eq$riscv.v:1169$488_Y $eq$riscv.v:1170$489_Y $eq$riscv.v:1171$490_Y $auto$opt_reduce.cc:134:opt_pmux$4857 }
    New ctrl vector for $pmux cell $procmux$4246: { $logic_and$riscv.v:363$78_Y $auto$opt_reduce.cc:134:opt_pmux$4859 }
  Optimizing cells in module \picorv32a.
  Optimizing cells in module \ptb.
Performed a total of 4 changes.

8.6.11. Executing OPT_MERGE pass (detect identical cells).
Finding identical cells in module `$paramod$7068ac09caa024df265143630f51c7da53a5c1cd\soc_ram'.
Finding identical cells in module `$paramod$73a3980ba8a68177b0617f0f620fd34f6ef3e417\cpu_bus_adapter'.
Finding identical cells in module `$paramod$73a3980ba8a68177b0617f0f620fd34f6ef3e417\soc_mem_interconnect'.
Finding identical cells in module `$paramod$c2a3448081698d2bf6d9917f598cb2fe8a9f281e\cpu_ram_subsystem'.
Finding identical cells in module `\cpu_ram_subsystem_formal'.
Finding identical cells in module `\picorv32_pcpi_fast_mul'.
Finding identical cells in module `\picorv32a'.
<suppressed ~6 debug messages>
Finding identical cells in module `\ptb'.
Removed a total of 2 cells.

8.6.12. Executing OPT_CLEAN pass (remove unused cells and wires).
Finding unused cells or wires in module $paramod$7068ac09caa024df265143630f51c7da53a5c1cd\soc_ram..
Finding unused cells or wires in module $paramod$73a3980ba8a68177b0617f0f620fd34f6ef3e417\cpu_bus_adapter..
Finding unused cells or wires in module $paramod$73a3980ba8a68177b0617f0f620fd34f6ef3e417\soc_mem_interconnect..
Finding unused cells or wires in module $paramod$c2a3448081698d2bf6d9917f598cb2fe8a9f281e\cpu_ram_subsystem..
Finding unused cells or wires in module \cpu_ram_subsystem_formal..
Finding unused cells or wires in module \picorv32_pcpi_fast_mul..
Finding unused cells or wires in module \picorv32a..
Finding unused cells or wires in module \ptb..
Removed 0 unused cells and 2 unused wires.
<suppressed ~1 debug messages>

8.6.13. Executing OPT_EXPR pass (perform const folding).
Optimizing module $paramod$7068ac09caa024df265143630f51c7da53a5c1cd\soc_ram.
Optimizing module $paramod$73a3980ba8a68177b0617f0f620fd34f6ef3e417\cpu_bus_adapter.
Optimizing module $paramod$73a3980ba8a68177b0617f0f620fd34f6ef3e417\soc_mem_interconnect.
Optimizing module $paramod$c2a3448081698d2bf6d9917f598cb2fe8a9f281e\cpu_ram_subsystem.
Optimizing module cpu_ram_subsystem_formal.
Optimizing module picorv32_pcpi_fast_mul.
Optimizing module picorv32a.
Optimizing module ptb.

8.6.14. Rerunning OPT passes. (Maybe there is more to do..)

8.6.15. Executing OPT_MUXTREE pass (detect dead branches in mux trees).
Running muxtree optimizer on module $paramod$7068ac09caa024df265143630f51c7da53a5c1cd\soc_ram..
  Creating internal representation of mux trees.
  Evaluating internal representation of mux trees.
  Analyzing evaluation results.
Running muxtree optimizer on module $paramod$73a3980ba8a68177b0617f0f620fd34f6ef3e417\cpu_bus_adapter..
  Creating internal representation of mux trees.
  No muxes found in this module.
Running muxtree optimizer on module $paramod$73a3980ba8a68177b0617f0f620fd34f6ef3e417\soc_mem_interconnect..
  Creating internal representation of mux trees.
  Evaluating internal representation of mux trees.
  Analyzing evaluation results.
Running muxtree optimizer on module $paramod$c2a3448081698d2bf6d9917f598cb2fe8a9f281e\cpu_ram_subsystem..
  Creating internal representation of mux trees.
  No muxes found in this module.
Running muxtree optimizer on module \cpu_ram_subsystem_formal..
  Creating internal representation of mux trees.
  Evaluating internal representation of mux trees.
  Analyzing evaluation results.
Running muxtree optimizer on module \picorv32_pcpi_fast_mul..
  Creating internal representation of mux trees.
  Evaluating internal representation of mux trees.
  Analyzing evaluation results.
Running muxtree optimizer on module \picorv32a..
  Creating internal representation of mux trees.
  Evaluating internal representation of mux trees.
  Analyzing evaluation results.
Running muxtree optimizer on module \ptb..
  Creating internal representation of mux trees.
  No muxes found in this module.
Removed 0 multiplexer ports.
<suppressed ~254 debug messages>

8.6.16. Executing OPT_REDUCE pass (consolidate $*mux and $reduce_* inputs).
  Optimizing cells in module $paramod$7068ac09caa024df265143630f51c7da53a5c1cd\soc_ram.
  Optimizing cells in module $paramod$73a3980ba8a68177b0617f0f620fd34f6ef3e417\cpu_bus_adapter.
  Optimizing cells in module $paramod$73a3980ba8a68177b0617f0f620fd34f6ef3e417\soc_mem_interconnect.
  Optimizing cells in module $paramod$c2a3448081698d2bf6d9917f598cb2fe8a9f281e\cpu_ram_subsystem.
  Optimizing cells in module \cpu_ram_subsystem_formal.
  Optimizing cells in module \picorv32_pcpi_fast_mul.
  Optimizing cells in module \picorv32a.
  Optimizing cells in module \ptb.
Performed a total of 0 changes.

8.6.17. Executing OPT_MERGE pass (detect identical cells).
Finding identical cells in module `$paramod$7068ac09caa024df265143630f51c7da53a5c1cd\soc_ram'.
Finding identical cells in module `$paramod$73a3980ba8a68177b0617f0f620fd34f6ef3e417\cpu_bus_adapter'.
Finding identical cells in module `$paramod$73a3980ba8a68177b0617f0f620fd34f6ef3e417\soc_mem_interconnect'.
Finding identical cells in module `$paramod$c2a3448081698d2bf6d9917f598cb2fe8a9f281e\cpu_ram_subsystem'.
Finding identical cells in module `\cpu_ram_subsystem_formal'.
Finding identical cells in module `\picorv32_pcpi_fast_mul'.
Finding identical cells in module `\picorv32a'.
Finding identical cells in module `\ptb'.
Removed a total of 0 cells.

8.6.18. Executing OPT_CLEAN pass (remove unused cells and wires).
Finding unused cells or wires in module $paramod$7068ac09caa024df265143630f51c7da53a5c1cd\soc_ram..
Finding unused cells or wires in module $paramod$73a3980ba8a68177b0617f0f620fd34f6ef3e417\cpu_bus_adapter..
Finding unused cells or wires in module $paramod$73a3980ba8a68177b0617f0f620fd34f6ef3e417\soc_mem_interconnect..
Finding unused cells or wires in module $paramod$c2a3448081698d2bf6d9917f598cb2fe8a9f281e\cpu_ram_subsystem..
Finding unused cells or wires in module \cpu_ram_subsystem_formal..
Finding unused cells or wires in module \picorv32_pcpi_fast_mul..
Finding unused cells or wires in module \picorv32a..
Finding unused cells or wires in module \ptb..

8.6.19. Executing OPT_EXPR pass (perform const folding).
Optimizing module $paramod$7068ac09caa024df265143630f51c7da53a5c1cd\soc_ram.
Optimizing module $paramod$73a3980ba8a68177b0617f0f620fd34f6ef3e417\cpu_bus_adapter.
Optimizing module $paramod$73a3980ba8a68177b0617f0f620fd34f6ef3e417\soc_mem_interconnect.
Optimizing module $paramod$c2a3448081698d2bf6d9917f598cb2fe8a9f281e\cpu_ram_subsystem.
Optimizing module cpu_ram_subsystem_formal.
Optimizing module picorv32_pcpi_fast_mul.
Optimizing module picorv32a.
Optimizing module ptb.

8.6.20. Finished OPT passes. (There is nothing left to do.)

8.7. Executing WREDUCE pass (reducing word size of cells).
Removed top 24 bits (of 32) from wire $paramod$7068ac09caa024df265143630f51c7da53a5c1cd\soc_ram.$0$memwr$\mem$soc_ram.v:47$1169_EN[31:0]$1176.
Removed top 16 bits (of 32) from wire $paramod$7068ac09caa024df265143630f51c7da53a5c1cd\soc_ram.$0$memwr$\mem$soc_ram.v:50$1170_EN[31:0]$1179.
Removed top 8 bits (of 32) from wire $paramod$7068ac09caa024df265143630f51c7da53a5c1cd\soc_ram.$0$memwr$\mem$soc_ram.v:53$1171_EN[31:0]$1182.
Removed top 24 bits (of 32) from wire $paramod$7068ac09caa024df265143630f51c7da53a5c1cd\soc_ram.$2$memwr$\mem$soc_ram.v:47$1169_EN[31:0]$1200.
Removed top 16 bits (of 32) from wire $paramod$7068ac09caa024df265143630f51c7da53a5c1cd\soc_ram.$2$memwr$\mem$soc_ram.v:50$1170_EN[31:0]$1203.
Removed top 8 bits (of 32) from wire $paramod$7068ac09caa024df265143630f51c7da53a5c1cd\soc_ram.$2$memwr$\mem$soc_ram.v:53$1171_EN[31:0]$1206.
Removed top 24 bits (of 32) from wire $paramod$7068ac09caa024df265143630f51c7da53a5c1cd\soc_ram.$3$memwr$\mem$soc_ram.v:47$1169_EN[31:0]$1212.
Removed top 16 bits (of 32) from wire $paramod$7068ac09caa024df265143630f51c7da53a5c1cd\soc_ram.$3$memwr$\mem$soc_ram.v:50$1170_EN[31:0]$1215.
Removed top 8 bits (of 32) from wire $paramod$7068ac09caa024df265143630f51c7da53a5c1cd\soc_ram.$3$memwr$\mem$soc_ram.v:53$1171_EN[31:0]$1218.
Removed top 24 bits (of 32) from wire $paramod$7068ac09caa024df265143630f51c7da53a5c1cd\soc_ram.$4$memwr$\mem$soc_ram.v:47$1169_EN[31:0]$1224.
Removed top 16 bits (of 32) from wire $paramod$7068ac09caa024df265143630f51c7da53a5c1cd\soc_ram.$4$memwr$\mem$soc_ram.v:50$1170_EN[31:0]$1227.
Removed top 8 bits (of 32) from wire $paramod$7068ac09caa024df265143630f51c7da53a5c1cd\soc_ram.$4$memwr$\mem$soc_ram.v:53$1171_EN[31:0]$1230.
Removed top 1 bits (of 20) from port B of cell $paramod$73a3980ba8a68177b0617f0f620fd34f6ef3e417\soc_mem_interconnect.$eq$soc_mem_interconnect.v:47$1238 ($eq).
Removed top 2 bits (of 3) from port B of cell picorv32_pcpi_fast_mul.$procmux$1384_CMP0 ($eq).
Removed top 1 bits (of 3) from port B of cell picorv32_pcpi_fast_mul.$procmux$1376_CMP0 ($eq).
Removed top 1 bits (of 3) from port B of cell picorv32_pcpi_fast_mul.$procmux$1369_CMP0 ($eq).
Removed top 1 bits (of 7) from port B of cell picorv32_pcpi_fast_mul.$eq$riscv.v:2273$935 ($eq).
Removed top 6 bits (of 7) from port B of cell picorv32_pcpi_fast_mul.$eq$riscv.v:2273$937 ($eq).
Removed top 31 bits (of 64) from port A of cell picorv32_pcpi_fast_mul.$mul$riscv.v:2299$944 ($mul).
Removed top 31 bits (of 64) from port B of cell picorv32_pcpi_fast_mul.$mul$riscv.v:2299$944 ($mul).
Removed top 32 bits (of 64) from mux cell picorv32_pcpi_fast_mul.$ternary$riscv.v:2339$951 ($mux).
Removed top 1 bits (of 4) from FF cell picorv32_pcpi_fast_mul.$procdff$4584 ($dff).
Removed top 1 bits (of 3) from mux cell picorv32_pcpi_fast_mul.$procmux$1330 ($mux).
Removed top 1 bits (of 3) from FF cell picorv32_pcpi_fast_mul.$procdff$4584 ($dff).
Removed top 1 bits (of 2) from mux cell picorv32_pcpi_fast_mul.$procmux$1330 ($mux).
Removed top 2 bits (of 4) from wire picorv32_pcpi_fast_mul.$0\active[3:0].
Removed top 2 bits (of 4) from wire picorv32_pcpi_fast_mul.active.
Removed top 3 bits (of 4) from port A of cell picorv32a.$shl$riscv.v:402$110 ($shl).
Removed top 30 bits (of 32) from mux cell picorv32a.$ternary$riscv.v:600$211 ($mux).
Removed top 1 bits (of 7) from port B of cell picorv32a.$eq$riscv.v:848$232 ($eq).
Removed top 2 bits (of 7) from port B of cell picorv32a.$eq$riscv.v:849$233 ($eq).
Removed top 3 bits (of 7) from port B of cell picorv32a.$eq$riscv.v:852$238 ($eq).
Removed top 5 bits (of 7) from port B of cell picorv32a.$eq$riscv.v:852$239 ($eq).
Removed top 4 bits (of 7) from port B of cell picorv32a.$eq$riscv.v:853$243 ($eq).
Removed top 5 bits (of 7) from port B of cell picorv32a.$eq$riscv.v:856$247 ($eq).
Removed top 1 bits (of 7) from port B of cell picorv32a.$eq$riscv.v:857$248 ($eq).
Removed top 2 bits (of 7) from port B of cell picorv32a.$eq$riscv.v:858$249 ($eq).
Removed top 1 bits (of 7) from port B of cell picorv32a.$eq$riscv.v:859$250 ($eq).
Removed top 2 bits (of 3) from port B of cell picorv32a.$eq$riscv.v:1022$306 ($eq).
Removed top 1 bits (of 3) from port B of cell picorv32a.$eq$riscv.v:1030$320 ($eq).
Removed top 1 bits (of 3) from port B of cell picorv32a.$eq$riscv.v:1040$336 ($eq).
Removed top 1 bits (of 7) from port B of cell picorv32a.$eq$riscv.v:1047$354 ($eq).
Removed top 3 bits (of 7) from port B of cell picorv32a.$eq$riscv.v:1070$430 ($eq).
Removed top 6 bits (of 7) from port B of cell picorv32a.$eq$riscv.v:1071$436 ($eq).
Removed top 5 bits (of 7) from port B of cell picorv32a.$eq$riscv.v:1072$441 ($eq).
Removed top 4 bits (of 7) from port B of cell picorv32a.$eq$riscv.v:1073$445 ($eq).
Removed top 1 bits (of 8) from port B of cell picorv32a.$eq$riscv.v:1167$486 ($eq).
Removed top 2 bits (of 8) from port B of cell picorv32a.$eq$riscv.v:1168$487 ($eq).
Removed top 3 bits (of 8) from port B of cell picorv32a.$eq$riscv.v:1169$488 ($eq).
Removed top 4 bits (of 8) from port B of cell picorv32a.$eq$riscv.v:1170$489 ($eq).
Removed top 5 bits (of 8) from port B of cell picorv32a.$eq$riscv.v:1171$490 ($eq).
Removed top 6 bits (of 8) from port B of cell picorv32a.$eq$riscv.v:1172$491 ($eq).
Removed top 7 bits (of 8) from port B of cell picorv32a.$eq$riscv.v:1173$492 ($eq).
Removed top 29 bits (of 32) from mux cell picorv32a.$ternary$riscv.v:1295$526 ($mux).
Removed top 29 bits (of 32) from port B of cell picorv32a.$add$riscv.v:1295$527 ($add).
Removed top 31 bits (of 32) from port B of cell picorv32a.$sub$riscv.v:1398$565 ($sub).
Removed top 28 bits (of 32) from port Y of cell picorv32a.$sub$riscv.v:1398$565 ($sub).
Removed top 31 bits (of 32) from port B of cell picorv32a.$add$riscv.v:1405$567 ($add).
Removed top 31 bits (of 32) from port B of cell picorv32a.$sub$riscv.v:1415$572 ($sub).
Removed top 1 bits (of 2) from port B of cell picorv32a.$eq$riscv.v:1519$612 ($eq).
Removed top 29 bits (of 32) from mux cell picorv32a.$ternary$riscv.v:1530$620 ($mux).
Removed top 29 bits (of 32) from port B of cell picorv32a.$add$riscv.v:1530$621 ($add).
Removed top 31 bits (of 32) from port B of cell picorv32a.$add$riscv.v:1542$624 ($add).
Removed top 29 bits (of 32) from port B of cell picorv32a.$ge$riscv.v:1813$667 ($ge).
Removed top 29 bits (of 32) from port B of cell picorv32a.$sub$riscv.v:1820$675 ($sub).
Removed top 27 bits (of 32) from port Y of cell picorv32a.$sub$riscv.v:1820$675 ($sub).
Removed top 31 bits (of 32) from port B of cell picorv32a.$sub$riscv.v:1828$682 ($sub).
Removed top 27 bits (of 32) from port Y of cell picorv32a.$sub$riscv.v:1828$682 ($sub).
Removed top 1 bits (of 2) from port B of cell picorv32a.$eq$riscv.v:1901$707 ($eq).
Removed top 1 bits (of 33) from port Y of cell picorv32a.$sshr$riscv.v:1214$789 ($sshr).
Removed top 1 bits (of 8) from mux cell picorv32a.$procmux$2725 ($pmux).
Removed top 97 bits (of 128) from mux cell picorv32a.$procmux$3294 ($mux).
Removed top 41 bits (of 64) from mux cell picorv32a.$procmux$4034 ($mux).
Removed top 1 bits (of 2) from port B of cell picorv32a.$procmux$4039_CMP0 ($eq).
Removed top 1 bits (of 2) from port B of cell picorv32a.$procmux$4525_CMP0 ($eq).
Removed top 97 bits (of 128) from wire picorv32a.$1\dbg_ascii_state[127:0].
Removed top 41 bits (of 64) from wire picorv32a.$1\new_ascii_instr[63:0].
Removed top 1 bits (of 8) from wire picorv32a.$procmux$2725_Y.
Removed top 28 bits (of 32) from wire picorv32a.$sub$riscv.v:1398$565_Y.
Removed top 27 bits (of 32) from wire picorv32a.$sub$riscv.v:1820$675_Y.
Removed top 27 bits (of 32) from wire picorv32a.$sub$riscv.v:1828$682_Y.
Removed top 29 bits (of 32) from wire picorv32a.$ternary$riscv.v:1295$526_Y.
Removed top 29 bits (of 32) from wire picorv32a.$ternary$riscv.v:1530$620_Y.

8.8. Executing OPT_CLEAN pass (remove unused cells and wires).
Finding unused cells or wires in module $paramod$7068ac09caa024df265143630f51c7da53a5c1cd\soc_ram..
Finding unused cells or wires in module $paramod$73a3980ba8a68177b0617f0f620fd34f6ef3e417\cpu_bus_adapter..
Finding unused cells or wires in module $paramod$73a3980ba8a68177b0617f0f620fd34f6ef3e417\soc_mem_interconnect..
Finding unused cells or wires in module $paramod$c2a3448081698d2bf6d9917f598cb2fe8a9f281e\cpu_ram_subsystem..
Finding unused cells or wires in module \cpu_ram_subsystem_formal..
Finding unused cells or wires in module \picorv32_pcpi_fast_mul..
Finding unused cells or wires in module \picorv32a..
Finding unused cells or wires in module \ptb..
Removed 0 unused cells and 25 unused wires.
<suppressed ~3 debug messages>

8.9. Executing MEMORY_COLLECT pass (generating $mem cells).

8.10. Executing OPT pass (performing simple optimizations).

8.10.1. Executing OPT_EXPR pass (perform const folding).
Optimizing module $paramod$7068ac09caa024df265143630f51c7da53a5c1cd\soc_ram.
Optimizing module $paramod$73a3980ba8a68177b0617f0f620fd34f6ef3e417\cpu_bus_adapter.
Optimizing module $paramod$73a3980ba8a68177b0617f0f620fd34f6ef3e417\soc_mem_interconnect.
Optimizing module $paramod$c2a3448081698d2bf6d9917f598cb2fe8a9f281e\cpu_ram_subsystem.
Optimizing module cpu_ram_subsystem_formal.
Optimizing module picorv32_pcpi_fast_mul.
Optimizing module picorv32a.
Optimizing module ptb.

8.10.2. Executing OPT_MERGE pass (detect identical cells).
Finding identical cells in module `$paramod$7068ac09caa024df265143630f51c7da53a5c1cd\soc_ram'.
Finding identical cells in module `$paramod$73a3980ba8a68177b0617f0f620fd34f6ef3e417\cpu_bus_adapter'.
Finding identical cells in module `$paramod$73a3980ba8a68177b0617f0f620fd34f6ef3e417\soc_mem_interconnect'.
Finding identical cells in module `$paramod$c2a3448081698d2bf6d9917f598cb2fe8a9f281e\cpu_ram_subsystem'.
Finding identical cells in module `\cpu_ram_subsystem_formal'.
Finding identical cells in module `\picorv32_pcpi_fast_mul'.
Finding identical cells in module `\picorv32a'.
Finding identical cells in module `\ptb'.
Removed a total of 0 cells.

8.10.3. Executing OPT_CLEAN pass (remove unused cells and wires).
Finding unused cells or wires in module $paramod$7068ac09caa024df265143630f51c7da53a5c1cd\soc_ram..
Finding unused cells or wires in module $paramod$73a3980ba8a68177b0617f0f620fd34f6ef3e417\cpu_bus_adapter..
Finding unused cells or wires in module $paramod$73a3980ba8a68177b0617f0f620fd34f6ef3e417\soc_mem_interconnect..
Finding unused cells or wires in module $paramod$c2a3448081698d2bf6d9917f598cb2fe8a9f281e\cpu_ram_subsystem..
Finding unused cells or wires in module \cpu_ram_subsystem_formal..
Finding unused cells or wires in module \picorv32_pcpi_fast_mul..
Finding unused cells or wires in module \picorv32a..
Finding unused cells or wires in module \ptb..

8.10.4. Finished fast OPT passes.

8.11. Printing statistics.

=== $paramod$7068ac09caa024df265143630f51c7da53a5c1cd\soc_ram ===

   Number of wires:                 64
   Number of wire bits:           1203
   Number of public wires:          10
   Number of public wire bits:     113
   Number of memories:               0
   Number of memory bits:            0
   Number of processes:              0
   Number of cells:                 56
     $dff                            2
     $mem_v2                         1
     $mux                           53

=== $paramod$73a3980ba8a68177b0617f0f620fd34f6ef3e417\cpu_bus_adapter ===

   Number of wires:                 14
   Number of wire bits:            206
   Number of public wires:          14
   Number of public wire bits:     206
   Number of memories:               0
   Number of memory bits:            0
   Number of processes:              0
   Number of cells:                  1
     $reduce_or                      1

=== $paramod$73a3980ba8a68177b0617f0f620fd34f6ef3e417\soc_mem_interconnect ===

   Number of wires:                 32
   Number of wire bits:            416
   Number of public wires:          23
   Number of public wire bits:     311
   Number of memories:               0
   Number of memory bits:            0
   Number of processes:              0
   Number of cells:                 23
     $eq                             1
     $logic_and                      2
     $logic_not                      1
     $mux                           19

=== $paramod$c2a3448081698d2bf6d9917f598cb2fe8a9f281e\cpu_ram_subsystem ===

   Number of wires:                 32
   Number of wire bits:            416
   Number of public wires:          31
   Number of public wire bits:     415
   Number of memories:               0
   Number of memory bits:            0
   Number of processes:              0
   Number of cells:                  5
     $not                            1
     $paramod$7068ac09caa024df265143630f51c7da53a5c1cd\soc_ram      1
     $paramod$73a3980ba8a68177b0617f0f620fd34f6ef3e417\cpu_bus_adapter      1
     $paramod$73a3980ba8a68177b0617f0f620fd34f6ef3e417\soc_mem_interconnect      1
     ptb                             1

=== cpu_ram_subsystem_formal ===

   Number of wires:                 35
   Number of wire bits:             35
   Number of public wires:          20
   Number of public wire bits:      20
   Number of memories:               0
   Number of memory bits:            0
   Number of processes:              0
   Number of cells:                 27
     $assert                        11
     $dff                            2
     $eq                             7
     $logic_or                       1
     $mux                            2
     $not                            3
     $paramod$c2a3448081698d2bf6d9917f598cb2fe8a9f281e\cpu_ram_subsystem      1

=== picorv32_pcpi_fast_mul ===

   Number of wires:                 45
   Number of wire bits:            489
   Number of public wires:          24
   Number of public wire bits:     276
   Number of memories:               0
   Number of memory bits:            0
   Number of processes:              0
   Number of cells:                 36
     $dff                            5
     $eq                             5
     $logic_and                      4
     $logic_not                      2
     $mul                            1
     $mux                           16
     $reduce_or                      3

=== picorv32a ===

   Number of wires:               1046
   Number of wire bits:          11059
   Number of public wires:         206
   Number of public wire bits:    2291
   Number of memories:               0
   Number of memory bits:            0
   Number of processes:              0
   Number of cells:               1056
     $add                            9
     $and                            4
     $assert                        23
     $assume                         2
     $dff                          177
     $eq                            53
     $ge                             1
     $initstate                      1
     $logic_and                    103
     $logic_not                     40
     $logic_or                      35
     $lt                             2
     $mem_v2                         1
     $mux                          505
     $ne                             1
     $not                            2
     $or                             3
     $pmux                          48
     $reduce_and                     1
     $reduce_bool                    5
     $reduce_or                     30
     $shl                            2
     $sshr                           1
     $sub                            5
     $xor                            1
     picorv32_pcpi_fast_mul          1

=== ptb ===

   Number of wires:                 25
   Number of wire bits:            372
   Number of public wires:          25
   Number of public wire bits:     372
   Number of memories:               0
   Number of memory bits:            0
   Number of processes:              0
   Number of cells:                  1
     picorv32a                       1

=== design hierarchy ===

   cpu_ram_subsystem_formal          1
     $paramod$c2a3448081698d2bf6d9917f598cb2fe8a9f281e\cpu_ram_subsystem      1
       $paramod$7068ac09caa024df265143630f51c7da53a5c1cd\soc_ram      1
       $paramod$73a3980ba8a68177b0617f0f620fd34f6ef3e417\cpu_bus_adapter      1
       $paramod$73a3980ba8a68177b0617f0f620fd34f6ef3e417\soc_mem_interconnect      1
       ptb                           1
         picorv32a                   1
           picorv32_pcpi_fast_mul      1

   Number of wires:               1293
   Number of wire bits:          14196
   Number of public wires:         353
   Number of public wire bits:    4004
   Number of memories:               0
   Number of memory bits:            0
   Number of processes:              0
   Number of cells:               1198
     $add                            9
     $and                            4
     $assert                        34
     $assume                         2
     $dff                          186
     $eq                            66
     $ge                             1
     $initstate                      1
     $logic_and                    109
     $logic_not                     43
     $logic_or                      36
     $lt                             2
     $mem_v2                         2
     $mul                            1
     $mux                          595
     $ne                             1
     $not                            6
     $or                             3
     $pmux                          48
     $reduce_and                     1
     $reduce_bool                    5
     $reduce_or                     34
     $shl                            2
     $sshr                           1
     $sub                            5
     $xor                            1

8.12. Executing CHECK pass (checking for obvious problems).
Checking module $paramod$7068ac09caa024df265143630f51c7da53a5c1cd\soc_ram...
Checking module $paramod$73a3980ba8a68177b0617f0f620fd34f6ef3e417\cpu_bus_adapter...
Checking module $paramod$73a3980ba8a68177b0617f0f620fd34f6ef3e417\soc_mem_interconnect...
Checking module $paramod$c2a3448081698d2bf6d9917f598cb2fe8a9f281e\cpu_ram_subsystem...
Checking module cpu_ram_subsystem_formal...
Warning: Wire cpu_ram_subsystem_formal.\clk is used but has no driver.
Warning: Wire cpu_ram_subsystem_formal.\dut.u_ram.reset is used but has no driver.
Warning: Wire cpu_ram_subsystem_formal.\dut.gpio_rdata is used but has no driver.
Warning: Wire cpu_ram_subsystem_formal.\dut.gpio_ready is used but has no driver.
Warning: Wire cpu_ram_subsystem_formal.\dut.m_rdata is used but has no driver.
Warning: Wire cpu_ram_subsystem_formal.\dut.mem_rdata is used but has no driver.
Warning: Wire cpu_ram_subsystem_formal.\dut.m_ready is used but has no driver.
Warning: Wire cpu_ram_subsystem_formal.\dut.mem_ready is used but has no driver.
Warning: Wire cpu_ram_subsystem_formal.\dut.m_strb is used but has no driver.
Warning: Wire cpu_ram_subsystem_formal.\dut.mem_wdata is used but has no driver.
Warning: Wire cpu_ram_subsystem_formal.\dut.m_wdata is used but has no driver.
Warning: Wire cpu_ram_subsystem_formal.\dut.mem_addr is used but has no driver.
Warning: Wire cpu_ram_subsystem_formal.\dut.m_addr is used but has no driver.
Warning: Wire cpu_ram_subsystem_formal.\dut.mem_wstrb is used but has no driver.
Warning: Wire cpu_ram_subsystem_formal.\dut.m_write is used but has no driver.
Warning: Wire cpu_ram_subsystem_formal.\dut.mem_valid is used but has no driver.
Warning: Wire cpu_ram_subsystem_formal.\dut.m_valid is used but has no driver.
Warning: Wire cpu_ram_subsystem_formal.\dut.ram_valid is used but has no driver.
Checking module picorv32_pcpi_fast_mul...
Checking module picorv32a...
Checking module ptb...
Found and reported 18 problems.

9. Executing PREP pass.

9.1. Executing HIERARCHY pass (managing design hierarchy).

9.1.1. Analyzing design hierarchy..
Top module:  \cpu_ram_subsystem_formal
Used module:     $paramod$c2a3448081698d2bf6d9917f598cb2fe8a9f281e\cpu_ram_subsystem
Used module:         $paramod$73a3980ba8a68177b0617f0f620fd34f6ef3e417\cpu_bus_adapter
Used module:         \ptb
Used module:             \picorv32a
Used module:                 \picorv32_pcpi_fast_mul
Used module:         $paramod$73a3980ba8a68177b0617f0f620fd34f6ef3e417\soc_mem_interconnect
Used module:         $paramod$7068ac09caa024df265143630f51c7da53a5c1cd\soc_ram

9.1.2. Analyzing design hierarchy..
Top module:  \cpu_ram_subsystem_formal
Used module:     $paramod$c2a3448081698d2bf6d9917f598cb2fe8a9f281e\cpu_ram_subsystem
Used module:         $paramod$73a3980ba8a68177b0617f0f620fd34f6ef3e417\cpu_bus_adapter
Used module:         \ptb
Used module:             \picorv32a
Used module:                 \picorv32_pcpi_fast_mul
Used module:         $paramod$73a3980ba8a68177b0617f0f620fd34f6ef3e417\soc_mem_interconnect
Used module:         $paramod$7068ac09caa024df265143630f51c7da53a5c1cd\soc_ram
Removed 0 unused modules.
Module $paramod$c2a3448081698d2bf6d9917f598cb2fe8a9f281e\cpu_ram_subsystem directly or indirectly contains formal properties -> setting "keep" attribute.
Module cpu_ram_subsystem_formal directly or indirectly contains formal properties -> setting "keep" attribute.
Module picorv32a directly or indirectly contains formal properties -> setting "keep" attribute.
Module ptb directly or indirectly contains formal properties -> setting "keep" attribute.

9.2. Executing PROC pass (convert processes to netlists).

9.2.1. Executing PROC_CLEAN pass (remove empty switches from decision trees).
Cleaned up 0 empty switches.

9.2.2. Executing PROC_RMDEAD pass (remove dead branches from decision trees).
Removed a total of 0 dead cases.

9.2.3. Executing PROC_PRUNE pass (remove redundant assignments in processes).
Removed 0 redundant assignments.
Promoted 0 assignments to connections.

9.2.4. Executing PROC_INIT pass (extract init attributes).

9.2.5. Executing PROC_ARST pass (detect async resets in processes).

9.2.6. Executing PROC_ROM pass (convert switches to ROMs).
Converted 0 switches.

9.2.7. Executing PROC_MUX pass (convert decision trees to multiplexers).

9.2.8. Executing PROC_DLATCH pass (convert process syncs to latches).

9.2.9. Executing PROC_DFF pass (convert process syncs to FFs).

9.2.10. Executing PROC_MEMWR pass (convert process memory writes to cells).

9.2.11. Executing PROC_CLEAN pass (remove empty switches from decision trees).
Cleaned up 0 empty switches.

9.2.12. Executing OPT_EXPR pass (perform const folding).
Optimizing module $paramod$7068ac09caa024df265143630f51c7da53a5c1cd\soc_ram.
Optimizing module $paramod$73a3980ba8a68177b0617f0f620fd34f6ef3e417\cpu_bus_adapter.
Optimizing module $paramod$73a3980ba8a68177b0617f0f620fd34f6ef3e417\soc_mem_interconnect.
Optimizing module $paramod$c2a3448081698d2bf6d9917f598cb2fe8a9f281e\cpu_ram_subsystem.
Optimizing module cpu_ram_subsystem_formal.
Optimizing module picorv32_pcpi_fast_mul.
Optimizing module picorv32a.
Optimizing module ptb.

9.3. Executing OPT_EXPR pass (perform const folding).
Optimizing module $paramod$7068ac09caa024df265143630f51c7da53a5c1cd\soc_ram.
Optimizing module $paramod$73a3980ba8a68177b0617f0f620fd34f6ef3e417\cpu_bus_adapter.
Optimizing module $paramod$73a3980ba8a68177b0617f0f620fd34f6ef3e417\soc_mem_interconnect.
Optimizing module $paramod$c2a3448081698d2bf6d9917f598cb2fe8a9f281e\cpu_ram_subsystem.
Optimizing module cpu_ram_subsystem_formal.
Optimizing module picorv32_pcpi_fast_mul.
Optimizing module picorv32a.
Optimizing module ptb.

9.4. Executing OPT_CLEAN pass (remove unused cells and wires).
Finding unused cells or wires in module $paramod$7068ac09caa024df265143630f51c7da53a5c1cd\soc_ram..
Finding unused cells or wires in module $paramod$73a3980ba8a68177b0617f0f620fd34f6ef3e417\cpu_bus_adapter..
Finding unused cells or wires in module $paramod$73a3980ba8a68177b0617f0f620fd34f6ef3e417\soc_mem_interconnect..
Finding unused cells or wires in module $paramod$c2a3448081698d2bf6d9917f598cb2fe8a9f281e\cpu_ram_subsystem..
Finding unused cells or wires in module \cpu_ram_subsystem_formal..
Finding unused cells or wires in module \picorv32_pcpi_fast_mul..
Finding unused cells or wires in module \picorv32a..
Finding unused cells or wires in module \ptb..

9.5. Executing CHECK pass (checking for obvious problems).
Checking module $paramod$7068ac09caa024df265143630f51c7da53a5c1cd\soc_ram...
Checking module $paramod$73a3980ba8a68177b0617f0f620fd34f6ef3e417\cpu_bus_adapter...
Checking module $paramod$73a3980ba8a68177b0617f0f620fd34f6ef3e417\soc_mem_interconnect...
Checking module $paramod$c2a3448081698d2bf6d9917f598cb2fe8a9f281e\cpu_ram_subsystem...
Checking module cpu_ram_subsystem_formal...
Warning: Wire cpu_ram_subsystem_formal.\clk is used but has no driver.
Warning: Wire cpu_ram_subsystem_formal.\dut.u_ram.reset is used but has no driver.
Warning: Wire cpu_ram_subsystem_formal.\dut.gpio_rdata is used but has no driver.
Warning: Wire cpu_ram_subsystem_formal.\dut.gpio_ready is used but has no driver.
Warning: Wire cpu_ram_subsystem_formal.\dut.m_rdata is used but has no driver.
Warning: Wire cpu_ram_subsystem_formal.\dut.mem_rdata is used but has no driver.
Warning: Wire cpu_ram_subsystem_formal.\dut.m_ready is used but has no driver.
Warning: Wire cpu_ram_subsystem_formal.\dut.mem_ready is used but has no driver.
Warning: Wire cpu_ram_subsystem_formal.\dut.m_strb is used but has no driver.
Warning: Wire cpu_ram_subsystem_formal.\dut.mem_wdata is used but has no driver.
Warning: Wire cpu_ram_subsystem_formal.\dut.m_wdata is used but has no driver.
Warning: Wire cpu_ram_subsystem_formal.\dut.mem_addr is used but has no driver.
Warning: Wire cpu_ram_subsystem_formal.\dut.m_addr is used but has no driver.
Warning: Wire cpu_ram_subsystem_formal.\dut.mem_wstrb is used but has no driver.
Warning: Wire cpu_ram_subsystem_formal.\dut.m_write is used but has no driver.
Warning: Wire cpu_ram_subsystem_formal.\dut.mem_valid is used but has no driver.
Warning: Wire cpu_ram_subsystem_formal.\dut.m_valid is used but has no driver.
Warning: Wire cpu_ram_subsystem_formal.\dut.ram_valid is used but has no driver.
Checking module picorv32_pcpi_fast_mul...
Checking module picorv32a...
Checking module ptb...
Found and reported 18 problems.

9.6. Executing OPT pass (performing simple optimizations).

9.6.1. Executing OPT_EXPR pass (perform const folding).
Optimizing module $paramod$7068ac09caa024df265143630f51c7da53a5c1cd\soc_ram.
Optimizing module $paramod$73a3980ba8a68177b0617f0f620fd34f6ef3e417\cpu_bus_adapter.
Optimizing module $paramod$73a3980ba8a68177b0617f0f620fd34f6ef3e417\soc_mem_interconnect.
Optimizing module $paramod$c2a3448081698d2bf6d9917f598cb2fe8a9f281e\cpu_ram_subsystem.
Optimizing module cpu_ram_subsystem_formal.
Optimizing module picorv32_pcpi_fast_mul.
Optimizing module picorv32a.
Optimizing module ptb.

9.6.2. Executing OPT_MERGE pass (detect identical cells).
Finding identical cells in module `$paramod$7068ac09caa024df265143630f51c7da53a5c1cd\soc_ram'.
Finding identical cells in module `$paramod$73a3980ba8a68177b0617f0f620fd34f6ef3e417\cpu_bus_adapter'.
Finding identical cells in module `$paramod$73a3980ba8a68177b0617f0f620fd34f6ef3e417\soc_mem_interconnect'.
Finding identical cells in module `$paramod$c2a3448081698d2bf6d9917f598cb2fe8a9f281e\cpu_ram_subsystem'.
Finding identical cells in module `\cpu_ram_subsystem_formal'.
Finding identical cells in module `\picorv32_pcpi_fast_mul'.
Finding identical cells in module `\picorv32a'.
Finding identical cells in module `\ptb'.
Removed a total of 0 cells.

9.6.3. Executing OPT_MUXTREE pass (detect dead branches in mux trees).
Running muxtree optimizer on module $paramod$7068ac09caa024df265143630f51c7da53a5c1cd\soc_ram..
  Creating internal representation of mux trees.
  Evaluating internal representation of mux trees.
  Analyzing evaluation results.
Running muxtree optimizer on module $paramod$73a3980ba8a68177b0617f0f620fd34f6ef3e417\cpu_bus_adapter..
  Creating internal representation of mux trees.
  No muxes found in this module.
Running muxtree optimizer on module $paramod$73a3980ba8a68177b0617f0f620fd34f6ef3e417\soc_mem_interconnect..
  Creating internal representation of mux trees.
  Evaluating internal representation of mux trees.
  Analyzing evaluation results.
Running muxtree optimizer on module $paramod$c2a3448081698d2bf6d9917f598cb2fe8a9f281e\cpu_ram_subsystem..
  Creating internal representation of mux trees.
  No muxes found in this module.
Running muxtree optimizer on module \cpu_ram_subsystem_formal..
  Creating internal representation of mux trees.
  Evaluating internal representation of mux trees.
  Analyzing evaluation results.
Running muxtree optimizer on module \picorv32_pcpi_fast_mul..
  Creating internal representation of mux trees.
  Evaluating internal representation of mux trees.
  Analyzing evaluation results.
Running muxtree optimizer on module \picorv32a..
  Creating internal representation of mux trees.
  Evaluating internal representation of mux trees.
  Analyzing evaluation results.
Running muxtree optimizer on module \ptb..
  Creating internal representation of mux trees.
  No muxes found in this module.
Removed 0 multiplexer ports.
<suppressed ~254 debug messages>

9.6.4. Executing OPT_REDUCE pass (consolidate $*mux and $reduce_* inputs).
  Optimizing cells in module $paramod$7068ac09caa024df265143630f51c7da53a5c1cd\soc_ram.
  Optimizing cells in module $paramod$73a3980ba8a68177b0617f0f620fd34f6ef3e417\cpu_bus_adapter.
  Optimizing cells in module $paramod$73a3980ba8a68177b0617f0f620fd34f6ef3e417\soc_mem_interconnect.
  Optimizing cells in module $paramod$c2a3448081698d2bf6d9917f598cb2fe8a9f281e\cpu_ram_subsystem.
  Optimizing cells in module \cpu_ram_subsystem_formal.
  Optimizing cells in module \picorv32_pcpi_fast_mul.
  Optimizing cells in module \picorv32a.
  Optimizing cells in module \ptb.
Performed a total of 0 changes.

9.6.5. Executing OPT_MERGE pass (detect identical cells).
Finding identical cells in module `$paramod$7068ac09caa024df265143630f51c7da53a5c1cd\soc_ram'.
Finding identical cells in module `$paramod$73a3980ba8a68177b0617f0f620fd34f6ef3e417\cpu_bus_adapter'.
Finding identical cells in module `$paramod$73a3980ba8a68177b0617f0f620fd34f6ef3e417\soc_mem_interconnect'.
Finding identical cells in module `$paramod$c2a3448081698d2bf6d9917f598cb2fe8a9f281e\cpu_ram_subsystem'.
Finding identical cells in module `\cpu_ram_subsystem_formal'.
Finding identical cells in module `\picorv32_pcpi_fast_mul'.
Finding identical cells in module `\picorv32a'.
Finding identical cells in module `\ptb'.
Removed a total of 0 cells.

9.6.6. Executing OPT_CLEAN pass (remove unused cells and wires).
Finding unused cells or wires in module $paramod$7068ac09caa024df265143630f51c7da53a5c1cd\soc_ram..
Finding unused cells or wires in module $paramod$73a3980ba8a68177b0617f0f620fd34f6ef3e417\cpu_bus_adapter..
Finding unused cells or wires in module $paramod$73a3980ba8a68177b0617f0f620fd34f6ef3e417\soc_mem_interconnect..
Finding unused cells or wires in module $paramod$c2a3448081698d2bf6d9917f598cb2fe8a9f281e\cpu_ram_subsystem..
Finding unused cells or wires in module \cpu_ram_subsystem_formal..
Finding unused cells or wires in module \picorv32_pcpi_fast_mul..
Finding unused cells or wires in module \picorv32a..
Finding unused cells or wires in module \ptb..

9.6.7. Executing OPT_EXPR pass (perform const folding).
Optimizing module $paramod$7068ac09caa024df265143630f51c7da53a5c1cd\soc_ram.
Optimizing module $paramod$73a3980ba8a68177b0617f0f620fd34f6ef3e417\cpu_bus_adapter.
Optimizing module $paramod$73a3980ba8a68177b0617f0f620fd34f6ef3e417\soc_mem_interconnect.
Optimizing module $paramod$c2a3448081698d2bf6d9917f598cb2fe8a9f281e\cpu_ram_subsystem.
Optimizing module cpu_ram_subsystem_formal.
Optimizing module picorv32_pcpi_fast_mul.
Optimizing module picorv32a.
Optimizing module ptb.

9.6.8. Finished OPT passes. (There is nothing left to do.)

9.7. Executing WREDUCE pass (reducing word size of cells).
Removed top 89 bits (of 128) from mux cell picorv32a.$procmux$3291 ($mux).
Removed top 25 bits (of 64) from mux cell picorv32a.$procmux$4031 ($mux).
Removed top 89 bits (of 128) from wire picorv32a.$2\dbg_ascii_state[127:0].
Removed top 25 bits (of 64) from wire picorv32a.$2\new_ascii_instr[63:0].
Removed top 1 bits (of 8) from wire picorv32a.$auto$wreduce.cc:461:run$4876.
Removed top 28 bits (of 32) from wire picorv32a.$auto$wreduce.cc:461:run$4877.
Removed top 27 bits (of 32) from wire picorv32a.$auto$wreduce.cc:461:run$4878.
Removed top 27 bits (of 32) from wire picorv32a.$auto$wreduce.cc:461:run$4879.
Removed top 29 bits (of 32) from wire picorv32a.$auto$wreduce.cc:461:run$4881.

9.8. Executing OPT_CLEAN pass (remove unused cells and wires).
Finding unused cells or wires in module $paramod$7068ac09caa024df265143630f51c7da53a5c1cd\soc_ram..
Finding unused cells or wires in module $paramod$73a3980ba8a68177b0617f0f620fd34f6ef3e417\cpu_bus_adapter..
Finding unused cells or wires in module $paramod$73a3980ba8a68177b0617f0f620fd34f6ef3e417\soc_mem_interconnect..
Finding unused cells or wires in module $paramod$c2a3448081698d2bf6d9917f598cb2fe8a9f281e\cpu_ram_subsystem..
Finding unused cells or wires in module \cpu_ram_subsystem_formal..
Finding unused cells or wires in module \picorv32_pcpi_fast_mul..
Finding unused cells or wires in module \picorv32a..
Finding unused cells or wires in module \ptb..
Removed 0 unused cells and 7 unused wires.
<suppressed ~1 debug messages>

9.9. Executing MEMORY_COLLECT pass (generating $mem cells).

9.10. Executing OPT pass (performing simple optimizations).

9.10.1. Executing OPT_EXPR pass (perform const folding).
Optimizing module $paramod$7068ac09caa024df265143630f51c7da53a5c1cd\soc_ram.
Optimizing module $paramod$73a3980ba8a68177b0617f0f620fd34f6ef3e417\cpu_bus_adapter.
Optimizing module $paramod$73a3980ba8a68177b0617f0f620fd34f6ef3e417\soc_mem_interconnect.
Optimizing module $paramod$c2a3448081698d2bf6d9917f598cb2fe8a9f281e\cpu_ram_subsystem.
Optimizing module cpu_ram_subsystem_formal.
Optimizing module picorv32_pcpi_fast_mul.
Optimizing module picorv32a.
Optimizing module ptb.

9.10.2. Executing OPT_MERGE pass (detect identical cells).
Finding identical cells in module `$paramod$7068ac09caa024df265143630f51c7da53a5c1cd\soc_ram'.
Finding identical cells in module `$paramod$73a3980ba8a68177b0617f0f620fd34f6ef3e417\cpu_bus_adapter'.
Finding identical cells in module `$paramod$73a3980ba8a68177b0617f0f620fd34f6ef3e417\soc_mem_interconnect'.
Finding identical cells in module `$paramod$c2a3448081698d2bf6d9917f598cb2fe8a9f281e\cpu_ram_subsystem'.
Finding identical cells in module `\cpu_ram_subsystem_formal'.
Finding identical cells in module `\picorv32_pcpi_fast_mul'.
Finding identical cells in module `\picorv32a'.
Finding identical cells in module `\ptb'.
Removed a total of 0 cells.

9.10.3. Executing OPT_CLEAN pass (remove unused cells and wires).
Finding unused cells or wires in module $paramod$7068ac09caa024df265143630f51c7da53a5c1cd\soc_ram..
Finding unused cells or wires in module $paramod$73a3980ba8a68177b0617f0f620fd34f6ef3e417\cpu_bus_adapter..
Finding unused cells or wires in module $paramod$73a3980ba8a68177b0617f0f620fd34f6ef3e417\soc_mem_interconnect..
Finding unused cells or wires in module $paramod$c2a3448081698d2bf6d9917f598cb2fe8a9f281e\cpu_ram_subsystem..
Finding unused cells or wires in module \cpu_ram_subsystem_formal..
Finding unused cells or wires in module \picorv32_pcpi_fast_mul..
Finding unused cells or wires in module \picorv32a..
Finding unused cells or wires in module \ptb..

9.10.4. Finished fast OPT passes.

9.11. Printing statistics.

=== $paramod$7068ac09caa024df265143630f51c7da53a5c1cd\soc_ram ===

   Number of wires:                 64
   Number of wire bits:           1203
   Number of public wires:          10
   Number of public wire bits:     113
   Number of memories:               0
   Number of memory bits:            0
   Number of processes:              0
   Number of cells:                 56
     $dff                            2
     $mem_v2                         1
     $mux                           53

=== $paramod$73a3980ba8a68177b0617f0f620fd34f6ef3e417\cpu_bus_adapter ===

   Number of wires:                 14
   Number of wire bits:            206
   Number of public wires:          14
   Number of public wire bits:     206
   Number of memories:               0
   Number of memory bits:            0
   Number of processes:              0
   Number of cells:                  1
     $reduce_or                      1

=== $paramod$73a3980ba8a68177b0617f0f620fd34f6ef3e417\soc_mem_interconnect ===

   Number of wires:                 32
   Number of wire bits:            416
   Number of public wires:          23
   Number of public wire bits:     311
   Number of memories:               0
   Number of memory bits:            0
   Number of processes:              0
   Number of cells:                 23
     $eq                             1
     $logic_and                      2
     $logic_not                      1
     $mux                           19

=== $paramod$c2a3448081698d2bf6d9917f598cb2fe8a9f281e\cpu_ram_subsystem ===

   Number of wires:                 32
   Number of wire bits:            416
   Number of public wires:          31
   Number of public wire bits:     415
   Number of memories:               0
   Number of memory bits:            0
   Number of processes:              0
   Number of cells:                  5
     $not                            1
     $paramod$7068ac09caa024df265143630f51c7da53a5c1cd\soc_ram      1
     $paramod$73a3980ba8a68177b0617f0f620fd34f6ef3e417\cpu_bus_adapter      1
     $paramod$73a3980ba8a68177b0617f0f620fd34f6ef3e417\soc_mem_interconnect      1
     ptb                             1

=== cpu_ram_subsystem_formal ===

   Number of wires:                 35
   Number of wire bits:             35
   Number of public wires:          20
   Number of public wire bits:      20
   Number of memories:               0
   Number of memory bits:            0
   Number of processes:              0
   Number of cells:                 27
     $assert                        11
     $dff                            2
     $eq                             7
     $logic_or                       1
     $mux                            2
     $not                            3
     $paramod$c2a3448081698d2bf6d9917f598cb2fe8a9f281e\cpu_ram_subsystem      1

=== picorv32_pcpi_fast_mul ===

   Number of wires:                 45
   Number of wire bits:            489
   Number of public wires:          24
   Number of public wire bits:     276
   Number of memories:               0
   Number of memory bits:            0
   Number of processes:              0
   Number of cells:                 36
     $dff                            5
     $eq                             5
     $logic_and                      4
     $logic_not                      2
     $mul                            1
     $mux                           16
     $reduce_or                      3

=== picorv32a ===

   Number of wires:               1046
   Number of wire bits:          10833
   Number of public wires:         206
   Number of public wire bits:    2291
   Number of memories:               0
   Number of memory bits:            0
   Number of processes:              0
   Number of cells:               1056
     $add                            9
     $and                            4
     $assert                        23
     $assume                         2
     $dff                          177
     $eq                            53
     $ge                             1
     $initstate                      1
     $logic_and                    103
     $logic_not                     40
     $logic_or                      35
     $lt                             2
     $mem_v2                         1
     $mux                          505
     $ne                             1
     $not                            2
     $or                             3
     $pmux                          48
     $reduce_and                     1
     $reduce_bool                    5
     $reduce_or                     30
     $shl                            2
     $sshr                           1
     $sub                            5
     $xor                            1
     picorv32_pcpi_fast_mul          1

=== ptb ===

   Number of wires:                 25
   Number of wire bits:            372
   Number of public wires:          25
   Number of public wire bits:     372
   Number of memories:               0
   Number of memory bits:            0
   Number of processes:              0
   Number of cells:                  1
     picorv32a                       1

=== design hierarchy ===

   cpu_ram_subsystem_formal          1
     $paramod$c2a3448081698d2bf6d9917f598cb2fe8a9f281e\cpu_ram_subsystem      1
       $paramod$7068ac09caa024df265143630f51c7da53a5c1cd\soc_ram      1
       $paramod$73a3980ba8a68177b0617f0f620fd34f6ef3e417\cpu_bus_adapter      1
       $paramod$73a3980ba8a68177b0617f0f620fd34f6ef3e417\soc_mem_interconnect      1
       ptb                           1
         picorv32a                   1
           picorv32_pcpi_fast_mul      1

   Number of wires:               1293
   Number of wire bits:          13970
   Number of public wires:         353
   Number of public wire bits:    4004
   Number of memories:               0
   Number of memory bits:            0
   Number of processes:              0
   Number of cells:               1198
     $add                            9
     $and                            4
     $assert                        34
     $assume                         2
     $dff                          186
     $eq                            66
     $ge                             1
     $initstate                      1
     $logic_and                    109
     $logic_not                     43
     $logic_or                      36
     $lt                             2
     $mem_v2                         2
     $mul                            1
     $mux                          595
     $ne                             1
     $not                            6
     $or                             3
     $pmux                          48
     $reduce_and                     1
     $reduce_bool                    5
     $reduce_or                     34
     $shl                            2
     $sshr                           1
     $sub                            5
     $xor                            1

9.12. Executing CHECK pass (checking for obvious problems).
Checking module $paramod$7068ac09caa024df265143630f51c7da53a5c1cd\soc_ram...
Checking module $paramod$73a3980ba8a68177b0617f0f620fd34f6ef3e417\cpu_bus_adapter...
Checking module $paramod$73a3980ba8a68177b0617f0f620fd34f6ef3e417\soc_mem_interconnect...
Checking module $paramod$c2a3448081698d2bf6d9917f598cb2fe8a9f281e\cpu_ram_subsystem...
Checking module cpu_ram_subsystem_formal...
Warning: Wire cpu_ram_subsystem_formal.\clk is used but has no driver.
Warning: Wire cpu_ram_subsystem_formal.\dut.u_ram.reset is used but has no driver.
Warning: Wire cpu_ram_subsystem_formal.\dut.gpio_rdata is used but has no driver.
Warning: Wire cpu_ram_subsystem_formal.\dut.gpio_ready is used but has no driver.
Warning: Wire cpu_ram_subsystem_formal.\dut.m_rdata is used but has no driver.
Warning: Wire cpu_ram_subsystem_formal.\dut.mem_rdata is used but has no driver.
Warning: Wire cpu_ram_subsystem_formal.\dut.m_ready is used but has no driver.
Warning: Wire cpu_ram_subsystem_formal.\dut.mem_ready is used but has no driver.
Warning: Wire cpu_ram_subsystem_formal.\dut.m_strb is used but has no driver.
Warning: Wire cpu_ram_subsystem_formal.\dut.mem_wdata is used but has no driver.
Warning: Wire cpu_ram_subsystem_formal.\dut.m_wdata is used but has no driver.
Warning: Wire cpu_ram_subsystem_formal.\dut.mem_addr is used but has no driver.
Warning: Wire cpu_ram_subsystem_formal.\dut.m_addr is used but has no driver.
Warning: Wire cpu_ram_subsystem_formal.\dut.mem_wstrb is used but has no driver.
Warning: Wire cpu_ram_subsystem_formal.\dut.m_write is used but has no driver.
Warning: Wire cpu_ram_subsystem_formal.\dut.mem_valid is used but has no driver.
Warning: Wire cpu_ram_subsystem_formal.\dut.m_valid is used but has no driver.
Warning: Wire cpu_ram_subsystem_formal.\dut.ram_valid is used but has no driver.
Checking module picorv32_pcpi_fast_mul...
Checking module picorv32a...
Checking module ptb...
Found and reported 18 problems.

10. Executing HIERARCHY pass (managing design hierarchy).

10.1. Analyzing design hierarchy..
Top module:  \cpu_ram_subsystem_formal
Used module:     $paramod$c2a3448081698d2bf6d9917f598cb2fe8a9f281e\cpu_ram_subsystem
Used module:         $paramod$73a3980ba8a68177b0617f0f620fd34f6ef3e417\cpu_bus_adapter
Used module:         \ptb
Used module:             \picorv32a
Used module:                 \picorv32_pcpi_fast_mul
Used module:         $paramod$73a3980ba8a68177b0617f0f620fd34f6ef3e417\soc_mem_interconnect
Used module:         $paramod$7068ac09caa024df265143630f51c7da53a5c1cd\soc_ram

10.2. Analyzing design hierarchy..
Top module:  \cpu_ram_subsystem_formal
Used module:     $paramod$c2a3448081698d2bf6d9917f598cb2fe8a9f281e\cpu_ram_subsystem
Used module:         $paramod$73a3980ba8a68177b0617f0f620fd34f6ef3e417\cpu_bus_adapter
Used module:         \ptb
Used module:             \picorv32a
Used module:                 \picorv32_pcpi_fast_mul
Used module:         $paramod$73a3980ba8a68177b0617f0f620fd34f6ef3e417\soc_mem_interconnect
Used module:         $paramod$7068ac09caa024df265143630f51c7da53a5c1cd\soc_ram
Removed 0 unused modules.
Module $paramod$c2a3448081698d2bf6d9917f598cb2fe8a9f281e\cpu_ram_subsystem directly or indirectly contains formal properties -> setting "keep" attribute.
Module cpu_ram_subsystem_formal directly or indirectly contains formal properties -> setting "keep" attribute.
Module picorv32a directly or indirectly contains formal properties -> setting "keep" attribute.
Module ptb directly or indirectly contains formal properties -> setting "keep" attribute.

11. Executing jny backend.

12. Executing RTLIL backend.
Output filename: ../model/design.il

Warnings: 40 unique messages, 94 total
End of script. Logfile hash: e8686c86da, CPU: user 5.26s system 0.22s, MEM: 33.25 MB peak
Yosys 0.33 (git sha1 2584903a060)
Time spent: 24% 10x opt_clean (1 sec), 20% 4x check (1 sec), ...
