Copyright 1986-2020 Xilinx, Inc. All Rights Reserved.
-----------------------------------------------------------------------------------------------------------------------------------------------------------------------------------------------------
| Tool Version : Vivado v.2020.1 (win64) Build 2902540 Wed May 27 19:54:49 MDT 2020
| Date         : Fri Aug  7 09:29:04 2026
| Host         : Envy running 64-bit major release  (build 9200)
| Command      : report_timing_summary -max_paths 10 -file cb_wrapper_timing_summary_routed.rpt -pb cb_wrapper_timing_summary_routed.pb -rpx cb_wrapper_timing_summary_routed.rpx -warn_on_violation
| Design       : cb_wrapper
| Device       : 7z020-clg484
| Speed File   : -1  PRODUCTION 1.12 2019-11-22
-----------------------------------------------------------------------------------------------------------------------------------------------------------------------------------------------------

Timing Summary Report

------------------------------------------------------------------------------------------------
| Timer Settings
| --------------
------------------------------------------------------------------------------------------------

  Enable Multi Corner Analysis               :  Yes
  Enable Pessimism Removal                   :  Yes
  Pessimism Removal Resolution               :  Nearest Common Node
  Enable Input Delay Default Clock           :  No
  Enable Preset / Clear Arcs                 :  No
  Disable Flight Delays                      :  No
  Ignore I/O Paths                           :  No
  Timing Early Launch at Borrowing Latches   :  No
  Borrow Time for Max Delay Exceptions       :  Yes
  Merge Timing Exceptions                    :  Yes

  Corner  Analyze    Analyze    
  Name    Max Paths  Min Paths  
  ------  ---------  ---------  
  Slow    Yes        Yes        
  Fast    Yes        Yes        



check_timing report

Table of Contents
-----------------
1. checking no_clock (0)
2. checking constant_clock (0)
3. checking pulse_width_clock (0)
4. checking unconstrained_internal_endpoints (0)
5. checking no_input_delay (0)
6. checking no_output_delay (14)
7. checking multiple_clock (0)
8. checking generated_clocks (0)
9. checking loops (0)
10. checking partial_input_delay (0)
11. checking partial_output_delay (0)
12. checking latch_loops (0)

1. checking no_clock (0)
------------------------
 There are 0 register/latch pins with no clock.


2. checking constant_clock (0)
------------------------------
 There are 0 register/latch pins with constant_clock.


3. checking pulse_width_clock (0)
---------------------------------
 There are 0 register/latch pins which need pulse_width check


4. checking unconstrained_internal_endpoints (0)
------------------------------------------------
 There are 0 pins that are not constrained for maximum delay.

 There are 0 pins that are not constrained for maximum delay due to constant clock.


5. checking no_input_delay (0)
------------------------------
 There are 0 input ports with no input delay specified.

 There are 0 input ports with no input delay but user has a false path constraint.


6. checking no_output_delay (14)
--------------------------------
 There are 0 ports with no output delay specified.

 There are 14 ports with no output delay but user has a false path constraint (MEDIUM)

 There are 0 ports with no output delay but with a timing clock defined on it or propagating through it


7. checking multiple_clock (0)
------------------------------
 There are 0 register/latch pins with multiple clocks.


8. checking generated_clocks (0)
--------------------------------
 There are 0 generated clocks that are not connected to a clock source.


9. checking loops (0)
---------------------
 There are 0 combinational loops in the design.


10. checking partial_input_delay (0)
------------------------------------
 There are 0 input ports with partial input delay specified.


11. checking partial_output_delay (0)
-------------------------------------
 There are 0 ports with partial output delay specified.


12. checking latch_loops (0)
----------------------------
 There are 0 combinational latch loops in the design through latch input



------------------------------------------------------------------------------------------------
| Design Timing Summary
| ---------------------
------------------------------------------------------------------------------------------------

    WNS(ns)      TNS(ns)  TNS Failing Endpoints  TNS Total Endpoints      WHS(ns)      THS(ns)  THS Failing Endpoints  THS Total Endpoints     WPWS(ns)     TPWS(ns)  TPWS Failing Endpoints  TPWS Total Endpoints  
    -------      -------  ---------------------  -------------------      -------      -------  ---------------------  -------------------     --------     --------  ----------------------  --------------------  
      3.229        0.000                      0                 2429        0.045        0.000                      0                 2429        3.000        0.000                       0                  1183  


All user specified timing constraints are met.


------------------------------------------------------------------------------------------------
| Clock Summary
| -------------
------------------------------------------------------------------------------------------------

Clock                      Waveform(ns)       Period(ns)      Frequency(MHz)
-----                      ------------       ----------      --------------
clk_fpga_0                 {0.000 5.000}      10.000          100.000         
  clk_out1_cb_clk_wiz_0_2  {0.000 5.000}      10.000          100.000         
  clk_out2_cb_clk_wiz_0_2  {0.000 20.000}     40.000          25.000          
  clkfbout_cb_clk_wiz_0_2  {0.000 5.000}      10.000          100.000         


------------------------------------------------------------------------------------------------
| Intra Clock Table
| -----------------
------------------------------------------------------------------------------------------------

Clock                          WNS(ns)      TNS(ns)  TNS Failing Endpoints  TNS Total Endpoints      WHS(ns)      THS(ns)  THS Failing Endpoints  THS Total Endpoints     WPWS(ns)     TPWS(ns)  TPWS Failing Endpoints  TPWS Total Endpoints  
-----                          -------      -------  ---------------------  -------------------      -------      -------  ---------------------  -------------------     --------     --------  ----------------------  --------------------  
clk_fpga_0                       3.229        0.000                      0                 2289        0.045        0.000                      0                 2289        3.000        0.000                       0                  1118  
  clk_out1_cb_clk_wiz_0_2        6.347        0.000                      0                   54        0.215        0.000                      0                   54        4.500        0.000                       0                    44  
  clk_out2_cb_clk_wiz_0_2       38.651        0.000                      0                    3        0.321        0.000                      0                    3       19.500        0.000                       0                    18  
  clkfbout_cb_clk_wiz_0_2                                                                                                                                                    7.845        0.000                       0                     3  


------------------------------------------------------------------------------------------------
| Inter Clock Table
| -----------------
------------------------------------------------------------------------------------------------

From Clock               To Clock                     WNS(ns)      TNS(ns)  TNS Failing Endpoints  TNS Total Endpoints      WHS(ns)      THS(ns)  THS Failing Endpoints  THS Total Endpoints  
----------               --------                     -------      -------  ---------------------  -------------------      -------      -------  ---------------------  -------------------  
clk_fpga_0               clk_out2_cb_clk_wiz_0_2        4.837        0.000                      0                   28        0.138        0.000                      0                   28  


------------------------------------------------------------------------------------------------
| Other Path Groups Table
| -----------------------
------------------------------------------------------------------------------------------------

Path Group               From Clock               To Clock                     WNS(ns)      TNS(ns)  TNS Failing Endpoints  TNS Total Endpoints      WHS(ns)      THS(ns)  THS Failing Endpoints  THS Total Endpoints  
----------               ----------               --------                     -------      -------  ---------------------  -------------------      -------      -------  ---------------------  -------------------  
**async_default**        clk_fpga_0               clk_out1_cb_clk_wiz_0_2        6.247        0.000                      0                   42        0.289        0.000                      0                   42  
**async_default**        clk_fpga_0               clk_out2_cb_clk_wiz_0_2        6.420        0.000                      0                   16        0.163        0.000                      0                   16  


------------------------------------------------------------------------------------------------
| Timing Details
| --------------
------------------------------------------------------------------------------------------------


---------------------------------------------------------------------------------------------------
From Clock:  clk_fpga_0
  To Clock:  clk_fpga_0

Setup :            0  Failing Endpoints,  Worst Slack        3.229ns,  Total Violation        0.000ns
Hold  :            0  Failing Endpoints,  Worst Slack        0.045ns,  Total Violation        0.000ns
PW    :            0  Failing Endpoints,  Worst Slack        3.000ns,  Total Violation        0.000ns
---------------------------------------------------------------------------------------------------


Max Delay Paths
--------------------------------------------------------------------------------------
Slack (MET) :             3.229ns  (required time - arrival time)
  Source:                 cb_i/axi_gpio_1/U0/AXI_LITE_IPIF_I/I_SLAVE_ATTACHMENT/is_write_reg/C
                            (rising edge-triggered cell FDRE clocked by clk_fpga_0  {rise@0.000ns fall@5.000ns period=10.000ns})
  Destination:            cb_i/processing_system7_0/inst/PS7_i/MAXIGP0WREADY
                            (rising edge-triggered cell PS7 clocked by clk_fpga_0  {rise@0.000ns fall@5.000ns period=10.000ns})
  Path Group:             clk_fpga_0
  Path Type:              Setup (Max at Slow Process Corner)
  Requirement:            10.000ns  (clk_fpga_0 rise@10.000ns - clk_fpga_0 rise@0.000ns)
  Data Path Delay:        5.553ns  (logic 1.009ns (18.170%)  route 4.544ns (81.830%))
  Logic Levels:           4  (LUT5=2 LUT6=2)
  Clock Path Skew:        0.028ns (DCD - SCD + CPR)
    Destination Clock Delay (DCD):    2.742ns = ( 12.742 - 10.000 ) 
    Source Clock Delay      (SCD):    2.943ns
    Clock Pessimism Removal (CPR):    0.229ns
  Clock Uncertainty:      0.154ns  ((TSJ^2 + TIJ^2)^1/2 + DJ) / 2 + PE
    Total System Jitter     (TSJ):    0.071ns
    Total Input Jitter      (TIJ):    0.300ns
    Discrete Jitter          (DJ):    0.000ns
    Phase Error              (PE):    0.000ns

    Location             Delay type                Incr(ns)  Path(ns)    Netlist Resource(s)
  -------------------------------------------------------------------    -------------------
                         (clock clk_fpga_0 rise edge)
                                                      0.000     0.000 r  
    PS7_X0Y0             PS7                          0.000     0.000 r  cb_i/processing_system7_0/inst/PS7_i/FCLKCLK[0]
                         net (fo=1, routed)           1.193     1.193    cb_i/processing_system7_0/inst/FCLK_CLK_unbuffered[0]
    BUFGCTRL_X0Y16       BUFG (Prop_bufg_I_O)         0.101     1.294 r  cb_i/processing_system7_0/inst/buffer_fclk_clk_0.FCLK_CLK_0_BUFG/O
                         net (fo=1118, routed)        1.649     2.943    cb_i/axi_gpio_1/U0/AXI_LITE_IPIF_I/I_SLAVE_ATTACHMENT/s_axi_aclk
    SLICE_X38Y88         FDRE                                         r  cb_i/axi_gpio_1/U0/AXI_LITE_IPIF_I/I_SLAVE_ATTACHMENT/is_write_reg/C
  -------------------------------------------------------------------    -------------------
    SLICE_X38Y88         FDRE (Prop_fdre_C_Q)         0.518     3.461 r  cb_i/axi_gpio_1/U0/AXI_LITE_IPIF_I/I_SLAVE_ATTACHMENT/is_write_reg/Q
                         net (fo=2, routed)           1.092     4.553    cb_i/axi_gpio_1/U0/AXI_LITE_IPIF_I/I_SLAVE_ATTACHMENT/I_DECODER/MEM_DECODE_GEN[0].cs_out_i_reg[0]_3
    SLICE_X39Y88         LUT6 (Prop_lut6_I1_O)        0.124     4.677 r  cb_i/axi_gpio_1/U0/AXI_LITE_IPIF_I/I_SLAVE_ATTACHMENT/I_DECODER/s_axi_wready_INST_0/O
                         net (fo=8, routed)           1.286     5.963    cb_i/ps7_0_axi_periph/xbar/inst/gen_sasd.crossbar_sasd_0/splitter_aw/m_axi_wready[0]
    SLICE_X43Y92         LUT5 (Prop_lut5_I1_O)        0.124     6.087 r  cb_i/ps7_0_axi_periph/xbar/inst/gen_sasd.crossbar_sasd_0/splitter_aw/s_axi_wready[0]_INST_0_i_5/O
                         net (fo=2, routed)           0.472     6.559    cb_i/ps7_0_axi_periph/xbar/inst/gen_sasd.crossbar_sasd_0/gen_decerr.decerr_slave_inst/m_ready_d_reg[2]_3
    SLICE_X43Y93         LUT6 (Prop_lut6_I5_O)        0.124     6.683 r  cb_i/ps7_0_axi_periph/xbar/inst/gen_sasd.crossbar_sasd_0/gen_decerr.decerr_slave_inst/s_axi_wready[0]_INST_0_i_1/O
                         net (fo=1, routed)           0.627     7.310    cb_i/ps7_0_axi_periph/xbar/inst/gen_sasd.crossbar_sasd_0/addr_arbiter_inst/f_mux_return__1
    SLICE_X40Y93         LUT5 (Prop_lut5_I4_O)        0.119     7.429 r  cb_i/ps7_0_axi_periph/xbar/inst/gen_sasd.crossbar_sasd_0/addr_arbiter_inst/s_axi_wready[0]_INST_0/O
                         net (fo=1, routed)           1.067     8.496    cb_i/processing_system7_0/inst/M_AXI_GP0_WREADY
    PS7_X0Y0             PS7                                          r  cb_i/processing_system7_0/inst/PS7_i/MAXIGP0WREADY
  -------------------------------------------------------------------    -------------------

                         (clock clk_fpga_0 rise edge)
                                                     10.000    10.000 r  
    PS7_X0Y0             PS7                          0.000    10.000 r  cb_i/processing_system7_0/inst/PS7_i/FCLKCLK[0]
                         net (fo=1, routed)           1.088    11.088    cb_i/processing_system7_0/inst/FCLK_CLK_unbuffered[0]
    BUFGCTRL_X0Y16       BUFG (Prop_bufg_I_O)         0.091    11.179 r  cb_i/processing_system7_0/inst/buffer_fclk_clk_0.FCLK_CLK_0_BUFG/O
                         net (fo=1118, routed)        1.562    12.742    cb_i/processing_system7_0/inst/M_AXI_GP0_ACLK
    PS7_X0Y0             PS7                                          r  cb_i/processing_system7_0/inst/PS7_i/MAXIGP0ACLK
                         clock pessimism              0.229    12.971    
                         clock uncertainty           -0.154    12.817    
    PS7_X0Y0             PS7 (Setup_ps7_MAXIGP0ACLK_MAXIGP0WREADY)
                                                     -1.091    11.726    cb_i/processing_system7_0/inst/PS7_i
  -------------------------------------------------------------------
                         required time                         11.726    
                         arrival time                          -8.496    
  -------------------------------------------------------------------
                         slack                                  3.229    

Slack (MET) :             4.205ns  (required time - arrival time)
  Source:                 cb_i/ps7_0_axi_periph/s00_couplers/auto_pc/inst/gen_axilite.gen_b2s_conv.axilite_b2s/SI_REG/aw.aw_pipe/m_payload_i_reg[39]/C
                            (rising edge-triggered cell FDRE clocked by clk_fpga_0  {rise@0.000ns fall@5.000ns period=10.000ns})
  Destination:            cb_i/ps7_0_axi_periph/s00_couplers/auto_pc/inst/gen_axilite.gen_b2s_conv.axilite_b2s/WR.aw_channel_0/cmd_translator_0/incr_cmd_0/axaddr_incr_reg[4]/D
                            (rising edge-triggered cell FDRE clocked by clk_fpga_0  {rise@0.000ns fall@5.000ns period=10.000ns})
  Path Group:             clk_fpga_0
  Path Type:              Setup (Max at Slow Process Corner)
  Requirement:            10.000ns  (clk_fpga_0 rise@10.000ns - clk_fpga_0 rise@0.000ns)
  Data Path Delay:        5.605ns  (logic 2.034ns (36.288%)  route 3.571ns (63.712%))
  Logic Levels:           6  (CARRY4=2 LUT3=1 LUT4=1 LUT5=1 LUT6=1)
  Clock Path Skew:        -0.065ns (DCD - SCD + CPR)
    Destination Clock Delay (DCD):    2.700ns = ( 12.700 - 10.000 ) 
    Source Clock Delay      (SCD):    2.994ns
    Clock Pessimism Removal (CPR):    0.229ns
  Clock Uncertainty:      0.154ns  ((TSJ^2 + TIJ^2)^1/2 + DJ) / 2 + PE
    Total System Jitter     (TSJ):    0.071ns
    Total Input Jitter      (TIJ):    0.300ns
    Discrete Jitter          (DJ):    0.000ns
    Phase Error              (PE):    0.000ns

    Location             Delay type                Incr(ns)  Path(ns)    Netlist Resource(s)
  -------------------------------------------------------------------    -------------------
                         (clock clk_fpga_0 rise edge)
                                                      0.000     0.000 r  
    PS7_X0Y0             PS7                          0.000     0.000 r  cb_i/processing_system7_0/inst/PS7_i/FCLKCLK[0]
                         net (fo=1, routed)           1.193     1.193    cb_i/processing_system7_0/inst/FCLK_CLK_unbuffered[0]
    BUFGCTRL_X0Y16       BUFG (Prop_bufg_I_O)         0.101     1.294 r  cb_i/processing_system7_0/inst/buffer_fclk_clk_0.FCLK_CLK_0_BUFG/O
                         net (fo=1118, routed)        1.700     2.994    cb_i/ps7_0_axi_periph/s00_couplers/auto_pc/inst/gen_axilite.gen_b2s_conv.axilite_b2s/SI_REG/aw.aw_pipe/aclk
    SLICE_X29Y99         FDRE                                         r  cb_i/ps7_0_axi_periph/s00_couplers/auto_pc/inst/gen_axilite.gen_b2s_conv.axilite_b2s/SI_REG/aw.aw_pipe/m_payload_i_reg[39]/C
  -------------------------------------------------------------------    -------------------
    SLICE_X29Y99         FDRE (Prop_fdre_C_Q)         0.419     3.413 r  cb_i/ps7_0_axi_periph/s00_couplers/auto_pc/inst/gen_axilite.gen_b2s_conv.axilite_b2s/SI_REG/aw.aw_pipe/m_payload_i_reg[39]/Q
                         net (fo=7, routed)           1.275     4.688    cb_i/ps7_0_axi_periph/s00_couplers/auto_pc/inst/gen_axilite.gen_b2s_conv.axilite_b2s/WR.b_channel_0/bid_fifo_0/Q[0]
    SLICE_X32Y94         LUT5 (Prop_lut5_I3_O)        0.296     4.984 f  cb_i/ps7_0_axi_periph/s00_couplers/auto_pc/inst/gen_axilite.gen_b2s_conv.axilite_b2s/WR.b_channel_0/bid_fifo_0/FSM_sequential_state[0]_i_2/O
                         net (fo=3, routed)           0.642     5.625    cb_i/ps7_0_axi_periph/s00_couplers/auto_pc/inst/gen_axilite.gen_b2s_conv.axilite_b2s/WR.b_channel_0/bid_fifo_0/FSM_sequential_state[0]_i_2_n_0
    SLICE_X33Y94         LUT6 (Prop_lut6_I1_O)        0.124     5.749 r  cb_i/ps7_0_axi_periph/s00_couplers/auto_pc/inst/gen_axilite.gen_b2s_conv.axilite_b2s/WR.b_channel_0/bid_fifo_0/next_pending_r_i_3/O
                         net (fo=23, routed)          0.847     6.596    cb_i/ps7_0_axi_periph/s00_couplers/auto_pc/inst/gen_axilite.gen_b2s_conv.axilite_b2s/WR.aw_channel_0/cmd_translator_0/incr_cmd_0/next_pending_r_reg_0
    SLICE_X28Y93         LUT4 (Prop_lut4_I1_O)        0.124     6.720 r  cb_i/ps7_0_axi_periph/s00_couplers/auto_pc/inst/gen_axilite.gen_b2s_conv.axilite_b2s/WR.aw_channel_0/cmd_translator_0/incr_cmd_0/axaddr_incr[3]_i_9/O
                         net (fo=1, routed)           0.000     6.720    cb_i/ps7_0_axi_periph/s00_couplers/auto_pc/inst/gen_axilite.gen_b2s_conv.axilite_b2s/SI_REG/aw.aw_pipe/S[1]
    SLICE_X28Y93         CARRY4 (Prop_carry4_S[1]_CO[3])
                                                      0.550     7.270 r  cb_i/ps7_0_axi_periph/s00_couplers/auto_pc/inst/gen_axilite.gen_b2s_conv.axilite_b2s/SI_REG/aw.aw_pipe/axaddr_incr_reg[3]_i_2/CO[3]
                         net (fo=1, routed)           0.000     7.270    cb_i/ps7_0_axi_periph/s00_couplers/auto_pc/inst/gen_axilite.gen_b2s_conv.axilite_b2s/SI_REG/aw.aw_pipe/axaddr_incr_reg[3]_i_2_n_0
    SLICE_X28Y94         CARRY4 (Prop_carry4_CI_O[0])
                                                      0.222     7.492 r  cb_i/ps7_0_axi_periph/s00_couplers/auto_pc/inst/gen_axilite.gen_b2s_conv.axilite_b2s/SI_REG/aw.aw_pipe/axaddr_incr_reg[7]_i_2/O[0]
                         net (fo=1, routed)           0.808     8.300    cb_i/ps7_0_axi_periph/s00_couplers/auto_pc/inst/gen_axilite.gen_b2s_conv.axilite_b2s/WR.aw_channel_0/cmd_translator_0/incr_cmd_0/axaddr_incr[4]
    SLICE_X27Y94         LUT3 (Prop_lut3_I0_O)        0.299     8.599 r  cb_i/ps7_0_axi_periph/s00_couplers/auto_pc/inst/gen_axilite.gen_b2s_conv.axilite_b2s/WR.aw_channel_0/cmd_translator_0/incr_cmd_0/axaddr_incr[4]_i_1/O
                         net (fo=1, routed)           0.000     8.599    cb_i/ps7_0_axi_periph/s00_couplers/auto_pc/inst/gen_axilite.gen_b2s_conv.axilite_b2s/WR.aw_channel_0/cmd_translator_0/incr_cmd_0/p_1_in[4]
    SLICE_X27Y94         FDRE                                         r  cb_i/ps7_0_axi_periph/s00_couplers/auto_pc/inst/gen_axilite.gen_b2s_conv.axilite_b2s/WR.aw_channel_0/cmd_translator_0/incr_cmd_0/axaddr_incr_reg[4]/D
  -------------------------------------------------------------------    -------------------

                         (clock clk_fpga_0 rise edge)
                                                     10.000    10.000 r  
    PS7_X0Y0             PS7                          0.000    10.000 r  cb_i/processing_system7_0/inst/PS7_i/FCLKCLK[0]
                         net (fo=1, routed)           1.088    11.088    cb_i/processing_system7_0/inst/FCLK_CLK_unbuffered[0]
    BUFGCTRL_X0Y16       BUFG (Prop_bufg_I_O)         0.091    11.179 r  cb_i/processing_system7_0/inst/buffer_fclk_clk_0.FCLK_CLK_0_BUFG/O
                         net (fo=1118, routed)        1.521    12.700    cb_i/ps7_0_axi_periph/s00_couplers/auto_pc/inst/gen_axilite.gen_b2s_conv.axilite_b2s/WR.aw_channel_0/cmd_translator_0/incr_cmd_0/aclk
    SLICE_X27Y94         FDRE                                         r  cb_i/ps7_0_axi_periph/s00_couplers/auto_pc/inst/gen_axilite.gen_b2s_conv.axilite_b2s/WR.aw_channel_0/cmd_translator_0/incr_cmd_0/axaddr_incr_reg[4]/C
                         clock pessimism              0.229    12.929    
                         clock uncertainty           -0.154    12.775    
    SLICE_X27Y94         FDRE (Setup_fdre_C_D)        0.029    12.804    cb_i/ps7_0_axi_periph/s00_couplers/auto_pc/inst/gen_axilite.gen_b2s_conv.axilite_b2s/WR.aw_channel_0/cmd_translator_0/incr_cmd_0/axaddr_incr_reg[4]
  -------------------------------------------------------------------
                         required time                         12.804    
                         arrival time                          -8.599    
  -------------------------------------------------------------------
                         slack                                  4.205    

Slack (MET) :             4.229ns  (required time - arrival time)
  Source:                 cb_i/ps7_0_axi_periph/s00_couplers/auto_pc/inst/gen_axilite.gen_b2s_conv.axilite_b2s/SI_REG/aw.aw_pipe/m_payload_i_reg[39]/C
                            (rising edge-triggered cell FDRE clocked by clk_fpga_0  {rise@0.000ns fall@5.000ns period=10.000ns})
  Destination:            cb_i/ps7_0_axi_periph/s00_couplers/auto_pc/inst/gen_axilite.gen_b2s_conv.axilite_b2s/WR.aw_channel_0/cmd_translator_0/incr_cmd_0/axaddr_incr_reg[5]/D
                            (rising edge-triggered cell FDRE clocked by clk_fpga_0  {rise@0.000ns fall@5.000ns period=10.000ns})
  Path Group:             clk_fpga_0
  Path Type:              Setup (Max at Slow Process Corner)
  Requirement:            10.000ns  (clk_fpga_0 rise@10.000ns - clk_fpga_0 rise@0.000ns)
  Data Path Delay:        5.583ns  (logic 2.150ns (38.513%)  route 3.433ns (61.487%))
  Logic Levels:           6  (CARRY4=2 LUT3=1 LUT4=1 LUT5=1 LUT6=1)
  Clock Path Skew:        -0.065ns (DCD - SCD + CPR)
    Destination Clock Delay (DCD):    2.700ns = ( 12.700 - 10.000 ) 
    Source Clock Delay      (SCD):    2.994ns
    Clock Pessimism Removal (CPR):    0.229ns
  Clock Uncertainty:      0.154ns  ((TSJ^2 + TIJ^2)^1/2 + DJ) / 2 + PE
    Total System Jitter     (TSJ):    0.071ns
    Total Input Jitter      (TIJ):    0.300ns
    Discrete Jitter          (DJ):    0.000ns
    Phase Error              (PE):    0.000ns

    Location             Delay type                Incr(ns)  Path(ns)    Netlist Resource(s)
  -------------------------------------------------------------------    -------------------
                         (clock clk_fpga_0 rise edge)
                                                      0.000     0.000 r  
    PS7_X0Y0             PS7                          0.000     0.000 r  cb_i/processing_system7_0/inst/PS7_i/FCLKCLK[0]
                         net (fo=1, routed)           1.193     1.193    cb_i/processing_system7_0/inst/FCLK_CLK_unbuffered[0]
    BUFGCTRL_X0Y16       BUFG (Prop_bufg_I_O)         0.101     1.294 r  cb_i/processing_system7_0/inst/buffer_fclk_clk_0.FCLK_CLK_0_BUFG/O
                         net (fo=1118, routed)        1.700     2.994    cb_i/ps7_0_axi_periph/s00_couplers/auto_pc/inst/gen_axilite.gen_b2s_conv.axilite_b2s/SI_REG/aw.aw_pipe/aclk
    SLICE_X29Y99         FDRE                                         r  cb_i/ps7_0_axi_periph/s00_couplers/auto_pc/inst/gen_axilite.gen_b2s_conv.axilite_b2s/SI_REG/aw.aw_pipe/m_payload_i_reg[39]/C
  -------------------------------------------------------------------    -------------------
    SLICE_X29Y99         FDRE (Prop_fdre_C_Q)         0.419     3.413 r  cb_i/ps7_0_axi_periph/s00_couplers/auto_pc/inst/gen_axilite.gen_b2s_conv.axilite_b2s/SI_REG/aw.aw_pipe/m_payload_i_reg[39]/Q
                         net (fo=7, routed)           1.275     4.688    cb_i/ps7_0_axi_periph/s00_couplers/auto_pc/inst/gen_axilite.gen_b2s_conv.axilite_b2s/WR.b_channel_0/bid_fifo_0/Q[0]
    SLICE_X32Y94         LUT5 (Prop_lut5_I3_O)        0.296     4.984 f  cb_i/ps7_0_axi_periph/s00_couplers/auto_pc/inst/gen_axilite.gen_b2s_conv.axilite_b2s/WR.b_channel_0/bid_fifo_0/FSM_sequential_state[0]_i_2/O
                         net (fo=3, routed)           0.642     5.625    cb_i/ps7_0_axi_periph/s00_couplers/auto_pc/inst/gen_axilite.gen_b2s_conv.axilite_b2s/WR.b_channel_0/bid_fifo_0/FSM_sequential_state[0]_i_2_n_0
    SLICE_X33Y94         LUT6 (Prop_lut6_I1_O)        0.124     5.749 r  cb_i/ps7_0_axi_periph/s00_couplers/auto_pc/inst/gen_axilite.gen_b2s_conv.axilite_b2s/WR.b_channel_0/bid_fifo_0/next_pending_r_i_3/O
                         net (fo=23, routed)          0.847     6.596    cb_i/ps7_0_axi_periph/s00_couplers/auto_pc/inst/gen_axilite.gen_b2s_conv.axilite_b2s/WR.aw_channel_0/cmd_translator_0/incr_cmd_0/next_pending_r_reg_0
    SLICE_X28Y93         LUT4 (Prop_lut4_I1_O)        0.124     6.720 r  cb_i/ps7_0_axi_periph/s00_couplers/auto_pc/inst/gen_axilite.gen_b2s_conv.axilite_b2s/WR.aw_channel_0/cmd_translator_0/incr_cmd_0/axaddr_incr[3]_i_9/O
                         net (fo=1, routed)           0.000     6.720    cb_i/ps7_0_axi_periph/s00_couplers/auto_pc/inst/gen_axilite.gen_b2s_conv.axilite_b2s/SI_REG/aw.aw_pipe/S[1]
    SLICE_X28Y93         CARRY4 (Prop_carry4_S[1]_CO[3])
                                                      0.550     7.270 r  cb_i/ps7_0_axi_periph/s00_couplers/auto_pc/inst/gen_axilite.gen_b2s_conv.axilite_b2s/SI_REG/aw.aw_pipe/axaddr_incr_reg[3]_i_2/CO[3]
                         net (fo=1, routed)           0.000     7.270    cb_i/ps7_0_axi_periph/s00_couplers/auto_pc/inst/gen_axilite.gen_b2s_conv.axilite_b2s/SI_REG/aw.aw_pipe/axaddr_incr_reg[3]_i_2_n_0
    SLICE_X28Y94         CARRY4 (Prop_carry4_CI_O[1])
                                                      0.334     7.604 r  cb_i/ps7_0_axi_periph/s00_couplers/auto_pc/inst/gen_axilite.gen_b2s_conv.axilite_b2s/SI_REG/aw.aw_pipe/axaddr_incr_reg[7]_i_2/O[1]
                         net (fo=1, routed)           0.670     8.274    cb_i/ps7_0_axi_periph/s00_couplers/auto_pc/inst/gen_axilite.gen_b2s_conv.axilite_b2s/WR.aw_channel_0/cmd_translator_0/incr_cmd_0/axaddr_incr[5]
    SLICE_X27Y94         LUT3 (Prop_lut3_I0_O)        0.303     8.577 r  cb_i/ps7_0_axi_periph/s00_couplers/auto_pc/inst/gen_axilite.gen_b2s_conv.axilite_b2s/WR.aw_channel_0/cmd_translator_0/incr_cmd_0/axaddr_incr[5]_i_1/O
                         net (fo=1, routed)           0.000     8.577    cb_i/ps7_0_axi_periph/s00_couplers/auto_pc/inst/gen_axilite.gen_b2s_conv.axilite_b2s/WR.aw_channel_0/cmd_translator_0/incr_cmd_0/p_1_in[5]
    SLICE_X27Y94         FDRE                                         r  cb_i/ps7_0_axi_periph/s00_couplers/auto_pc/inst/gen_axilite.gen_b2s_conv.axilite_b2s/WR.aw_channel_0/cmd_translator_0/incr_cmd_0/axaddr_incr_reg[5]/D
  -------------------------------------------------------------------    -------------------

                         (clock clk_fpga_0 rise edge)
                                                     10.000    10.000 r  
    PS7_X0Y0             PS7                          0.000    10.000 r  cb_i/processing_system7_0/inst/PS7_i/FCLKCLK[0]
                         net (fo=1, routed)           1.088    11.088    cb_i/processing_system7_0/inst/FCLK_CLK_unbuffered[0]
    BUFGCTRL_X0Y16       BUFG (Prop_bufg_I_O)         0.091    11.179 r  cb_i/processing_system7_0/inst/buffer_fclk_clk_0.FCLK_CLK_0_BUFG/O
                         net (fo=1118, routed)        1.521    12.700    cb_i/ps7_0_axi_periph/s00_couplers/auto_pc/inst/gen_axilite.gen_b2s_conv.axilite_b2s/WR.aw_channel_0/cmd_translator_0/incr_cmd_0/aclk
    SLICE_X27Y94         FDRE                                         r  cb_i/ps7_0_axi_periph/s00_couplers/auto_pc/inst/gen_axilite.gen_b2s_conv.axilite_b2s/WR.aw_channel_0/cmd_translator_0/incr_cmd_0/axaddr_incr_reg[5]/C
                         clock pessimism              0.229    12.929    
                         clock uncertainty           -0.154    12.775    
    SLICE_X27Y94         FDRE (Setup_fdre_C_D)        0.031    12.806    cb_i/ps7_0_axi_periph/s00_couplers/auto_pc/inst/gen_axilite.gen_b2s_conv.axilite_b2s/WR.aw_channel_0/cmd_translator_0/incr_cmd_0/axaddr_incr_reg[5]
  -------------------------------------------------------------------
                         required time                         12.806    
                         arrival time                          -8.577    
  -------------------------------------------------------------------
                         slack                                  4.229    

Slack (MET) :             4.274ns  (required time - arrival time)
  Source:                 cb_i/ps7_0_axi_periph/s00_couplers/auto_pc/inst/gen_axilite.gen_b2s_conv.axilite_b2s/SI_REG/aw.aw_pipe/m_payload_i_reg[39]/C
                            (rising edge-triggered cell FDRE clocked by clk_fpga_0  {rise@0.000ns fall@5.000ns period=10.000ns})
  Destination:            cb_i/ps7_0_axi_periph/s00_couplers/auto_pc/inst/gen_axilite.gen_b2s_conv.axilite_b2s/WR.aw_channel_0/cmd_translator_0/incr_cmd_0/axaddr_incr_reg[11]/D
                            (rising edge-triggered cell FDRE clocked by clk_fpga_0  {rise@0.000ns fall@5.000ns period=10.000ns})
  Path Group:             clk_fpga_0
  Path Type:              Setup (Max at Slow Process Corner)
  Requirement:            10.000ns  (clk_fpga_0 rise@10.000ns - clk_fpga_0 rise@0.000ns)
  Data Path Delay:        5.577ns  (logic 2.246ns (40.272%)  route 3.331ns (59.728%))
  Logic Levels:           7  (CARRY4=3 LUT3=1 LUT4=1 LUT5=1 LUT6=1)
  Clock Path Skew:        -0.026ns (DCD - SCD + CPR)
    Destination Clock Delay (DCD):    2.704ns = ( 12.704 - 10.000 ) 
    Source Clock Delay      (SCD):    2.994ns
    Clock Pessimism Removal (CPR):    0.264ns
  Clock Uncertainty:      0.154ns  ((TSJ^2 + TIJ^2)^1/2 + DJ) / 2 + PE
    Total System Jitter     (TSJ):    0.071ns
    Total Input Jitter      (TIJ):    0.300ns
    Discrete Jitter          (DJ):    0.000ns
    Phase Error              (PE):    0.000ns

    Location             Delay type                Incr(ns)  Path(ns)    Netlist Resource(s)
  -------------------------------------------------------------------    -------------------
                         (clock clk_fpga_0 rise edge)
                                                      0.000     0.000 r  
    PS7_X0Y0             PS7                          0.000     0.000 r  cb_i/processing_system7_0/inst/PS7_i/FCLKCLK[0]
                         net (fo=1, routed)           1.193     1.193    cb_i/processing_system7_0/inst/FCLK_CLK_unbuffered[0]
    BUFGCTRL_X0Y16       BUFG (Prop_bufg_I_O)         0.101     1.294 r  cb_i/processing_system7_0/inst/buffer_fclk_clk_0.FCLK_CLK_0_BUFG/O
                         net (fo=1118, routed)        1.700     2.994    cb_i/ps7_0_axi_periph/s00_couplers/auto_pc/inst/gen_axilite.gen_b2s_conv.axilite_b2s/SI_REG/aw.aw_pipe/aclk
    SLICE_X29Y99         FDRE                                         r  cb_i/ps7_0_axi_periph/s00_couplers/auto_pc/inst/gen_axilite.gen_b2s_conv.axilite_b2s/SI_REG/aw.aw_pipe/m_payload_i_reg[39]/C
  -------------------------------------------------------------------    -------------------
    SLICE_X29Y99         FDRE (Prop_fdre_C_Q)         0.419     3.413 r  cb_i/ps7_0_axi_periph/s00_couplers/auto_pc/inst/gen_axilite.gen_b2s_conv.axilite_b2s/SI_REG/aw.aw_pipe/m_payload_i_reg[39]/Q
                         net (fo=7, routed)           1.275     4.688    cb_i/ps7_0_axi_periph/s00_couplers/auto_pc/inst/gen_axilite.gen_b2s_conv.axilite_b2s/WR.b_channel_0/bid_fifo_0/Q[0]
    SLICE_X32Y94         LUT5 (Prop_lut5_I3_O)        0.296     4.984 f  cb_i/ps7_0_axi_periph/s00_couplers/auto_pc/inst/gen_axilite.gen_b2s_conv.axilite_b2s/WR.b_channel_0/bid_fifo_0/FSM_sequential_state[0]_i_2/O
                         net (fo=3, routed)           0.642     5.625    cb_i/ps7_0_axi_periph/s00_couplers/auto_pc/inst/gen_axilite.gen_b2s_conv.axilite_b2s/WR.b_channel_0/bid_fifo_0/FSM_sequential_state[0]_i_2_n_0
    SLICE_X33Y94         LUT6 (Prop_lut6_I1_O)        0.124     5.749 r  cb_i/ps7_0_axi_periph/s00_couplers/auto_pc/inst/gen_axilite.gen_b2s_conv.axilite_b2s/WR.b_channel_0/bid_fifo_0/next_pending_r_i_3/O
                         net (fo=23, routed)          0.847     6.596    cb_i/ps7_0_axi_periph/s00_couplers/auto_pc/inst/gen_axilite.gen_b2s_conv.axilite_b2s/WR.aw_channel_0/cmd_translator_0/incr_cmd_0/next_pending_r_reg_0
    SLICE_X28Y93         LUT4 (Prop_lut4_I1_O)        0.124     6.720 r  cb_i/ps7_0_axi_periph/s00_couplers/auto_pc/inst/gen_axilite.gen_b2s_conv.axilite_b2s/WR.aw_channel_0/cmd_translator_0/incr_cmd_0/axaddr_incr[3]_i_9/O
                         net (fo=1, routed)           0.000     6.720    cb_i/ps7_0_axi_periph/s00_couplers/auto_pc/inst/gen_axilite.gen_b2s_conv.axilite_b2s/SI_REG/aw.aw_pipe/S[1]
    SLICE_X28Y93         CARRY4 (Prop_carry4_S[1]_CO[3])
                                                      0.550     7.270 r  cb_i/ps7_0_axi_periph/s00_couplers/auto_pc/inst/gen_axilite.gen_b2s_conv.axilite_b2s/SI_REG/aw.aw_pipe/axaddr_incr_reg[3]_i_2/CO[3]
                         net (fo=1, routed)           0.000     7.270    cb_i/ps7_0_axi_periph/s00_couplers/auto_pc/inst/gen_axilite.gen_b2s_conv.axilite_b2s/SI_REG/aw.aw_pipe/axaddr_incr_reg[3]_i_2_n_0
    SLICE_X28Y94         CARRY4 (Prop_carry4_CI_CO[3])
                                                      0.114     7.384 r  cb_i/ps7_0_axi_periph/s00_couplers/auto_pc/inst/gen_axilite.gen_b2s_conv.axilite_b2s/SI_REG/aw.aw_pipe/axaddr_incr_reg[7]_i_2/CO[3]
                         net (fo=1, routed)           0.000     7.384    cb_i/ps7_0_axi_periph/s00_couplers/auto_pc/inst/gen_axilite.gen_b2s_conv.axilite_b2s/SI_REG/aw.aw_pipe/axaddr_incr_reg[7]_i_2_n_0
    SLICE_X28Y95         CARRY4 (Prop_carry4_CI_O[3])
                                                      0.313     7.697 r  cb_i/ps7_0_axi_periph/s00_couplers/auto_pc/inst/gen_axilite.gen_b2s_conv.axilite_b2s/SI_REG/aw.aw_pipe/axaddr_incr_reg[11]_i_3/O[3]
                         net (fo=1, routed)           0.568     8.265    cb_i/ps7_0_axi_periph/s00_couplers/auto_pc/inst/gen_axilite.gen_b2s_conv.axilite_b2s/WR.aw_channel_0/cmd_translator_0/incr_cmd_0/axaddr_incr[11]
    SLICE_X31Y95         LUT3 (Prop_lut3_I0_O)        0.306     8.571 r  cb_i/ps7_0_axi_periph/s00_couplers/auto_pc/inst/gen_axilite.gen_b2s_conv.axilite_b2s/WR.aw_channel_0/cmd_translator_0/incr_cmd_0/axaddr_incr[11]_i_2/O
                         net (fo=1, routed)           0.000     8.571    cb_i/ps7_0_axi_periph/s00_couplers/auto_pc/inst/gen_axilite.gen_b2s_conv.axilite_b2s/WR.aw_channel_0/cmd_translator_0/incr_cmd_0/p_1_in[11]
    SLICE_X31Y95         FDRE                                         r  cb_i/ps7_0_axi_periph/s00_couplers/auto_pc/inst/gen_axilite.gen_b2s_conv.axilite_b2s/WR.aw_channel_0/cmd_translator_0/incr_cmd_0/axaddr_incr_reg[11]/D
  -------------------------------------------------------------------    -------------------

                         (clock clk_fpga_0 rise edge)
                                                     10.000    10.000 r  
    PS7_X0Y0             PS7                          0.000    10.000 r  cb_i/processing_system7_0/inst/PS7_i/FCLKCLK[0]
                         net (fo=1, routed)           1.088    11.088    cb_i/processing_system7_0/inst/FCLK_CLK_unbuffered[0]
    BUFGCTRL_X0Y16       BUFG (Prop_bufg_I_O)         0.091    11.179 r  cb_i/processing_system7_0/inst/buffer_fclk_clk_0.FCLK_CLK_0_BUFG/O
                         net (fo=1118, routed)        1.525    12.704    cb_i/ps7_0_axi_periph/s00_couplers/auto_pc/inst/gen_axilite.gen_b2s_conv.axilite_b2s/WR.aw_channel_0/cmd_translator_0/incr_cmd_0/aclk
    SLICE_X31Y95         FDRE                                         r  cb_i/ps7_0_axi_periph/s00_couplers/auto_pc/inst/gen_axilite.gen_b2s_conv.axilite_b2s/WR.aw_channel_0/cmd_translator_0/incr_cmd_0/axaddr_incr_reg[11]/C
                         clock pessimism              0.264    12.968    
                         clock uncertainty           -0.154    12.814    
    SLICE_X31Y95         FDRE (Setup_fdre_C_D)        0.031    12.845    cb_i/ps7_0_axi_periph/s00_couplers/auto_pc/inst/gen_axilite.gen_b2s_conv.axilite_b2s/WR.aw_channel_0/cmd_translator_0/incr_cmd_0/axaddr_incr_reg[11]
  -------------------------------------------------------------------
                         required time                         12.845    
                         arrival time                          -8.571    
  -------------------------------------------------------------------
                         slack                                  4.274    

Slack (MET) :             4.278ns  (required time - arrival time)
  Source:                 cb_i/ps7_0_axi_periph/s00_couplers/auto_pc/inst/gen_axilite.gen_b2s_conv.axilite_b2s/SI_REG/aw.aw_pipe/m_payload_i_reg[39]/C
                            (rising edge-triggered cell FDRE clocked by clk_fpga_0  {rise@0.000ns fall@5.000ns period=10.000ns})
  Destination:            cb_i/ps7_0_axi_periph/s00_couplers/auto_pc/inst/gen_axilite.gen_b2s_conv.axilite_b2s/WR.aw_channel_0/cmd_translator_0/incr_cmd_0/axaddr_incr_reg[9]/D
                            (rising edge-triggered cell FDRE clocked by clk_fpga_0  {rise@0.000ns fall@5.000ns period=10.000ns})
  Path Group:             clk_fpga_0
  Path Type:              Setup (Max at Slow Process Corner)
  Requirement:            10.000ns  (clk_fpga_0 rise@10.000ns - clk_fpga_0 rise@0.000ns)
  Data Path Delay:        5.617ns  (logic 2.260ns (40.237%)  route 3.357ns (59.763%))
  Logic Levels:           7  (CARRY4=3 LUT3=1 LUT4=1 LUT5=1 LUT6=1)
  Clock Path Skew:        -0.026ns (DCD - SCD + CPR)
    Destination Clock Delay (DCD):    2.704ns = ( 12.704 - 10.000 ) 
    Source Clock Delay      (SCD):    2.994ns
    Clock Pessimism Removal (CPR):    0.264ns
  Clock Uncertainty:      0.154ns  ((TSJ^2 + TIJ^2)^1/2 + DJ) / 2 + PE
    Total System Jitter     (TSJ):    0.071ns
    Total Input Jitter      (TIJ):    0.300ns
    Discrete Jitter          (DJ):    0.000ns
    Phase Error              (PE):    0.000ns

    Location             Delay type                Incr(ns)  Path(ns)    Netlist Resource(s)
  -------------------------------------------------------------------    -------------------
                         (clock clk_fpga_0 rise edge)
                                                      0.000     0.000 r  
    PS7_X0Y0             PS7                          0.000     0.000 r  cb_i/processing_system7_0/inst/PS7_i/FCLKCLK[0]
                         net (fo=1, routed)           1.193     1.193    cb_i/processing_system7_0/inst/FCLK_CLK_unbuffered[0]
    BUFGCTRL_X0Y16       BUFG (Prop_bufg_I_O)         0.101     1.294 r  cb_i/processing_system7_0/inst/buffer_fclk_clk_0.FCLK_CLK_0_BUFG/O
                         net (fo=1118, routed)        1.700     2.994    cb_i/ps7_0_axi_periph/s00_couplers/auto_pc/inst/gen_axilite.gen_b2s_conv.axilite_b2s/SI_REG/aw.aw_pipe/aclk
    SLICE_X29Y99         FDRE                                         r  cb_i/ps7_0_axi_periph/s00_couplers/auto_pc/inst/gen_axilite.gen_b2s_conv.axilite_b2s/SI_REG/aw.aw_pipe/m_payload_i_reg[39]/C
  -------------------------------------------------------------------    -------------------
    SLICE_X29Y99         FDRE (Prop_fdre_C_Q)         0.419     3.413 r  cb_i/ps7_0_axi_periph/s00_couplers/auto_pc/inst/gen_axilite.gen_b2s_conv.axilite_b2s/SI_REG/aw.aw_pipe/m_payload_i_reg[39]/Q
                         net (fo=7, routed)           1.275     4.688    cb_i/ps7_0_axi_periph/s00_couplers/auto_pc/inst/gen_axilite.gen_b2s_conv.axilite_b2s/WR.b_channel_0/bid_fifo_0/Q[0]
    SLICE_X32Y94         LUT5 (Prop_lut5_I3_O)        0.296     4.984 f  cb_i/ps7_0_axi_periph/s00_couplers/auto_pc/inst/gen_axilite.gen_b2s_conv.axilite_b2s/WR.b_channel_0/bid_fifo_0/FSM_sequential_state[0]_i_2/O
                         net (fo=3, routed)           0.642     5.625    cb_i/ps7_0_axi_periph/s00_couplers/auto_pc/inst/gen_axilite.gen_b2s_conv.axilite_b2s/WR.b_channel_0/bid_fifo_0/FSM_sequential_state[0]_i_2_n_0
    SLICE_X33Y94         LUT6 (Prop_lut6_I1_O)        0.124     5.749 r  cb_i/ps7_0_axi_periph/s00_couplers/auto_pc/inst/gen_axilite.gen_b2s_conv.axilite_b2s/WR.b_channel_0/bid_fifo_0/next_pending_r_i_3/O
                         net (fo=23, routed)          0.847     6.596    cb_i/ps7_0_axi_periph/s00_couplers/auto_pc/inst/gen_axilite.gen_b2s_conv.axilite_b2s/WR.aw_channel_0/cmd_translator_0/incr_cmd_0/next_pending_r_reg_0
    SLICE_X28Y93         LUT4 (Prop_lut4_I1_O)        0.124     6.720 r  cb_i/ps7_0_axi_periph/s00_couplers/auto_pc/inst/gen_axilite.gen_b2s_conv.axilite_b2s/WR.aw_channel_0/cmd_translator_0/incr_cmd_0/axaddr_incr[3]_i_9/O
                         net (fo=1, routed)           0.000     6.720    cb_i/ps7_0_axi_periph/s00_couplers/auto_pc/inst/gen_axilite.gen_b2s_conv.axilite_b2s/SI_REG/aw.aw_pipe/S[1]
    SLICE_X28Y93         CARRY4 (Prop_carry4_S[1]_CO[3])
                                                      0.550     7.270 r  cb_i/ps7_0_axi_periph/s00_couplers/auto_pc/inst/gen_axilite.gen_b2s_conv.axilite_b2s/SI_REG/aw.aw_pipe/axaddr_incr_reg[3]_i_2/CO[3]
                         net (fo=1, routed)           0.000     7.270    cb_i/ps7_0_axi_periph/s00_couplers/auto_pc/inst/gen_axilite.gen_b2s_conv.axilite_b2s/SI_REG/aw.aw_pipe/axaddr_incr_reg[3]_i_2_n_0
    SLICE_X28Y94         CARRY4 (Prop_carry4_CI_CO[3])
                                                      0.114     7.384 r  cb_i/ps7_0_axi_periph/s00_couplers/auto_pc/inst/gen_axilite.gen_b2s_conv.axilite_b2s/SI_REG/aw.aw_pipe/axaddr_incr_reg[7]_i_2/CO[3]
                         net (fo=1, routed)           0.000     7.384    cb_i/ps7_0_axi_periph/s00_couplers/auto_pc/inst/gen_axilite.gen_b2s_conv.axilite_b2s/SI_REG/aw.aw_pipe/axaddr_incr_reg[7]_i_2_n_0
    SLICE_X28Y95         CARRY4 (Prop_carry4_CI_O[1])
                                                      0.334     7.718 r  cb_i/ps7_0_axi_periph/s00_couplers/auto_pc/inst/gen_axilite.gen_b2s_conv.axilite_b2s/SI_REG/aw.aw_pipe/axaddr_incr_reg[11]_i_3/O[1]
                         net (fo=1, routed)           0.594     8.312    cb_i/ps7_0_axi_periph/s00_couplers/auto_pc/inst/gen_axilite.gen_b2s_conv.axilite_b2s/WR.aw_channel_0/cmd_translator_0/incr_cmd_0/axaddr_incr[9]
    SLICE_X31Y95         LUT3 (Prop_lut3_I0_O)        0.299     8.611 r  cb_i/ps7_0_axi_periph/s00_couplers/auto_pc/inst/gen_axilite.gen_b2s_conv.axilite_b2s/WR.aw_channel_0/cmd_translator_0/incr_cmd_0/axaddr_incr[9]_i_1/O
                         net (fo=1, routed)           0.000     8.611    cb_i/ps7_0_axi_periph/s00_couplers/auto_pc/inst/gen_axilite.gen_b2s_conv.axilite_b2s/WR.aw_channel_0/cmd_translator_0/incr_cmd_0/p_1_in[9]
    SLICE_X31Y95         FDRE                                         r  cb_i/ps7_0_axi_periph/s00_couplers/auto_pc/inst/gen_axilite.gen_b2s_conv.axilite_b2s/WR.aw_channel_0/cmd_translator_0/incr_cmd_0/axaddr_incr_reg[9]/D
  -------------------------------------------------------------------    -------------------

                         (clock clk_fpga_0 rise edge)
                                                     10.000    10.000 r  
    PS7_X0Y0             PS7                          0.000    10.000 r  cb_i/processing_system7_0/inst/PS7_i/FCLKCLK[0]
                         net (fo=1, routed)           1.088    11.088    cb_i/processing_system7_0/inst/FCLK_CLK_unbuffered[0]
    BUFGCTRL_X0Y16       BUFG (Prop_bufg_I_O)         0.091    11.179 r  cb_i/processing_system7_0/inst/buffer_fclk_clk_0.FCLK_CLK_0_BUFG/O
                         net (fo=1118, routed)        1.525    12.704    cb_i/ps7_0_axi_periph/s00_couplers/auto_pc/inst/gen_axilite.gen_b2s_conv.axilite_b2s/WR.aw_channel_0/cmd_translator_0/incr_cmd_0/aclk
    SLICE_X31Y95         FDRE                                         r  cb_i/ps7_0_axi_periph/s00_couplers/auto_pc/inst/gen_axilite.gen_b2s_conv.axilite_b2s/WR.aw_channel_0/cmd_translator_0/incr_cmd_0/axaddr_incr_reg[9]/C
                         clock pessimism              0.264    12.968    
                         clock uncertainty           -0.154    12.814    
    SLICE_X31Y95         FDRE (Setup_fdre_C_D)        0.075    12.889    cb_i/ps7_0_axi_periph/s00_couplers/auto_pc/inst/gen_axilite.gen_b2s_conv.axilite_b2s/WR.aw_channel_0/cmd_translator_0/incr_cmd_0/axaddr_incr_reg[9]
  -------------------------------------------------------------------
                         required time                         12.889    
                         arrival time                          -8.611    
  -------------------------------------------------------------------
                         slack                                  4.278    

Slack (MET) :             4.316ns  (required time - arrival time)
  Source:                 cb_i/ps7_0_axi_periph/s00_couplers/auto_pc/inst/gen_axilite.gen_b2s_conv.axilite_b2s/RD.r_channel_0/rd_data_fifo_0/cnt_read_reg[3]/C
                            (rising edge-triggered cell FDSE clocked by clk_fpga_0  {rise@0.000ns fall@5.000ns period=10.000ns})
  Destination:            cb_i/ps7_0_axi_periph/s00_couplers/auto_pc/inst/gen_axilite.gen_b2s_conv.axilite_b2s/RD.r_channel_0/rd_data_fifo_0/cnt_read_reg[0]/CE
                            (rising edge-triggered cell FDSE clocked by clk_fpga_0  {rise@0.000ns fall@5.000ns period=10.000ns})
  Path Group:             clk_fpga_0
  Path Type:              Setup (Max at Slow Process Corner)
  Requirement:            10.000ns  (clk_fpga_0 rise@10.000ns - clk_fpga_0 rise@0.000ns)
  Data Path Delay:        5.325ns  (logic 0.704ns (13.221%)  route 4.621ns (86.779%))
  Logic Levels:           2  (LUT2=1 LUT6=1)
  Clock Path Skew:        0.000ns (DCD - SCD + CPR)
    Destination Clock Delay (DCD):    2.703ns = ( 12.703 - 10.000 ) 
    Source Clock Delay      (SCD):    2.992ns
    Clock Pessimism Removal (CPR):    0.289ns
  Clock Uncertainty:      0.154ns  ((TSJ^2 + TIJ^2)^1/2 + DJ) / 2 + PE
    Total System Jitter     (TSJ):    0.071ns
    Total Input Jitter      (TIJ):    0.300ns
    Discrete Jitter          (DJ):    0.000ns
    Phase Error              (PE):    0.000ns

    Location             Delay type                Incr(ns)  Path(ns)    Netlist Resource(s)
  -------------------------------------------------------------------    -------------------
                         (clock clk_fpga_0 rise edge)
                                                      0.000     0.000 r  
    PS7_X0Y0             PS7                          0.000     0.000 r  cb_i/processing_system7_0/inst/PS7_i/FCLKCLK[0]
                         net (fo=1, routed)           1.193     1.193    cb_i/processing_system7_0/inst/FCLK_CLK_unbuffered[0]
    BUFGCTRL_X0Y16       BUFG (Prop_bufg_I_O)         0.101     1.294 r  cb_i/processing_system7_0/inst/buffer_fclk_clk_0.FCLK_CLK_0_BUFG/O
                         net (fo=1118, routed)        1.698     2.992    cb_i/ps7_0_axi_periph/s00_couplers/auto_pc/inst/gen_axilite.gen_b2s_conv.axilite_b2s/RD.r_channel_0/rd_data_fifo_0/aclk
    SLICE_X28Y91         FDSE                                         r  cb_i/ps7_0_axi_periph/s00_couplers/auto_pc/inst/gen_axilite.gen_b2s_conv.axilite_b2s/RD.r_channel_0/rd_data_fifo_0/cnt_read_reg[3]/C
  -------------------------------------------------------------------    -------------------
    SLICE_X28Y91         FDSE (Prop_fdse_C_Q)         0.456     3.448 f  cb_i/ps7_0_axi_periph/s00_couplers/auto_pc/inst/gen_axilite.gen_b2s_conv.axilite_b2s/RD.r_channel_0/rd_data_fifo_0/cnt_read_reg[3]/Q
                         net (fo=40, routed)          2.336     5.784    cb_i/ps7_0_axi_periph/s00_couplers/auto_pc/inst/gen_axilite.gen_b2s_conv.axilite_b2s/RD.r_channel_0/rd_data_fifo_0/cnt_read_reg[3]
    SLICE_X35Y95         LUT6 (Prop_lut6_I2_O)        0.124     5.908 r  cb_i/ps7_0_axi_periph/s00_couplers/auto_pc/inst/gen_axilite.gen_b2s_conv.axilite_b2s/RD.r_channel_0/rd_data_fifo_0/memory_reg[31][0]_srl32_i_1/O
                         net (fo=39, routed)          1.947     7.855    cb_i/ps7_0_axi_periph/s00_couplers/auto_pc/inst/gen_axilite.gen_b2s_conv.axilite_b2s/RD.r_channel_0/rd_data_fifo_0/wr_en0
    SLICE_X27Y91         LUT2 (Prop_lut2_I0_O)        0.124     7.979 r  cb_i/ps7_0_axi_periph/s00_couplers/auto_pc/inst/gen_axilite.gen_b2s_conv.axilite_b2s/RD.r_channel_0/rd_data_fifo_0/cnt_read[4]_i_1/O
                         net (fo=5, routed)           0.338     8.317    cb_i/ps7_0_axi_periph/s00_couplers/auto_pc/inst/gen_axilite.gen_b2s_conv.axilite_b2s/RD.r_channel_0/rd_data_fifo_0/cnt_read[4]_i_1_n_0
    SLICE_X28Y91         FDSE                                         r  cb_i/ps7_0_axi_periph/s00_couplers/auto_pc/inst/gen_axilite.gen_b2s_conv.axilite_b2s/RD.r_channel_0/rd_data_fifo_0/cnt_read_reg[0]/CE
  -------------------------------------------------------------------    -------------------

                         (clock clk_fpga_0 rise edge)
                                                     10.000    10.000 r  
    PS7_X0Y0             PS7                          0.000    10.000 r  cb_i/processing_system7_0/inst/PS7_i/FCLKCLK[0]
                         net (fo=1, routed)           1.088    11.088    cb_i/processing_system7_0/inst/FCLK_CLK_unbuffered[0]
    BUFGCTRL_X0Y16       BUFG (Prop_bufg_I_O)         0.091    11.179 r  cb_i/processing_system7_0/inst/buffer_fclk_clk_0.FCLK_CLK_0_BUFG/O
                         net (fo=1118, routed)        1.524    12.703    cb_i/ps7_0_axi_periph/s00_couplers/auto_pc/inst/gen_axilite.gen_b2s_conv.axilite_b2s/RD.r_channel_0/rd_data_fifo_0/aclk
    SLICE_X28Y91         FDSE                                         r  cb_i/ps7_0_axi_periph/s00_couplers/auto_pc/inst/gen_axilite.gen_b2s_conv.axilite_b2s/RD.r_channel_0/rd_data_fifo_0/cnt_read_reg[0]/C
                         clock pessimism              0.289    12.992    
                         clock uncertainty           -0.154    12.838    
    SLICE_X28Y91         FDSE (Setup_fdse_C_CE)      -0.205    12.633    cb_i/ps7_0_axi_periph/s00_couplers/auto_pc/inst/gen_axilite.gen_b2s_conv.axilite_b2s/RD.r_channel_0/rd_data_fifo_0/cnt_read_reg[0]
  -------------------------------------------------------------------
                         required time                         12.633    
                         arrival time                          -8.317    
  -------------------------------------------------------------------
                         slack                                  4.316    

Slack (MET) :             4.316ns  (required time - arrival time)
  Source:                 cb_i/ps7_0_axi_periph/s00_couplers/auto_pc/inst/gen_axilite.gen_b2s_conv.axilite_b2s/RD.r_channel_0/rd_data_fifo_0/cnt_read_reg[3]/C
                            (rising edge-triggered cell FDSE clocked by clk_fpga_0  {rise@0.000ns fall@5.000ns period=10.000ns})
  Destination:            cb_i/ps7_0_axi_periph/s00_couplers/auto_pc/inst/gen_axilite.gen_b2s_conv.axilite_b2s/RD.r_channel_0/rd_data_fifo_0/cnt_read_reg[1]/CE
                            (rising edge-triggered cell FDSE clocked by clk_fpga_0  {rise@0.000ns fall@5.000ns period=10.000ns})
  Path Group:             clk_fpga_0
  Path Type:              Setup (Max at Slow Process Corner)
  Requirement:            10.000ns  (clk_fpga_0 rise@10.000ns - clk_fpga_0 rise@0.000ns)
  Data Path Delay:        5.325ns  (logic 0.704ns (13.221%)  route 4.621ns (86.779%))
  Logic Levels:           2  (LUT2=1 LUT6=1)
  Clock Path Skew:        0.000ns (DCD - SCD + CPR)
    Destination Clock Delay (DCD):    2.703ns = ( 12.703 - 10.000 ) 
    Source Clock Delay      (SCD):    2.992ns
    Clock Pessimism Removal (CPR):    0.289ns
  Clock Uncertainty:      0.154ns  ((TSJ^2 + TIJ^2)^1/2 + DJ) / 2 + PE
    Total System Jitter     (TSJ):    0.071ns
    Total Input Jitter      (TIJ):    0.300ns
    Discrete Jitter          (DJ):    0.000ns
    Phase Error              (PE):    0.000ns

    Location             Delay type                Incr(ns)  Path(ns)    Netlist Resource(s)
  -------------------------------------------------------------------    -------------------
                         (clock clk_fpga_0 rise edge)
                                                      0.000     0.000 r  
    PS7_X0Y0             PS7                          0.000     0.000 r  cb_i/processing_system7_0/inst/PS7_i/FCLKCLK[0]
                         net (fo=1, routed)           1.193     1.193    cb_i/processing_system7_0/inst/FCLK_CLK_unbuffered[0]
    BUFGCTRL_X0Y16       BUFG (Prop_bufg_I_O)         0.101     1.294 r  cb_i/processing_system7_0/inst/buffer_fclk_clk_0.FCLK_CLK_0_BUFG/O
                         net (fo=1118, routed)        1.698     2.992    cb_i/ps7_0_axi_periph/s00_couplers/auto_pc/inst/gen_axilite.gen_b2s_conv.axilite_b2s/RD.r_channel_0/rd_data_fifo_0/aclk
    SLICE_X28Y91         FDSE                                         r  cb_i/ps7_0_axi_periph/s00_couplers/auto_pc/inst/gen_axilite.gen_b2s_conv.axilite_b2s/RD.r_channel_0/rd_data_fifo_0/cnt_read_reg[3]/C
  -------------------------------------------------------------------    -------------------
    SLICE_X28Y91         FDSE (Prop_fdse_C_Q)         0.456     3.448 f  cb_i/ps7_0_axi_periph/s00_couplers/auto_pc/inst/gen_axilite.gen_b2s_conv.axilite_b2s/RD.r_channel_0/rd_data_fifo_0/cnt_read_reg[3]/Q
                         net (fo=40, routed)          2.336     5.784    cb_i/ps7_0_axi_periph/s00_couplers/auto_pc/inst/gen_axilite.gen_b2s_conv.axilite_b2s/RD.r_channel_0/rd_data_fifo_0/cnt_read_reg[3]
    SLICE_X35Y95         LUT6 (Prop_lut6_I2_O)        0.124     5.908 r  cb_i/ps7_0_axi_periph/s00_couplers/auto_pc/inst/gen_axilite.gen_b2s_conv.axilite_b2s/RD.r_channel_0/rd_data_fifo_0/memory_reg[31][0]_srl32_i_1/O
                         net (fo=39, routed)          1.947     7.855    cb_i/ps7_0_axi_periph/s00_couplers/auto_pc/inst/gen_axilite.gen_b2s_conv.axilite_b2s/RD.r_channel_0/rd_data_fifo_0/wr_en0
    SLICE_X27Y91         LUT2 (Prop_lut2_I0_O)        0.124     7.979 r  cb_i/ps7_0_axi_periph/s00_couplers/auto_pc/inst/gen_axilite.gen_b2s_conv.axilite_b2s/RD.r_channel_0/rd_data_fifo_0/cnt_read[4]_i_1/O
                         net (fo=5, routed)           0.338     8.317    cb_i/ps7_0_axi_periph/s00_couplers/auto_pc/inst/gen_axilite.gen_b2s_conv.axilite_b2s/RD.r_channel_0/rd_data_fifo_0/cnt_read[4]_i_1_n_0
    SLICE_X28Y91         FDSE                                         r  cb_i/ps7_0_axi_periph/s00_couplers/auto_pc/inst/gen_axilite.gen_b2s_conv.axilite_b2s/RD.r_channel_0/rd_data_fifo_0/cnt_read_reg[1]/CE
  -------------------------------------------------------------------    -------------------

                         (clock clk_fpga_0 rise edge)
                                                     10.000    10.000 r  
    PS7_X0Y0             PS7                          0.000    10.000 r  cb_i/processing_system7_0/inst/PS7_i/FCLKCLK[0]
                         net (fo=1, routed)           1.088    11.088    cb_i/processing_system7_0/inst/FCLK_CLK_unbuffered[0]
    BUFGCTRL_X0Y16       BUFG (Prop_bufg_I_O)         0.091    11.179 r  cb_i/processing_system7_0/inst/buffer_fclk_clk_0.FCLK_CLK_0_BUFG/O
                         net (fo=1118, routed)        1.524    12.703    cb_i/ps7_0_axi_periph/s00_couplers/auto_pc/inst/gen_axilite.gen_b2s_conv.axilite_b2s/RD.r_channel_0/rd_data_fifo_0/aclk
    SLICE_X28Y91         FDSE                                         r  cb_i/ps7_0_axi_periph/s00_couplers/auto_pc/inst/gen_axilite.gen_b2s_conv.axilite_b2s/RD.r_channel_0/rd_data_fifo_0/cnt_read_reg[1]/C
                         clock pessimism              0.289    12.992    
                         clock uncertainty           -0.154    12.838    
    SLICE_X28Y91         FDSE (Setup_fdse_C_CE)      -0.205    12.633    cb_i/ps7_0_axi_periph/s00_couplers/auto_pc/inst/gen_axilite.gen_b2s_conv.axilite_b2s/RD.r_channel_0/rd_data_fifo_0/cnt_read_reg[1]
  -------------------------------------------------------------------
                         required time                         12.633    
                         arrival time                          -8.317    
  -------------------------------------------------------------------
                         slack                                  4.316    

Slack (MET) :             4.316ns  (required time - arrival time)
  Source:                 cb_i/ps7_0_axi_periph/s00_couplers/auto_pc/inst/gen_axilite.gen_b2s_conv.axilite_b2s/RD.r_channel_0/rd_data_fifo_0/cnt_read_reg[3]/C
                            (rising edge-triggered cell FDSE clocked by clk_fpga_0  {rise@0.000ns fall@5.000ns period=10.000ns})
  Destination:            cb_i/ps7_0_axi_periph/s00_couplers/auto_pc/inst/gen_axilite.gen_b2s_conv.axilite_b2s/RD.r_channel_0/rd_data_fifo_0/cnt_read_reg[2]/CE
                            (rising edge-triggered cell FDSE clocked by clk_fpga_0  {rise@0.000ns fall@5.000ns period=10.000ns})
  Path Group:             clk_fpga_0
  Path Type:              Setup (Max at Slow Process Corner)
  Requirement:            10.000ns  (clk_fpga_0 rise@10.000ns - clk_fpga_0 rise@0.000ns)
  Data Path Delay:        5.325ns  (logic 0.704ns (13.221%)  route 4.621ns (86.779%))
  Logic Levels:           2  (LUT2=1 LUT6=1)
  Clock Path Skew:        0.000ns (DCD - SCD + CPR)
    Destination Clock Delay (DCD):    2.703ns = ( 12.703 - 10.000 ) 
    Source Clock Delay      (SCD):    2.992ns
    Clock Pessimism Removal (CPR):    0.289ns
  Clock Uncertainty:      0.154ns  ((TSJ^2 + TIJ^2)^1/2 + DJ) / 2 + PE
    Total System Jitter     (TSJ):    0.071ns
    Total Input Jitter      (TIJ):    0.300ns
    Discrete Jitter          (DJ):    0.000ns
    Phase Error              (PE):    0.000ns

    Location             Delay type                Incr(ns)  Path(ns)    Netlist Resource(s)
  -------------------------------------------------------------------    -------------------
                         (clock clk_fpga_0 rise edge)
                                                      0.000     0.000 r  
    PS7_X0Y0             PS7                          0.000     0.000 r  cb_i/processing_system7_0/inst/PS7_i/FCLKCLK[0]
                         net (fo=1, routed)           1.193     1.193    cb_i/processing_system7_0/inst/FCLK_CLK_unbuffered[0]
    BUFGCTRL_X0Y16       BUFG (Prop_bufg_I_O)         0.101     1.294 r  cb_i/processing_system7_0/inst/buffer_fclk_clk_0.FCLK_CLK_0_BUFG/O
                         net (fo=1118, routed)        1.698     2.992    cb_i/ps7_0_axi_periph/s00_couplers/auto_pc/inst/gen_axilite.gen_b2s_conv.axilite_b2s/RD.r_channel_0/rd_data_fifo_0/aclk
    SLICE_X28Y91         FDSE                                         r  cb_i/ps7_0_axi_periph/s00_couplers/auto_pc/inst/gen_axilite.gen_b2s_conv.axilite_b2s/RD.r_channel_0/rd_data_fifo_0/cnt_read_reg[3]/C
  -------------------------------------------------------------------    -------------------
    SLICE_X28Y91         FDSE (Prop_fdse_C_Q)         0.456     3.448 f  cb_i/ps7_0_axi_periph/s00_couplers/auto_pc/inst/gen_axilite.gen_b2s_conv.axilite_b2s/RD.r_channel_0/rd_data_fifo_0/cnt_read_reg[3]/Q
                         net (fo=40, routed)          2.336     5.784    cb_i/ps7_0_axi_periph/s00_couplers/auto_pc/inst/gen_axilite.gen_b2s_conv.axilite_b2s/RD.r_channel_0/rd_data_fifo_0/cnt_read_reg[3]
    SLICE_X35Y95         LUT6 (Prop_lut6_I2_O)        0.124     5.908 r  cb_i/ps7_0_axi_periph/s00_couplers/auto_pc/inst/gen_axilite.gen_b2s_conv.axilite_b2s/RD.r_channel_0/rd_data_fifo_0/memory_reg[31][0]_srl32_i_1/O
                         net (fo=39, routed)          1.947     7.855    cb_i/ps7_0_axi_periph/s00_couplers/auto_pc/inst/gen_axilite.gen_b2s_conv.axilite_b2s/RD.r_channel_0/rd_data_fifo_0/wr_en0
    SLICE_X27Y91         LUT2 (Prop_lut2_I0_O)        0.124     7.979 r  cb_i/ps7_0_axi_periph/s00_couplers/auto_pc/inst/gen_axilite.gen_b2s_conv.axilite_b2s/RD.r_channel_0/rd_data_fifo_0/cnt_read[4]_i_1/O
                         net (fo=5, routed)           0.338     8.317    cb_i/ps7_0_axi_periph/s00_couplers/auto_pc/inst/gen_axilite.gen_b2s_conv.axilite_b2s/RD.r_channel_0/rd_data_fifo_0/cnt_read[4]_i_1_n_0
    SLICE_X28Y91         FDSE                                         r  cb_i/ps7_0_axi_periph/s00_couplers/auto_pc/inst/gen_axilite.gen_b2s_conv.axilite_b2s/RD.r_channel_0/rd_data_fifo_0/cnt_read_reg[2]/CE
  -------------------------------------------------------------------    -------------------

                         (clock clk_fpga_0 rise edge)
                                                     10.000    10.000 r  
    PS7_X0Y0             PS7                          0.000    10.000 r  cb_i/processing_system7_0/inst/PS7_i/FCLKCLK[0]
                         net (fo=1, routed)           1.088    11.088    cb_i/processing_system7_0/inst/FCLK_CLK_unbuffered[0]
    BUFGCTRL_X0Y16       BUFG (Prop_bufg_I_O)         0.091    11.179 r  cb_i/processing_system7_0/inst/buffer_fclk_clk_0.FCLK_CLK_0_BUFG/O
                         net (fo=1118, routed)        1.524    12.703    cb_i/ps7_0_axi_periph/s00_couplers/auto_pc/inst/gen_axilite.gen_b2s_conv.axilite_b2s/RD.r_channel_0/rd_data_fifo_0/aclk
    SLICE_X28Y91         FDSE                                         r  cb_i/ps7_0_axi_periph/s00_couplers/auto_pc/inst/gen_axilite.gen_b2s_conv.axilite_b2s/RD.r_channel_0/rd_data_fifo_0/cnt_read_reg[2]/C
                         clock pessimism              0.289    12.992    
                         clock uncertainty           -0.154    12.838    
    SLICE_X28Y91         FDSE (Setup_fdse_C_CE)      -0.205    12.633    cb_i/ps7_0_axi_periph/s00_couplers/auto_pc/inst/gen_axilite.gen_b2s_conv.axilite_b2s/RD.r_channel_0/rd_data_fifo_0/cnt_read_reg[2]
  -------------------------------------------------------------------
                         required time                         12.633    
                         arrival time                          -8.317    
  -------------------------------------------------------------------
                         slack                                  4.316    

Slack (MET) :             4.316ns  (required time - arrival time)
  Source:                 cb_i/ps7_0_axi_periph/s00_couplers/auto_pc/inst/gen_axilite.gen_b2s_conv.axilite_b2s/RD.r_channel_0/rd_data_fifo_0/cnt_read_reg[3]/C
                            (rising edge-triggered cell FDSE clocked by clk_fpga_0  {rise@0.000ns fall@5.000ns period=10.000ns})
  Destination:            cb_i/ps7_0_axi_periph/s00_couplers/auto_pc/inst/gen_axilite.gen_b2s_conv.axilite_b2s/RD.r_channel_0/rd_data_fifo_0/cnt_read_reg[3]/CE
                            (rising edge-triggered cell FDSE clocked by clk_fpga_0  {rise@0.000ns fall@5.000ns period=10.000ns})
  Path Group:             clk_fpga_0
  Path Type:              Setup (Max at Slow Process Corner)
  Requirement:            10.000ns  (clk_fpga_0 rise@10.000ns - clk_fpga_0 rise@0.000ns)
  Data Path Delay:        5.325ns  (logic 0.704ns (13.221%)  route 4.621ns (86.779%))
  Logic Levels:           2  (LUT2=1 LUT6=1)
  Clock Path Skew:        0.000ns (DCD - SCD + CPR)
    Destination Clock Delay (DCD):    2.703ns = ( 12.703 - 10.000 ) 
    Source Clock Delay      (SCD):    2.992ns
    Clock Pessimism Removal (CPR):    0.289ns
  Clock Uncertainty:      0.154ns  ((TSJ^2 + TIJ^2)^1/2 + DJ) / 2 + PE
    Total System Jitter     (TSJ):    0.071ns
    Total Input Jitter      (TIJ):    0.300ns
    Discrete Jitter          (DJ):    0.000ns
    Phase Error              (PE):    0.000ns

    Location             Delay type                Incr(ns)  Path(ns)    Netlist Resource(s)
  -------------------------------------------------------------------    -------------------
                         (clock clk_fpga_0 rise edge)
                                                      0.000     0.000 r  
    PS7_X0Y0             PS7                          0.000     0.000 r  cb_i/processing_system7_0/inst/PS7_i/FCLKCLK[0]
                         net (fo=1, routed)           1.193     1.193    cb_i/processing_system7_0/inst/FCLK_CLK_unbuffered[0]
    BUFGCTRL_X0Y16       BUFG (Prop_bufg_I_O)         0.101     1.294 r  cb_i/processing_system7_0/inst/buffer_fclk_clk_0.FCLK_CLK_0_BUFG/O
                         net (fo=1118, routed)        1.698     2.992    cb_i/ps7_0_axi_periph/s00_couplers/auto_pc/inst/gen_axilite.gen_b2s_conv.axilite_b2s/RD.r_channel_0/rd_data_fifo_0/aclk
    SLICE_X28Y91         FDSE                                         r  cb_i/ps7_0_axi_periph/s00_couplers/auto_pc/inst/gen_axilite.gen_b2s_conv.axilite_b2s/RD.r_channel_0/rd_data_fifo_0/cnt_read_reg[3]/C
  -------------------------------------------------------------------    -------------------
    SLICE_X28Y91         FDSE (Prop_fdse_C_Q)         0.456     3.448 f  cb_i/ps7_0_axi_periph/s00_couplers/auto_pc/inst/gen_axilite.gen_b2s_conv.axilite_b2s/RD.r_channel_0/rd_data_fifo_0/cnt_read_reg[3]/Q
                         net (fo=40, routed)          2.336     5.784    cb_i/ps7_0_axi_periph/s00_couplers/auto_pc/inst/gen_axilite.gen_b2s_conv.axilite_b2s/RD.r_channel_0/rd_data_fifo_0/cnt_read_reg[3]
    SLICE_X35Y95         LUT6 (Prop_lut6_I2_O)        0.124     5.908 r  cb_i/ps7_0_axi_periph/s00_couplers/auto_pc/inst/gen_axilite.gen_b2s_conv.axilite_b2s/RD.r_channel_0/rd_data_fifo_0/memory_reg[31][0]_srl32_i_1/O
                         net (fo=39, routed)          1.947     7.855    cb_i/ps7_0_axi_periph/s00_couplers/auto_pc/inst/gen_axilite.gen_b2s_conv.axilite_b2s/RD.r_channel_0/rd_data_fifo_0/wr_en0
    SLICE_X27Y91         LUT2 (Prop_lut2_I0_O)        0.124     7.979 r  cb_i/ps7_0_axi_periph/s00_couplers/auto_pc/inst/gen_axilite.gen_b2s_conv.axilite_b2s/RD.r_channel_0/rd_data_fifo_0/cnt_read[4]_i_1/O
                         net (fo=5, routed)           0.338     8.317    cb_i/ps7_0_axi_periph/s00_couplers/auto_pc/inst/gen_axilite.gen_b2s_conv.axilite_b2s/RD.r_channel_0/rd_data_fifo_0/cnt_read[4]_i_1_n_0
    SLICE_X28Y91         FDSE                                         r  cb_i/ps7_0_axi_periph/s00_couplers/auto_pc/inst/gen_axilite.gen_b2s_conv.axilite_b2s/RD.r_channel_0/rd_data_fifo_0/cnt_read_reg[3]/CE
  -------------------------------------------------------------------    -------------------

                         (clock clk_fpga_0 rise edge)
                                                     10.000    10.000 r  
    PS7_X0Y0             PS7                          0.000    10.000 r  cb_i/processing_system7_0/inst/PS7_i/FCLKCLK[0]
                         net (fo=1, routed)           1.088    11.088    cb_i/processing_system7_0/inst/FCLK_CLK_unbuffered[0]
    BUFGCTRL_X0Y16       BUFG (Prop_bufg_I_O)         0.091    11.179 r  cb_i/processing_system7_0/inst/buffer_fclk_clk_0.FCLK_CLK_0_BUFG/O
                         net (fo=1118, routed)        1.524    12.703    cb_i/ps7_0_axi_periph/s00_couplers/auto_pc/inst/gen_axilite.gen_b2s_conv.axilite_b2s/RD.r_channel_0/rd_data_fifo_0/aclk
    SLICE_X28Y91         FDSE                                         r  cb_i/ps7_0_axi_periph/s00_couplers/auto_pc/inst/gen_axilite.gen_b2s_conv.axilite_b2s/RD.r_channel_0/rd_data_fifo_0/cnt_read_reg[3]/C
                         clock pessimism              0.289    12.992    
                         clock uncertainty           -0.154    12.838    
    SLICE_X28Y91         FDSE (Setup_fdse_C_CE)      -0.205    12.633    cb_i/ps7_0_axi_periph/s00_couplers/auto_pc/inst/gen_axilite.gen_b2s_conv.axilite_b2s/RD.r_channel_0/rd_data_fifo_0/cnt_read_reg[3]
  -------------------------------------------------------------------
                         required time                         12.633    
                         arrival time                          -8.317    
  -------------------------------------------------------------------
                         slack                                  4.316    

Slack (MET) :             4.316ns  (required time - arrival time)
  Source:                 cb_i/ps7_0_axi_periph/s00_couplers/auto_pc/inst/gen_axilite.gen_b2s_conv.axilite_b2s/RD.r_channel_0/rd_data_fifo_0/cnt_read_reg[3]/C
                            (rising edge-triggered cell FDSE clocked by clk_fpga_0  {rise@0.000ns fall@5.000ns period=10.000ns})
  Destination:            cb_i/ps7_0_axi_periph/s00_couplers/auto_pc/inst/gen_axilite.gen_b2s_conv.axilite_b2s/RD.r_channel_0/rd_data_fifo_0/cnt_read_reg[4]/CE
                            (rising edge-triggered cell FDSE clocked by clk_fpga_0  {rise@0.000ns fall@5.000ns period=10.000ns})
  Path Group:             clk_fpga_0
  Path Type:              Setup (Max at Slow Process Corner)
  Requirement:            10.000ns  (clk_fpga_0 rise@10.000ns - clk_fpga_0 rise@0.000ns)
  Data Path Delay:        5.325ns  (logic 0.704ns (13.221%)  route 4.621ns (86.779%))
  Logic Levels:           2  (LUT2=1 LUT6=1)
  Clock Path Skew:        0.000ns (DCD - SCD + CPR)
    Destination Clock Delay (DCD):    2.703ns = ( 12.703 - 10.000 ) 
    Source Clock Delay      (SCD):    2.992ns
    Clock Pessimism Removal (CPR):    0.289ns
  Clock Uncertainty:      0.154ns  ((TSJ^2 + TIJ^2)^1/2 + DJ) / 2 + PE
    Total System Jitter     (TSJ):    0.071ns
    Total Input Jitter      (TIJ):    0.300ns
    Discrete Jitter          (DJ):    0.000ns
    Phase Error              (PE):    0.000ns

    Location             Delay type                Incr(ns)  Path(ns)    Netlist Resource(s)
  -------------------------------------------------------------------    -------------------
                         (clock clk_fpga_0 rise edge)
                                                      0.000     0.000 r  
    PS7_X0Y0             PS7                          0.000     0.000 r  cb_i/processing_system7_0/inst/PS7_i/FCLKCLK[0]
                         net (fo=1, routed)           1.193     1.193    cb_i/processing_system7_0/inst/FCLK_CLK_unbuffered[0]
    BUFGCTRL_X0Y16       BUFG (Prop_bufg_I_O)         0.101     1.294 r  cb_i/processing_system7_0/inst/buffer_fclk_clk_0.FCLK_CLK_0_BUFG/O
                         net (fo=1118, routed)        1.698     2.992    cb_i/ps7_0_axi_periph/s00_couplers/auto_pc/inst/gen_axilite.gen_b2s_conv.axilite_b2s/RD.r_channel_0/rd_data_fifo_0/aclk
    SLICE_X28Y91         FDSE                                         r  cb_i/ps7_0_axi_periph/s00_couplers/auto_pc/inst/gen_axilite.gen_b2s_conv.axilite_b2s/RD.r_channel_0/rd_data_fifo_0/cnt_read_reg[3]/C
  -------------------------------------------------------------------    -------------------
    SLICE_X28Y91         FDSE (Prop_fdse_C_Q)         0.456     3.448 f  cb_i/ps7_0_axi_periph/s00_couplers/auto_pc/inst/gen_axilite.gen_b2s_conv.axilite_b2s/RD.r_channel_0/rd_data_fifo_0/cnt_read_reg[3]/Q
                         net (fo=40, routed)          2.336     5.784    cb_i/ps7_0_axi_periph/s00_couplers/auto_pc/inst/gen_axilite.gen_b2s_conv.axilite_b2s/RD.r_channel_0/rd_data_fifo_0/cnt_read_reg[3]
    SLICE_X35Y95         LUT6 (Prop_lut6_I2_O)        0.124     5.908 r  cb_i/ps7_0_axi_periph/s00_couplers/auto_pc/inst/gen_axilite.gen_b2s_conv.axilite_b2s/RD.r_channel_0/rd_data_fifo_0/memory_reg[31][0]_srl32_i_1/O
                         net (fo=39, routed)          1.947     7.855    cb_i/ps7_0_axi_periph/s00_couplers/auto_pc/inst/gen_axilite.gen_b2s_conv.axilite_b2s/RD.r_channel_0/rd_data_fifo_0/wr_en0
    SLICE_X27Y91         LUT2 (Prop_lut2_I0_O)        0.124     7.979 r  cb_i/ps7_0_axi_periph/s00_couplers/auto_pc/inst/gen_axilite.gen_b2s_conv.axilite_b2s/RD.r_channel_0/rd_data_fifo_0/cnt_read[4]_i_1/O
                         net (fo=5, routed)           0.338     8.317    cb_i/ps7_0_axi_periph/s00_couplers/auto_pc/inst/gen_axilite.gen_b2s_conv.axilite_b2s/RD.r_channel_0/rd_data_fifo_0/cnt_read[4]_i_1_n_0
    SLICE_X28Y91         FDSE                                         r  cb_i/ps7_0_axi_periph/s00_couplers/auto_pc/inst/gen_axilite.gen_b2s_conv.axilite_b2s/RD.r_channel_0/rd_data_fifo_0/cnt_read_reg[4]/CE
  -------------------------------------------------------------------    -------------------

                         (clock clk_fpga_0 rise edge)
                                                     10.000    10.000 r  
    PS7_X0Y0             PS7                          0.000    10.000 r  cb_i/processing_system7_0/inst/PS7_i/FCLKCLK[0]
                         net (fo=1, routed)           1.088    11.088    cb_i/processing_system7_0/inst/FCLK_CLK_unbuffered[0]
    BUFGCTRL_X0Y16       BUFG (Prop_bufg_I_O)         0.091    11.179 r  cb_i/processing_system7_0/inst/buffer_fclk_clk_0.FCLK_CLK_0_BUFG/O
                         net (fo=1118, routed)        1.524    12.703    cb_i/ps7_0_axi_periph/s00_couplers/auto_pc/inst/gen_axilite.gen_b2s_conv.axilite_b2s/RD.r_channel_0/rd_data_fifo_0/aclk
    SLICE_X28Y91         FDSE                                         r  cb_i/ps7_0_axi_periph/s00_couplers/auto_pc/inst/gen_axilite.gen_b2s_conv.axilite_b2s/RD.r_channel_0/rd_data_fifo_0/cnt_read_reg[4]/C
                         clock pessimism              0.289    12.992    
                         clock uncertainty           -0.154    12.838    
    SLICE_X28Y91         FDSE (Setup_fdse_C_CE)      -0.205    12.633    cb_i/ps7_0_axi_periph/s00_couplers/auto_pc/inst/gen_axilite.gen_b2s_conv.axilite_b2s/RD.r_channel_0/rd_data_fifo_0/cnt_read_reg[4]
  -------------------------------------------------------------------
                         required time                         12.633    
                         arrival time                          -8.317    
  -------------------------------------------------------------------
                         slack                                  4.316    





Min Delay Paths
--------------------------------------------------------------------------------------
Slack (MET) :             0.045ns  (arrival time - required time)
  Source:                 cb_i/ps7_0_axi_periph/xbar/inst/gen_sasd.crossbar_sasd_0/reg_slice_r/m_payload_i_reg[27]/C
                            (rising edge-triggered cell FDRE clocked by clk_fpga_0  {rise@0.000ns fall@5.000ns period=10.000ns})
  Destination:            cb_i/ps7_0_axi_periph/s00_couplers/auto_pc/inst/gen_axilite.gen_b2s_conv.axilite_b2s/RD.r_channel_0/rd_data_fifo_0/memory_reg[31][24]_srl32/D
                            (rising edge-triggered cell SRLC32E clocked by clk_fpga_0  {rise@0.000ns fall@5.000ns period=10.000ns})
  Path Group:             clk_fpga_0
  Path Type:              Hold (Min at Fast Process Corner)
  Requirement:            0.000ns  (clk_fpga_0 rise@0.000ns - clk_fpga_0 rise@0.000ns)
  Data Path Delay:        0.341ns  (logic 0.141ns (41.296%)  route 0.200ns (58.704%))
  Logic Levels:           0  
  Clock Path Skew:        0.180ns (DCD - SCD - CPR)
    Destination Clock Delay (DCD):    1.192ns
    Source Clock Delay      (SCD):    0.977ns
    Clock Pessimism Removal (CPR):    0.035ns

    Location             Delay type                Incr(ns)  Path(ns)    Netlist Resource(s)
  -------------------------------------------------------------------    -------------------
                         (clock clk_fpga_0 rise edge)
                                                      0.000     0.000 r  
    PS7_X0Y0             PS7                          0.000     0.000 r  cb_i/processing_system7_0/inst/PS7_i/FCLKCLK[0]
                         net (fo=1, routed)           0.310     0.310    cb_i/processing_system7_0/inst/FCLK_CLK_unbuffered[0]
    BUFGCTRL_X0Y16       BUFG (Prop_bufg_I_O)         0.026     0.336 r  cb_i/processing_system7_0/inst/buffer_fclk_clk_0.FCLK_CLK_0_BUFG/O
                         net (fo=1118, routed)        0.641     0.977    cb_i/ps7_0_axi_periph/xbar/inst/gen_sasd.crossbar_sasd_0/reg_slice_r/aclk
    SLICE_X33Y100        FDRE                                         r  cb_i/ps7_0_axi_periph/xbar/inst/gen_sasd.crossbar_sasd_0/reg_slice_r/m_payload_i_reg[27]/C
  -------------------------------------------------------------------    -------------------
    SLICE_X33Y100        FDRE (Prop_fdre_C_Q)         0.141     1.118 r  cb_i/ps7_0_axi_periph/xbar/inst/gen_sasd.crossbar_sasd_0/reg_slice_r/m_payload_i_reg[27]/Q
                         net (fo=1, routed)           0.200     1.318    cb_i/ps7_0_axi_periph/s00_couplers/auto_pc/inst/gen_axilite.gen_b2s_conv.axilite_b2s/RD.r_channel_0/rd_data_fifo_0/in[24]
    SLICE_X34Y98         SRLC32E                                      r  cb_i/ps7_0_axi_periph/s00_couplers/auto_pc/inst/gen_axilite.gen_b2s_conv.axilite_b2s/RD.r_channel_0/rd_data_fifo_0/memory_reg[31][24]_srl32/D
  -------------------------------------------------------------------    -------------------

                         (clock clk_fpga_0 rise edge)
                                                      0.000     0.000 r  
    PS7_X0Y0             PS7                          0.000     0.000 r  cb_i/processing_system7_0/inst/PS7_i/FCLKCLK[0]
                         net (fo=1, routed)           0.337     0.337    cb_i/processing_system7_0/inst/FCLK_CLK_unbuffered[0]
    BUFGCTRL_X0Y16       BUFG (Prop_bufg_I_O)         0.029     0.366 r  cb_i/processing_system7_0/inst/buffer_fclk_clk_0.FCLK_CLK_0_BUFG/O
                         net (fo=1118, routed)        0.826     1.192    cb_i/ps7_0_axi_periph/s00_couplers/auto_pc/inst/gen_axilite.gen_b2s_conv.axilite_b2s/RD.r_channel_0/rd_data_fifo_0/aclk
    SLICE_X34Y98         SRLC32E                                      r  cb_i/ps7_0_axi_periph/s00_couplers/auto_pc/inst/gen_axilite.gen_b2s_conv.axilite_b2s/RD.r_channel_0/rd_data_fifo_0/memory_reg[31][24]_srl32/CLK
                         clock pessimism             -0.035     1.157    
    SLICE_X34Y98         SRLC32E (Hold_srlc32e_CLK_D)
                                                      0.117     1.274    cb_i/ps7_0_axi_periph/s00_couplers/auto_pc/inst/gen_axilite.gen_b2s_conv.axilite_b2s/RD.r_channel_0/rd_data_fifo_0/memory_reg[31][24]_srl32
  -------------------------------------------------------------------
                         required time                         -1.274    
                         arrival time                           1.318    
  -------------------------------------------------------------------
                         slack                                  0.045    

Slack (MET) :             0.064ns  (arrival time - required time)
  Source:                 cb_i/axi_gpio_0/U0/ip2bus_data_i_D1_reg[9]/C
                            (rising edge-triggered cell FDRE clocked by clk_fpga_0  {rise@0.000ns fall@5.000ns period=10.000ns})
  Destination:            cb_i/axi_gpio_0/U0/AXI_LITE_IPIF_I/I_SLAVE_ATTACHMENT/s_axi_rdata_i_reg[22]/D
                            (rising edge-triggered cell FDRE clocked by clk_fpga_0  {rise@0.000ns fall@5.000ns period=10.000ns})
  Path Group:             clk_fpga_0
  Path Type:              Hold (Min at Fast Process Corner)
  Requirement:            0.000ns  (clk_fpga_0 rise@0.000ns - clk_fpga_0 rise@0.000ns)
  Data Path Delay:        0.320ns  (logic 0.164ns (51.197%)  route 0.156ns (48.803%))
  Logic Levels:           0  
  Clock Path Skew:        0.181ns (DCD - SCD - CPR)
    Destination Clock Delay (DCD):    1.191ns
    Source Clock Delay      (SCD):    0.975ns
    Clock Pessimism Removal (CPR):    0.035ns

    Location             Delay type                Incr(ns)  Path(ns)    Netlist Resource(s)
  -------------------------------------------------------------------    -------------------
                         (clock clk_fpga_0 rise edge)
                                                      0.000     0.000 r  
    PS7_X0Y0             PS7                          0.000     0.000 r  cb_i/processing_system7_0/inst/PS7_i/FCLKCLK[0]
                         net (fo=1, routed)           0.310     0.310    cb_i/processing_system7_0/inst/FCLK_CLK_unbuffered[0]
    BUFGCTRL_X0Y16       BUFG (Prop_bufg_I_O)         0.026     0.336 r  cb_i/processing_system7_0/inst/buffer_fclk_clk_0.FCLK_CLK_0_BUFG/O
                         net (fo=1118, routed)        0.639     0.975    cb_i/axi_gpio_0/U0/s_axi_aclk
    SLICE_X38Y100        FDRE                                         r  cb_i/axi_gpio_0/U0/ip2bus_data_i_D1_reg[9]/C
  -------------------------------------------------------------------    -------------------
    SLICE_X38Y100        FDRE (Prop_fdre_C_Q)         0.164     1.139 r  cb_i/axi_gpio_0/U0/ip2bus_data_i_D1_reg[9]/Q
                         net (fo=1, routed)           0.156     1.295    cb_i/axi_gpio_0/U0/AXI_LITE_IPIF_I/I_SLAVE_ATTACHMENT/Q[22]
    SLICE_X37Y99         FDRE                                         r  cb_i/axi_gpio_0/U0/AXI_LITE_IPIF_I/I_SLAVE_ATTACHMENT/s_axi_rdata_i_reg[22]/D
  -------------------------------------------------------------------    -------------------

                         (clock clk_fpga_0 rise edge)
                                                      0.000     0.000 r  
    PS7_X0Y0             PS7                          0.000     0.000 r  cb_i/processing_system7_0/inst/PS7_i/FCLKCLK[0]
                         net (fo=1, routed)           0.337     0.337    cb_i/processing_system7_0/inst/FCLK_CLK_unbuffered[0]
    BUFGCTRL_X0Y16       BUFG (Prop_bufg_I_O)         0.029     0.366 r  cb_i/processing_system7_0/inst/buffer_fclk_clk_0.FCLK_CLK_0_BUFG/O
                         net (fo=1118, routed)        0.825     1.191    cb_i/axi_gpio_0/U0/AXI_LITE_IPIF_I/I_SLAVE_ATTACHMENT/s_axi_aclk
    SLICE_X37Y99         FDRE                                         r  cb_i/axi_gpio_0/U0/AXI_LITE_IPIF_I/I_SLAVE_ATTACHMENT/s_axi_rdata_i_reg[22]/C
                         clock pessimism             -0.035     1.156    
    SLICE_X37Y99         FDRE (Hold_fdre_C_D)         0.075     1.231    cb_i/axi_gpio_0/U0/AXI_LITE_IPIF_I/I_SLAVE_ATTACHMENT/s_axi_rdata_i_reg[22]
  -------------------------------------------------------------------
                         required time                         -1.231    
                         arrival time                           1.295    
  -------------------------------------------------------------------
                         slack                                  0.064    

Slack (MET) :             0.073ns  (arrival time - required time)
  Source:                 cb_i/axi_gpio_0/U0/ip2bus_data_i_D1_reg[8]/C
                            (rising edge-triggered cell FDRE clocked by clk_fpga_0  {rise@0.000ns fall@5.000ns period=10.000ns})
  Destination:            cb_i/axi_gpio_0/U0/AXI_LITE_IPIF_I/I_SLAVE_ATTACHMENT/s_axi_rdata_i_reg[23]/D
                            (rising edge-triggered cell FDRE clocked by clk_fpga_0  {rise@0.000ns fall@5.000ns period=10.000ns})
  Path Group:             clk_fpga_0
  Path Type:              Hold (Min at Fast Process Corner)
  Requirement:            0.000ns  (clk_fpga_0 rise@0.000ns - clk_fpga_0 rise@0.000ns)
  Data Path Delay:        0.325ns  (logic 0.164ns (50.503%)  route 0.161ns (49.497%))
  Logic Levels:           0  
  Clock Path Skew:        0.181ns (DCD - SCD - CPR)
    Destination Clock Delay (DCD):    1.191ns
    Source Clock Delay      (SCD):    0.975ns
    Clock Pessimism Removal (CPR):    0.035ns

    Location             Delay type                Incr(ns)  Path(ns)    Netlist Resource(s)
  -------------------------------------------------------------------    -------------------
                         (clock clk_fpga_0 rise edge)
                                                      0.000     0.000 r  
    PS7_X0Y0             PS7                          0.000     0.000 r  cb_i/processing_system7_0/inst/PS7_i/FCLKCLK[0]
                         net (fo=1, routed)           0.310     0.310    cb_i/processing_system7_0/inst/FCLK_CLK_unbuffered[0]
    BUFGCTRL_X0Y16       BUFG (Prop_bufg_I_O)         0.026     0.336 r  cb_i/processing_system7_0/inst/buffer_fclk_clk_0.FCLK_CLK_0_BUFG/O
                         net (fo=1118, routed)        0.639     0.975    cb_i/axi_gpio_0/U0/s_axi_aclk
    SLICE_X38Y100        FDRE                                         r  cb_i/axi_gpio_0/U0/ip2bus_data_i_D1_reg[8]/C
  -------------------------------------------------------------------    -------------------
    SLICE_X38Y100        FDRE (Prop_fdre_C_Q)         0.164     1.139 r  cb_i/axi_gpio_0/U0/ip2bus_data_i_D1_reg[8]/Q
                         net (fo=1, routed)           0.161     1.300    cb_i/axi_gpio_0/U0/AXI_LITE_IPIF_I/I_SLAVE_ATTACHMENT/Q[23]
    SLICE_X37Y99         FDRE                                         r  cb_i/axi_gpio_0/U0/AXI_LITE_IPIF_I/I_SLAVE_ATTACHMENT/s_axi_rdata_i_reg[23]/D
  -------------------------------------------------------------------    -------------------

                         (clock clk_fpga_0 rise edge)
                                                      0.000     0.000 r  
    PS7_X0Y0             PS7                          0.000     0.000 r  cb_i/processing_system7_0/inst/PS7_i/FCLKCLK[0]
                         net (fo=1, routed)           0.337     0.337    cb_i/processing_system7_0/inst/FCLK_CLK_unbuffered[0]
    BUFGCTRL_X0Y16       BUFG (Prop_bufg_I_O)         0.029     0.366 r  cb_i/processing_system7_0/inst/buffer_fclk_clk_0.FCLK_CLK_0_BUFG/O
                         net (fo=1118, routed)        0.825     1.191    cb_i/axi_gpio_0/U0/AXI_LITE_IPIF_I/I_SLAVE_ATTACHMENT/s_axi_aclk
    SLICE_X37Y99         FDRE                                         r  cb_i/axi_gpio_0/U0/AXI_LITE_IPIF_I/I_SLAVE_ATTACHMENT/s_axi_rdata_i_reg[23]/C
                         clock pessimism             -0.035     1.156    
    SLICE_X37Y99         FDRE (Hold_fdre_C_D)         0.071     1.227    cb_i/axi_gpio_0/U0/AXI_LITE_IPIF_I/I_SLAVE_ATTACHMENT/s_axi_rdata_i_reg[23]
  -------------------------------------------------------------------
                         required time                         -1.227    
                         arrival time                           1.300    
  -------------------------------------------------------------------
                         slack                                  0.073    

Slack (MET) :             0.076ns  (arrival time - required time)
  Source:                 cb_i/ps7_0_axi_periph/xbar/inst/gen_sasd.crossbar_sasd_0/reg_slice_r/m_payload_i_reg[22]/C
                            (rising edge-triggered cell FDRE clocked by clk_fpga_0  {rise@0.000ns fall@5.000ns period=10.000ns})
  Destination:            cb_i/ps7_0_axi_periph/s00_couplers/auto_pc/inst/gen_axilite.gen_b2s_conv.axilite_b2s/RD.r_channel_0/rd_data_fifo_0/memory_reg[31][19]_srl32/D
                            (rising edge-triggered cell SRLC32E clocked by clk_fpga_0  {rise@0.000ns fall@5.000ns period=10.000ns})
  Path Group:             clk_fpga_0
  Path Type:              Hold (Min at Fast Process Corner)
  Requirement:            0.000ns  (clk_fpga_0 rise@0.000ns - clk_fpga_0 rise@0.000ns)
  Data Path Delay:        0.369ns  (logic 0.141ns (38.164%)  route 0.228ns (61.836%))
  Logic Levels:           0  
  Clock Path Skew:        0.179ns (DCD - SCD - CPR)
    Destination Clock Delay (DCD):    1.191ns
    Source Clock Delay      (SCD):    0.977ns
    Clock Pessimism Removal (CPR):    0.035ns

    Location             Delay type                Incr(ns)  Path(ns)    Netlist Resource(s)
  -------------------------------------------------------------------    -------------------
                         (clock clk_fpga_0 rise edge)
                                                      0.000     0.000 r  
    PS7_X0Y0             PS7                          0.000     0.000 r  cb_i/processing_system7_0/inst/PS7_i/FCLKCLK[0]
                         net (fo=1, routed)           0.310     0.310    cb_i/processing_system7_0/inst/FCLK_CLK_unbuffered[0]
    BUFGCTRL_X0Y16       BUFG (Prop_bufg_I_O)         0.026     0.336 r  cb_i/processing_system7_0/inst/buffer_fclk_clk_0.FCLK_CLK_0_BUFG/O
                         net (fo=1118, routed)        0.641     0.977    cb_i/ps7_0_axi_periph/xbar/inst/gen_sasd.crossbar_sasd_0/reg_slice_r/aclk
    SLICE_X33Y100        FDRE                                         r  cb_i/ps7_0_axi_periph/xbar/inst/gen_sasd.crossbar_sasd_0/reg_slice_r/m_payload_i_reg[22]/C
  -------------------------------------------------------------------    -------------------
    SLICE_X33Y100        FDRE (Prop_fdre_C_Q)         0.141     1.118 r  cb_i/ps7_0_axi_periph/xbar/inst/gen_sasd.crossbar_sasd_0/reg_slice_r/m_payload_i_reg[22]/Q
                         net (fo=1, routed)           0.228     1.346    cb_i/ps7_0_axi_periph/s00_couplers/auto_pc/inst/gen_axilite.gen_b2s_conv.axilite_b2s/RD.r_channel_0/rd_data_fifo_0/in[19]
    SLICE_X34Y96         SRLC32E                                      r  cb_i/ps7_0_axi_periph/s00_couplers/auto_pc/inst/gen_axilite.gen_b2s_conv.axilite_b2s/RD.r_channel_0/rd_data_fifo_0/memory_reg[31][19]_srl32/D
  -------------------------------------------------------------------    -------------------

                         (clock clk_fpga_0 rise edge)
                                                      0.000     0.000 r  
    PS7_X0Y0             PS7                          0.000     0.000 r  cb_i/processing_system7_0/inst/PS7_i/FCLKCLK[0]
                         net (fo=1, routed)           0.337     0.337    cb_i/processing_system7_0/inst/FCLK_CLK_unbuffered[0]
    BUFGCTRL_X0Y16       BUFG (Prop_bufg_I_O)         0.029     0.366 r  cb_i/processing_system7_0/inst/buffer_fclk_clk_0.FCLK_CLK_0_BUFG/O
                         net (fo=1118, routed)        0.825     1.191    cb_i/ps7_0_axi_periph/s00_couplers/auto_pc/inst/gen_axilite.gen_b2s_conv.axilite_b2s/RD.r_channel_0/rd_data_fifo_0/aclk
    SLICE_X34Y96         SRLC32E                                      r  cb_i/ps7_0_axi_periph/s00_couplers/auto_pc/inst/gen_axilite.gen_b2s_conv.axilite_b2s/RD.r_channel_0/rd_data_fifo_0/memory_reg[31][19]_srl32/CLK
                         clock pessimism             -0.035     1.156    
    SLICE_X34Y96         SRLC32E (Hold_srlc32e_CLK_D)
                                                      0.115     1.271    cb_i/ps7_0_axi_periph/s00_couplers/auto_pc/inst/gen_axilite.gen_b2s_conv.axilite_b2s/RD.r_channel_0/rd_data_fifo_0/memory_reg[31][19]_srl32
  -------------------------------------------------------------------
                         required time                         -1.271    
                         arrival time                           1.346    
  -------------------------------------------------------------------
                         slack                                  0.076    

Slack (MET) :             0.077ns  (arrival time - required time)
  Source:                 cb_i/ps7_0_axi_periph/s00_couplers/auto_pc/inst/gen_axilite.gen_b2s_conv.axilite_b2s/SI_REG/r.r_pipe/skid_buffer_reg[24]/C
                            (rising edge-triggered cell FDRE clocked by clk_fpga_0  {rise@0.000ns fall@5.000ns period=10.000ns})
  Destination:            cb_i/ps7_0_axi_periph/s00_couplers/auto_pc/inst/gen_axilite.gen_b2s_conv.axilite_b2s/SI_REG/r.r_pipe/m_payload_i_reg[24]/D
                            (rising edge-triggered cell FDRE clocked by clk_fpga_0  {rise@0.000ns fall@5.000ns period=10.000ns})
  Path Group:             clk_fpga_0
  Path Type:              Hold (Min at Fast Process Corner)
  Requirement:            0.000ns  (clk_fpga_0 rise@0.000ns - clk_fpga_0 rise@0.000ns)
  Data Path Delay:        0.389ns  (logic 0.188ns (48.374%)  route 0.201ns (51.626%))
  Logic Levels:           1  (LUT3=1)
  Clock Path Skew:        0.181ns (DCD - SCD - CPR)
    Destination Clock Delay (DCD):    1.211ns
    Source Clock Delay      (SCD):    0.995ns
    Clock Pessimism Removal (CPR):    0.035ns

    Location             Delay type                Incr(ns)  Path(ns)    Netlist Resource(s)
  -------------------------------------------------------------------    -------------------
                         (clock clk_fpga_0 rise edge)
                                                      0.000     0.000 r  
    PS7_X0Y0             PS7                          0.000     0.000 r  cb_i/processing_system7_0/inst/PS7_i/FCLKCLK[0]
                         net (fo=1, routed)           0.310     0.310    cb_i/processing_system7_0/inst/FCLK_CLK_unbuffered[0]
    BUFGCTRL_X0Y16       BUFG (Prop_bufg_I_O)         0.026     0.336 r  cb_i/processing_system7_0/inst/buffer_fclk_clk_0.FCLK_CLK_0_BUFG/O
                         net (fo=1118, routed)        0.659     0.995    cb_i/ps7_0_axi_periph/s00_couplers/auto_pc/inst/gen_axilite.gen_b2s_conv.axilite_b2s/SI_REG/r.r_pipe/aclk
    SLICE_X31Y100        FDRE                                         r  cb_i/ps7_0_axi_periph/s00_couplers/auto_pc/inst/gen_axilite.gen_b2s_conv.axilite_b2s/SI_REG/r.r_pipe/skid_buffer_reg[24]/C
  -------------------------------------------------------------------    -------------------
    SLICE_X31Y100        FDRE (Prop_fdre_C_Q)         0.141     1.136 r  cb_i/ps7_0_axi_periph/s00_couplers/auto_pc/inst/gen_axilite.gen_b2s_conv.axilite_b2s/SI_REG/r.r_pipe/skid_buffer_reg[24]/Q
                         net (fo=1, routed)           0.201     1.337    cb_i/ps7_0_axi_periph/s00_couplers/auto_pc/inst/gen_axilite.gen_b2s_conv.axilite_b2s/SI_REG/r.r_pipe/skid_buffer_reg_n_0_[24]
    SLICE_X30Y98         LUT3 (Prop_lut3_I2_O)        0.047     1.384 r  cb_i/ps7_0_axi_periph/s00_couplers/auto_pc/inst/gen_axilite.gen_b2s_conv.axilite_b2s/SI_REG/r.r_pipe/m_payload_i[24]_i_1__1/O
                         net (fo=1, routed)           0.000     1.384    cb_i/ps7_0_axi_periph/s00_couplers/auto_pc/inst/gen_axilite.gen_b2s_conv.axilite_b2s/SI_REG/r.r_pipe/m_payload_i[24]_i_1__1_n_0
    SLICE_X30Y98         FDRE                                         r  cb_i/ps7_0_axi_periph/s00_couplers/auto_pc/inst/gen_axilite.gen_b2s_conv.axilite_b2s/SI_REG/r.r_pipe/m_payload_i_reg[24]/D
  -------------------------------------------------------------------    -------------------

                         (clock clk_fpga_0 rise edge)
                                                      0.000     0.000 r  
    PS7_X0Y0             PS7                          0.000     0.000 r  cb_i/processing_system7_0/inst/PS7_i/FCLKCLK[0]
                         net (fo=1, routed)           0.337     0.337    cb_i/processing_system7_0/inst/FCLK_CLK_unbuffered[0]
    BUFGCTRL_X0Y16       BUFG (Prop_bufg_I_O)         0.029     0.366 r  cb_i/processing_system7_0/inst/buffer_fclk_clk_0.FCLK_CLK_0_BUFG/O
                         net (fo=1118, routed)        0.845     1.211    cb_i/ps7_0_axi_periph/s00_couplers/auto_pc/inst/gen_axilite.gen_b2s_conv.axilite_b2s/SI_REG/r.r_pipe/aclk
    SLICE_X30Y98         FDRE                                         r  cb_i/ps7_0_axi_periph/s00_couplers/auto_pc/inst/gen_axilite.gen_b2s_conv.axilite_b2s/SI_REG/r.r_pipe/m_payload_i_reg[24]/C
                         clock pessimism             -0.035     1.176    
    SLICE_X30Y98         FDRE (Hold_fdre_C_D)         0.131     1.307    cb_i/ps7_0_axi_periph/s00_couplers/auto_pc/inst/gen_axilite.gen_b2s_conv.axilite_b2s/SI_REG/r.r_pipe/m_payload_i_reg[24]
  -------------------------------------------------------------------
                         required time                         -1.307    
                         arrival time                           1.384    
  -------------------------------------------------------------------
                         slack                                  0.077    

Slack (MET) :             0.082ns  (arrival time - required time)
  Source:                 cb_i/ps7_0_axi_periph/s00_couplers/auto_pc/inst/gen_axilite.gen_b2s_conv.axilite_b2s/SI_REG/b.b_pipe/s_ready_i_reg/C
                            (rising edge-triggered cell FDRE clocked by clk_fpga_0  {rise@0.000ns fall@5.000ns period=10.000ns})
  Destination:            cb_i/ps7_0_axi_periph/s00_couplers/auto_pc/inst/gen_axilite.gen_b2s_conv.axilite_b2s/SI_REG/b.b_pipe/skid_buffer_reg[3]/CE
                            (rising edge-triggered cell FDRE clocked by clk_fpga_0  {rise@0.000ns fall@5.000ns period=10.000ns})
  Path Group:             clk_fpga_0
  Path Type:              Hold (Min at Fast Process Corner)
  Requirement:            0.000ns  (clk_fpga_0 rise@0.000ns - clk_fpga_0 rise@0.000ns)
  Data Path Delay:        0.391ns  (logic 0.141ns (36.073%)  route 0.250ns (63.927%))
  Logic Levels:           0  
  Clock Path Skew:        0.348ns (DCD - SCD - CPR)
    Destination Clock Delay (DCD):    1.295ns
    Source Clock Delay      (SCD):    0.912ns
    Clock Pessimism Removal (CPR):    0.035ns

    Location             Delay type                Incr(ns)  Path(ns)    Netlist Resource(s)
  -------------------------------------------------------------------    -------------------
                         (clock clk_fpga_0 rise edge)
                                                      0.000     0.000 r  
    PS7_X0Y0             PS7                          0.000     0.000 r  cb_i/processing_system7_0/inst/PS7_i/FCLKCLK[0]
                         net (fo=1, routed)           0.310     0.310    cb_i/processing_system7_0/inst/FCLK_CLK_unbuffered[0]
    BUFGCTRL_X0Y16       BUFG (Prop_bufg_I_O)         0.026     0.336 r  cb_i/processing_system7_0/inst/buffer_fclk_clk_0.FCLK_CLK_0_BUFG/O
                         net (fo=1118, routed)        0.576     0.912    cb_i/ps7_0_axi_periph/s00_couplers/auto_pc/inst/gen_axilite.gen_b2s_conv.axilite_b2s/SI_REG/b.b_pipe/aclk
    SLICE_X29Y96         FDRE                                         r  cb_i/ps7_0_axi_periph/s00_couplers/auto_pc/inst/gen_axilite.gen_b2s_conv.axilite_b2s/SI_REG/b.b_pipe/s_ready_i_reg/C
  -------------------------------------------------------------------    -------------------
    SLICE_X29Y96         FDRE (Prop_fdre_C_Q)         0.141     1.053 r  cb_i/ps7_0_axi_periph/s00_couplers/auto_pc/inst/gen_axilite.gen_b2s_conv.axilite_b2s/SI_REG/b.b_pipe/s_ready_i_reg/Q
                         net (fo=32, routed)          0.250     1.302    cb_i/ps7_0_axi_periph/s00_couplers/auto_pc/inst/gen_axilite.gen_b2s_conv.axilite_b2s/SI_REG/b.b_pipe/s_ready_i_reg_0
    SLICE_X27Y103        FDRE                                         r  cb_i/ps7_0_axi_periph/s00_couplers/auto_pc/inst/gen_axilite.gen_b2s_conv.axilite_b2s/SI_REG/b.b_pipe/skid_buffer_reg[3]/CE
  -------------------------------------------------------------------    -------------------

                         (clock clk_fpga_0 rise edge)
                                                      0.000     0.000 r  
    PS7_X0Y0             PS7                          0.000     0.000 r  cb_i/processing_system7_0/inst/PS7_i/FCLKCLK[0]
                         net (fo=1, routed)           0.337     0.337    cb_i/processing_system7_0/inst/FCLK_CLK_unbuffered[0]
    BUFGCTRL_X0Y16       BUFG (Prop_bufg_I_O)         0.029     0.366 r  cb_i/processing_system7_0/inst/buffer_fclk_clk_0.FCLK_CLK_0_BUFG/O
                         net (fo=1118, routed)        0.929     1.295    cb_i/ps7_0_axi_periph/s00_couplers/auto_pc/inst/gen_axilite.gen_b2s_conv.axilite_b2s/SI_REG/b.b_pipe/aclk
    SLICE_X27Y103        FDRE                                         r  cb_i/ps7_0_axi_periph/s00_couplers/auto_pc/inst/gen_axilite.gen_b2s_conv.axilite_b2s/SI_REG/b.b_pipe/skid_buffer_reg[3]/C
                         clock pessimism             -0.035     1.260    
    SLICE_X27Y103        FDRE (Hold_fdre_C_CE)       -0.039     1.221    cb_i/ps7_0_axi_periph/s00_couplers/auto_pc/inst/gen_axilite.gen_b2s_conv.axilite_b2s/SI_REG/b.b_pipe/skid_buffer_reg[3]
  -------------------------------------------------------------------
                         required time                         -1.221    
                         arrival time                           1.302    
  -------------------------------------------------------------------
                         slack                                  0.082    

Slack (MET) :             0.082ns  (arrival time - required time)
  Source:                 cb_i/ps7_0_axi_periph/s00_couplers/auto_pc/inst/gen_axilite.gen_b2s_conv.axilite_b2s/SI_REG/b.b_pipe/s_ready_i_reg/C
                            (rising edge-triggered cell FDRE clocked by clk_fpga_0  {rise@0.000ns fall@5.000ns period=10.000ns})
  Destination:            cb_i/ps7_0_axi_periph/s00_couplers/auto_pc/inst/gen_axilite.gen_b2s_conv.axilite_b2s/SI_REG/b.b_pipe/skid_buffer_reg[6]/CE
                            (rising edge-triggered cell FDRE clocked by clk_fpga_0  {rise@0.000ns fall@5.000ns period=10.000ns})
  Path Group:             clk_fpga_0
  Path Type:              Hold (Min at Fast Process Corner)
  Requirement:            0.000ns  (clk_fpga_0 rise@0.000ns - clk_fpga_0 rise@0.000ns)
  Data Path Delay:        0.391ns  (logic 0.141ns (36.073%)  route 0.250ns (63.927%))
  Logic Levels:           0  
  Clock Path Skew:        0.348ns (DCD - SCD - CPR)
    Destination Clock Delay (DCD):    1.295ns
    Source Clock Delay      (SCD):    0.912ns
    Clock Pessimism Removal (CPR):    0.035ns

    Location             Delay type                Incr(ns)  Path(ns)    Netlist Resource(s)
  -------------------------------------------------------------------    -------------------
                         (clock clk_fpga_0 rise edge)
                                                      0.000     0.000 r  
    PS7_X0Y0             PS7                          0.000     0.000 r  cb_i/processing_system7_0/inst/PS7_i/FCLKCLK[0]
                         net (fo=1, routed)           0.310     0.310    cb_i/processing_system7_0/inst/FCLK_CLK_unbuffered[0]
    BUFGCTRL_X0Y16       BUFG (Prop_bufg_I_O)         0.026     0.336 r  cb_i/processing_system7_0/inst/buffer_fclk_clk_0.FCLK_CLK_0_BUFG/O
                         net (fo=1118, routed)        0.576     0.912    cb_i/ps7_0_axi_periph/s00_couplers/auto_pc/inst/gen_axilite.gen_b2s_conv.axilite_b2s/SI_REG/b.b_pipe/aclk
    SLICE_X29Y96         FDRE                                         r  cb_i/ps7_0_axi_periph/s00_couplers/auto_pc/inst/gen_axilite.gen_b2s_conv.axilite_b2s/SI_REG/b.b_pipe/s_ready_i_reg/C
  -------------------------------------------------------------------    -------------------
    SLICE_X29Y96         FDRE (Prop_fdre_C_Q)         0.141     1.053 r  cb_i/ps7_0_axi_periph/s00_couplers/auto_pc/inst/gen_axilite.gen_b2s_conv.axilite_b2s/SI_REG/b.b_pipe/s_ready_i_reg/Q
                         net (fo=32, routed)          0.250     1.302    cb_i/ps7_0_axi_periph/s00_couplers/auto_pc/inst/gen_axilite.gen_b2s_conv.axilite_b2s/SI_REG/b.b_pipe/s_ready_i_reg_0
    SLICE_X27Y103        FDRE                                         r  cb_i/ps7_0_axi_periph/s00_couplers/auto_pc/inst/gen_axilite.gen_b2s_conv.axilite_b2s/SI_REG/b.b_pipe/skid_buffer_reg[6]/CE
  -------------------------------------------------------------------    -------------------

                         (clock clk_fpga_0 rise edge)
                                                      0.000     0.000 r  
    PS7_X0Y0             PS7                          0.000     0.000 r  cb_i/processing_system7_0/inst/PS7_i/FCLKCLK[0]
                         net (fo=1, routed)           0.337     0.337    cb_i/processing_system7_0/inst/FCLK_CLK_unbuffered[0]
    BUFGCTRL_X0Y16       BUFG (Prop_bufg_I_O)         0.029     0.366 r  cb_i/processing_system7_0/inst/buffer_fclk_clk_0.FCLK_CLK_0_BUFG/O
                         net (fo=1118, routed)        0.929     1.295    cb_i/ps7_0_axi_periph/s00_couplers/auto_pc/inst/gen_axilite.gen_b2s_conv.axilite_b2s/SI_REG/b.b_pipe/aclk
    SLICE_X27Y103        FDRE                                         r  cb_i/ps7_0_axi_periph/s00_couplers/auto_pc/inst/gen_axilite.gen_b2s_conv.axilite_b2s/SI_REG/b.b_pipe/skid_buffer_reg[6]/C
                         clock pessimism             -0.035     1.260    
    SLICE_X27Y103        FDRE (Hold_fdre_C_CE)       -0.039     1.221    cb_i/ps7_0_axi_periph/s00_couplers/auto_pc/inst/gen_axilite.gen_b2s_conv.axilite_b2s/SI_REG/b.b_pipe/skid_buffer_reg[6]
  -------------------------------------------------------------------
                         required time                         -1.221    
                         arrival time                           1.302    
  -------------------------------------------------------------------
                         slack                                  0.082    

Slack (MET) :             0.082ns  (arrival time - required time)
  Source:                 cb_i/ps7_0_axi_periph/s00_couplers/auto_pc/inst/gen_axilite.gen_b2s_conv.axilite_b2s/SI_REG/b.b_pipe/s_ready_i_reg/C
                            (rising edge-triggered cell FDRE clocked by clk_fpga_0  {rise@0.000ns fall@5.000ns period=10.000ns})
  Destination:            cb_i/ps7_0_axi_periph/s00_couplers/auto_pc/inst/gen_axilite.gen_b2s_conv.axilite_b2s/SI_REG/b.b_pipe/skid_buffer_reg[7]/CE
                            (rising edge-triggered cell FDRE clocked by clk_fpga_0  {rise@0.000ns fall@5.000ns period=10.000ns})
  Path Group:             clk_fpga_0
  Path Type:              Hold (Min at Fast Process Corner)
  Requirement:            0.000ns  (clk_fpga_0 rise@0.000ns - clk_fpga_0 rise@0.000ns)
  Data Path Delay:        0.391ns  (logic 0.141ns (36.073%)  route 0.250ns (63.927%))
  Logic Levels:           0  
  Clock Path Skew:        0.348ns (DCD - SCD - CPR)
    Destination Clock Delay (DCD):    1.295ns
    Source Clock Delay      (SCD):    0.912ns
    Clock Pessimism Removal (CPR):    0.035ns

    Location             Delay type                Incr(ns)  Path(ns)    Netlist Resource(s)
  -------------------------------------------------------------------    -------------------
                         (clock clk_fpga_0 rise edge)
                                                      0.000     0.000 r  
    PS7_X0Y0             PS7                          0.000     0.000 r  cb_i/processing_system7_0/inst/PS7_i/FCLKCLK[0]
                         net (fo=1, routed)           0.310     0.310    cb_i/processing_system7_0/inst/FCLK_CLK_unbuffered[0]
    BUFGCTRL_X0Y16       BUFG (Prop_bufg_I_O)         0.026     0.336 r  cb_i/processing_system7_0/inst/buffer_fclk_clk_0.FCLK_CLK_0_BUFG/O
                         net (fo=1118, routed)        0.576     0.912    cb_i/ps7_0_axi_periph/s00_couplers/auto_pc/inst/gen_axilite.gen_b2s_conv.axilite_b2s/SI_REG/b.b_pipe/aclk
    SLICE_X29Y96         FDRE                                         r  cb_i/ps7_0_axi_periph/s00_couplers/auto_pc/inst/gen_axilite.gen_b2s_conv.axilite_b2s/SI_REG/b.b_pipe/s_ready_i_reg/C
  -------------------------------------------------------------------    -------------------
    SLICE_X29Y96         FDRE (Prop_fdre_C_Q)         0.141     1.053 r  cb_i/ps7_0_axi_periph/s00_couplers/auto_pc/inst/gen_axilite.gen_b2s_conv.axilite_b2s/SI_REG/b.b_pipe/s_ready_i_reg/Q
                         net (fo=32, routed)          0.250     1.302    cb_i/ps7_0_axi_periph/s00_couplers/auto_pc/inst/gen_axilite.gen_b2s_conv.axilite_b2s/SI_REG/b.b_pipe/s_ready_i_reg_0
    SLICE_X27Y103        FDRE                                         r  cb_i/ps7_0_axi_periph/s00_couplers/auto_pc/inst/gen_axilite.gen_b2s_conv.axilite_b2s/SI_REG/b.b_pipe/skid_buffer_reg[7]/CE
  -------------------------------------------------------------------    -------------------

                         (clock clk_fpga_0 rise edge)
                                                      0.000     0.000 r  
    PS7_X0Y0             PS7                          0.000     0.000 r  cb_i/processing_system7_0/inst/PS7_i/FCLKCLK[0]
                         net (fo=1, routed)           0.337     0.337    cb_i/processing_system7_0/inst/FCLK_CLK_unbuffered[0]
    BUFGCTRL_X0Y16       BUFG (Prop_bufg_I_O)         0.029     0.366 r  cb_i/processing_system7_0/inst/buffer_fclk_clk_0.FCLK_CLK_0_BUFG/O
                         net (fo=1118, routed)        0.929     1.295    cb_i/ps7_0_axi_periph/s00_couplers/auto_pc/inst/gen_axilite.gen_b2s_conv.axilite_b2s/SI_REG/b.b_pipe/aclk
    SLICE_X27Y103        FDRE                                         r  cb_i/ps7_0_axi_periph/s00_couplers/auto_pc/inst/gen_axilite.gen_b2s_conv.axilite_b2s/SI_REG/b.b_pipe/skid_buffer_reg[7]/C
                         clock pessimism             -0.035     1.260    
    SLICE_X27Y103        FDRE (Hold_fdre_C_CE)       -0.039     1.221    cb_i/ps7_0_axi_periph/s00_couplers/auto_pc/inst/gen_axilite.gen_b2s_conv.axilite_b2s/SI_REG/b.b_pipe/skid_buffer_reg[7]
  -------------------------------------------------------------------
                         required time                         -1.221    
                         arrival time                           1.302    
  -------------------------------------------------------------------
                         slack                                  0.082    

Slack (MET) :             0.082ns  (arrival time - required time)
  Source:                 cb_i/ps7_0_axi_periph/s00_couplers/auto_pc/inst/gen_axilite.gen_b2s_conv.axilite_b2s/SI_REG/b.b_pipe/s_ready_i_reg/C
                            (rising edge-triggered cell FDRE clocked by clk_fpga_0  {rise@0.000ns fall@5.000ns period=10.000ns})
  Destination:            cb_i/ps7_0_axi_periph/s00_couplers/auto_pc/inst/gen_axilite.gen_b2s_conv.axilite_b2s/SI_REG/b.b_pipe/skid_buffer_reg[9]/CE
                            (rising edge-triggered cell FDRE clocked by clk_fpga_0  {rise@0.000ns fall@5.000ns period=10.000ns})
  Path Group:             clk_fpga_0
  Path Type:              Hold (Min at Fast Process Corner)
  Requirement:            0.000ns  (clk_fpga_0 rise@0.000ns - clk_fpga_0 rise@0.000ns)
  Data Path Delay:        0.391ns  (logic 0.141ns (36.073%)  route 0.250ns (63.927%))
  Logic Levels:           0  
  Clock Path Skew:        0.348ns (DCD - SCD - CPR)
    Destination Clock Delay (DCD):    1.295ns
    Source Clock Delay      (SCD):    0.912ns
    Clock Pessimism Removal (CPR):    0.035ns

    Location             Delay type                Incr(ns)  Path(ns)    Netlist Resource(s)
  -------------------------------------------------------------------    -------------------
                         (clock clk_fpga_0 rise edge)
                                                      0.000     0.000 r  
    PS7_X0Y0             PS7                          0.000     0.000 r  cb_i/processing_system7_0/inst/PS7_i/FCLKCLK[0]
                         net (fo=1, routed)           0.310     0.310    cb_i/processing_system7_0/inst/FCLK_CLK_unbuffered[0]
    BUFGCTRL_X0Y16       BUFG (Prop_bufg_I_O)         0.026     0.336 r  cb_i/processing_system7_0/inst/buffer_fclk_clk_0.FCLK_CLK_0_BUFG/O
                         net (fo=1118, routed)        0.576     0.912    cb_i/ps7_0_axi_periph/s00_couplers/auto_pc/inst/gen_axilite.gen_b2s_conv.axilite_b2s/SI_REG/b.b_pipe/aclk
    SLICE_X29Y96         FDRE                                         r  cb_i/ps7_0_axi_periph/s00_couplers/auto_pc/inst/gen_axilite.gen_b2s_conv.axilite_b2s/SI_REG/b.b_pipe/s_ready_i_reg/C
  -------------------------------------------------------------------    -------------------
    SLICE_X29Y96         FDRE (Prop_fdre_C_Q)         0.141     1.053 r  cb_i/ps7_0_axi_periph/s00_couplers/auto_pc/inst/gen_axilite.gen_b2s_conv.axilite_b2s/SI_REG/b.b_pipe/s_ready_i_reg/Q
                         net (fo=32, routed)          0.250     1.302    cb_i/ps7_0_axi_periph/s00_couplers/auto_pc/inst/gen_axilite.gen_b2s_conv.axilite_b2s/SI_REG/b.b_pipe/s_ready_i_reg_0
    SLICE_X27Y103        FDRE                                         r  cb_i/ps7_0_axi_periph/s00_couplers/auto_pc/inst/gen_axilite.gen_b2s_conv.axilite_b2s/SI_REG/b.b_pipe/skid_buffer_reg[9]/CE
  -------------------------------------------------------------------    -------------------

                         (clock clk_fpga_0 rise edge)
                                                      0.000     0.000 r  
    PS7_X0Y0             PS7                          0.000     0.000 r  cb_i/processing_system7_0/inst/PS7_i/FCLKCLK[0]
                         net (fo=1, routed)           0.337     0.337    cb_i/processing_system7_0/inst/FCLK_CLK_unbuffered[0]
    BUFGCTRL_X0Y16       BUFG (Prop_bufg_I_O)         0.029     0.366 r  cb_i/processing_system7_0/inst/buffer_fclk_clk_0.FCLK_CLK_0_BUFG/O
                         net (fo=1118, routed)        0.929     1.295    cb_i/ps7_0_axi_periph/s00_couplers/auto_pc/inst/gen_axilite.gen_b2s_conv.axilite_b2s/SI_REG/b.b_pipe/aclk
    SLICE_X27Y103        FDRE                                         r  cb_i/ps7_0_axi_periph/s00_couplers/auto_pc/inst/gen_axilite.gen_b2s_conv.axilite_b2s/SI_REG/b.b_pipe/skid_buffer_reg[9]/C
                         clock pessimism             -0.035     1.260    
    SLICE_X27Y103        FDRE (Hold_fdre_C_CE)       -0.039     1.221    cb_i/ps7_0_axi_periph/s00_couplers/auto_pc/inst/gen_axilite.gen_b2s_conv.axilite_b2s/SI_REG/b.b_pipe/skid_buffer_reg[9]
  -------------------------------------------------------------------
                         required time                         -1.221    
                         arrival time                           1.302    
  -------------------------------------------------------------------
                         slack                                  0.082    

Slack (MET) :             0.091ns  (arrival time - required time)
  Source:                 cb_i/axi_gpio_0/U0/AXI_LITE_IPIF_I/I_SLAVE_ATTACHMENT/s_axi_rdata_i_reg[31]/C
                            (rising edge-triggered cell FDRE clocked by clk_fpga_0  {rise@0.000ns fall@5.000ns period=10.000ns})
  Destination:            cb_i/ps7_0_axi_periph/xbar/inst/gen_sasd.crossbar_sasd_0/reg_slice_r/skid_buffer_reg[34]/D
                            (rising edge-triggered cell FDRE clocked by clk_fpga_0  {rise@0.000ns fall@5.000ns period=10.000ns})
  Path Group:             clk_fpga_0
  Path Type:              Hold (Min at Fast Process Corner)
  Requirement:            0.000ns  (clk_fpga_0 rise@0.000ns - clk_fpga_0 rise@0.000ns)
  Data Path Delay:        0.393ns  (logic 0.246ns (62.596%)  route 0.147ns (37.404%))
  Logic Levels:           1  (LUT6=1)
  Clock Path Skew:        0.181ns (DCD - SCD - CPR)
    Destination Clock Delay (DCD):    1.191ns
    Source Clock Delay      (SCD):    0.975ns
    Clock Pessimism Removal (CPR):    0.035ns

    Location             Delay type                Incr(ns)  Path(ns)    Netlist Resource(s)
  -------------------------------------------------------------------    -------------------
                         (clock clk_fpga_0 rise edge)
                                                      0.000     0.000 r  
    PS7_X0Y0             PS7                          0.000     0.000 r  cb_i/processing_system7_0/inst/PS7_i/FCLKCLK[0]
                         net (fo=1, routed)           0.310     0.310    cb_i/processing_system7_0/inst/FCLK_CLK_unbuffered[0]
    BUFGCTRL_X0Y16       BUFG (Prop_bufg_I_O)         0.026     0.336 r  cb_i/processing_system7_0/inst/buffer_fclk_clk_0.FCLK_CLK_0_BUFG/O
                         net (fo=1118, routed)        0.639     0.975    cb_i/axi_gpio_0/U0/AXI_LITE_IPIF_I/I_SLAVE_ATTACHMENT/s_axi_aclk
    SLICE_X36Y100        FDRE                                         r  cb_i/axi_gpio_0/U0/AXI_LITE_IPIF_I/I_SLAVE_ATTACHMENT/s_axi_rdata_i_reg[31]/C
  -------------------------------------------------------------------    -------------------
    SLICE_X36Y100        FDRE (Prop_fdre_C_Q)         0.148     1.123 r  cb_i/axi_gpio_0/U0/AXI_LITE_IPIF_I/I_SLAVE_ATTACHMENT/s_axi_rdata_i_reg[31]/Q
                         net (fo=1, routed)           0.147     1.270    cb_i/ps7_0_axi_periph/xbar/inst/gen_sasd.crossbar_sasd_0/reg_slice_r/m_axi_rdata[31]
    SLICE_X36Y99         LUT6 (Prop_lut6_I1_O)        0.098     1.368 r  cb_i/ps7_0_axi_periph/xbar/inst/gen_sasd.crossbar_sasd_0/reg_slice_r/m_payload_i[34]_i_2/O
                         net (fo=2, routed)           0.000     1.368    cb_i/ps7_0_axi_periph/xbar/inst/gen_sasd.crossbar_sasd_0/reg_slice_r/skid_buffer[34]
    SLICE_X36Y99         FDRE                                         r  cb_i/ps7_0_axi_periph/xbar/inst/gen_sasd.crossbar_sasd_0/reg_slice_r/skid_buffer_reg[34]/D
  -------------------------------------------------------------------    -------------------

                         (clock clk_fpga_0 rise edge)
                                                      0.000     0.000 r  
    PS7_X0Y0             PS7                          0.000     0.000 r  cb_i/processing_system7_0/inst/PS7_i/FCLKCLK[0]
                         net (fo=1, routed)           0.337     0.337    cb_i/processing_system7_0/inst/FCLK_CLK_unbuffered[0]
    BUFGCTRL_X0Y16       BUFG (Prop_bufg_I_O)         0.029     0.366 r  cb_i/processing_system7_0/inst/buffer_fclk_clk_0.FCLK_CLK_0_BUFG/O
                         net (fo=1118, routed)        0.825     1.191    cb_i/ps7_0_axi_periph/xbar/inst/gen_sasd.crossbar_sasd_0/reg_slice_r/aclk
    SLICE_X36Y99         FDRE                                         r  cb_i/ps7_0_axi_periph/xbar/inst/gen_sasd.crossbar_sasd_0/reg_slice_r/skid_buffer_reg[34]/C
                         clock pessimism             -0.035     1.156    
    SLICE_X36Y99         FDRE (Hold_fdre_C_D)         0.121     1.277    cb_i/ps7_0_axi_periph/xbar/inst/gen_sasd.crossbar_sasd_0/reg_slice_r/skid_buffer_reg[34]
  -------------------------------------------------------------------
                         required time                         -1.277    
                         arrival time                           1.368    
  -------------------------------------------------------------------
                         slack                                  0.091    





Pulse Width Checks
--------------------------------------------------------------------------------------
Clock Name:         clk_fpga_0
Waveform(ns):       { 0.000 5.000 }
Period(ns):         10.000
Sources:            { cb_i/processing_system7_0/inst/PS7_i/FCLKCLK[0] }

Check Type        Corner  Lib Pin            Reference Pin  Required(ns)  Actual(ns)  Slack(ns)  Location         Pin
Min Period        n/a     BUFG/I             n/a            2.155         10.000      7.845      BUFGCTRL_X0Y16   cb_i/processing_system7_0/inst/buffer_fclk_clk_0.FCLK_CLK_0_BUFG/I
Min Period        n/a     MMCME2_ADV/CLKIN1  n/a            1.249         10.000      8.751      MMCME2_ADV_X1Y0  cb_i/clk_wiz_0/inst/mmcm_adv_inst/CLKIN1
Min Period        n/a     FDSE/C             n/a            1.000         10.000      9.000      SLICE_X40Y96     cb_i/axi_gpio_0/U0/AXI_LITE_IPIF_I/I_SLAVE_ATTACHMENT/FSM_onehot_state_reg[0]/C
Min Period        n/a     FDRE/C             n/a            1.000         10.000      9.000      SLICE_X40Y96     cb_i/axi_gpio_0/U0/AXI_LITE_IPIF_I/I_SLAVE_ATTACHMENT/FSM_onehot_state_reg[1]/C
Min Period        n/a     FDRE/C             n/a            1.000         10.000      9.000      SLICE_X40Y95     cb_i/axi_gpio_0/U0/AXI_LITE_IPIF_I/I_SLAVE_ATTACHMENT/FSM_onehot_state_reg[2]/C
Min Period        n/a     FDRE/C             n/a            1.000         10.000      9.000      SLICE_X40Y95     cb_i/axi_gpio_0/U0/AXI_LITE_IPIF_I/I_SLAVE_ATTACHMENT/FSM_onehot_state_reg[3]/C
Min Period        n/a     FDRE/C             n/a            1.000         10.000      9.000      SLICE_X42Y96     cb_i/axi_gpio_0/U0/AXI_LITE_IPIF_I/I_SLAVE_ATTACHMENT/INCLUDE_DPHASE_TIMER.dpto_cnt_reg[0]/C
Min Period        n/a     FDRE/C             n/a            1.000         10.000      9.000      SLICE_X42Y96     cb_i/axi_gpio_0/U0/AXI_LITE_IPIF_I/I_SLAVE_ATTACHMENT/INCLUDE_DPHASE_TIMER.dpto_cnt_reg[1]/C
Min Period        n/a     FDRE/C             n/a            1.000         10.000      9.000      SLICE_X42Y96     cb_i/axi_gpio_0/U0/AXI_LITE_IPIF_I/I_SLAVE_ATTACHMENT/INCLUDE_DPHASE_TIMER.dpto_cnt_reg[2]/C
Min Period        n/a     FDRE/C             n/a            1.000         10.000      9.000      SLICE_X42Y96     cb_i/axi_gpio_0/U0/AXI_LITE_IPIF_I/I_SLAVE_ATTACHMENT/INCLUDE_DPHASE_TIMER.dpto_cnt_reg[3]/C
Max Period        n/a     MMCME2_ADV/CLKIN1  n/a            100.000       10.000      90.000     MMCME2_ADV_X1Y0  cb_i/clk_wiz_0/inst/mmcm_adv_inst/CLKIN1
Low Pulse Width   Slow    MMCME2_ADV/CLKIN1  n/a            2.000         5.000       3.000      MMCME2_ADV_X1Y0  cb_i/clk_wiz_0/inst/mmcm_adv_inst/CLKIN1
Low Pulse Width   Fast    MMCME2_ADV/CLKIN1  n/a            2.000         5.000       3.000      MMCME2_ADV_X1Y0  cb_i/clk_wiz_0/inst/mmcm_adv_inst/CLKIN1
Low Pulse Width   Fast    SRLC32E/CLK        n/a            0.980         5.000       4.020      SLICE_X34Y89     cb_i/ps7_0_axi_periph/s00_couplers/auto_pc/inst/gen_axilite.gen_b2s_conv.axilite_b2s/RD.r_channel_0/rd_data_fifo_0/memory_reg[31][0]_srl32/CLK
Low Pulse Width   Fast    SRLC32E/CLK        n/a            0.980         5.000       4.020      SLICE_X34Y90     cb_i/ps7_0_axi_periph/s00_couplers/auto_pc/inst/gen_axilite.gen_b2s_conv.axilite_b2s/RD.r_channel_0/rd_data_fifo_0/memory_reg[31][11]_srl32/CLK
Low Pulse Width   Fast    SRLC32E/CLK        n/a            0.980         5.000       4.020      SLICE_X34Y93     cb_i/ps7_0_axi_periph/s00_couplers/auto_pc/inst/gen_axilite.gen_b2s_conv.axilite_b2s/RD.r_channel_0/rd_data_fifo_0/memory_reg[31][12]_srl32/CLK
Low Pulse Width   Fast    SRLC32E/CLK        n/a            0.980         5.000       4.020      SLICE_X34Y93     cb_i/ps7_0_axi_periph/s00_couplers/auto_pc/inst/gen_axilite.gen_b2s_conv.axilite_b2s/RD.r_channel_0/rd_data_fifo_0/memory_reg[31][13]_srl32/CLK
Low Pulse Width   Fast    SRLC32E/CLK        n/a            0.980         5.000       4.020      SLICE_X34Y93     cb_i/ps7_0_axi_periph/s00_couplers/auto_pc/inst/gen_axilite.gen_b2s_conv.axilite_b2s/RD.r_channel_0/rd_data_fifo_0/memory_reg[31][14]_srl32/CLK
Low Pulse Width   Fast    SRLC32E/CLK        n/a            0.980         5.000       4.020      SLICE_X34Y93     cb_i/ps7_0_axi_periph/s00_couplers/auto_pc/inst/gen_axilite.gen_b2s_conv.axilite_b2s/RD.r_channel_0/rd_data_fifo_0/memory_reg[31][15]_srl32/CLK
Low Pulse Width   Fast    SRLC32E/CLK        n/a            0.980         5.000       4.020      SLICE_X34Y96     cb_i/ps7_0_axi_periph/s00_couplers/auto_pc/inst/gen_axilite.gen_b2s_conv.axilite_b2s/RD.r_channel_0/rd_data_fifo_0/memory_reg[31][16]_srl32/CLK
Low Pulse Width   Fast    SRLC32E/CLK        n/a            0.980         5.000       4.020      SLICE_X34Y97     cb_i/ps7_0_axi_periph/s00_couplers/auto_pc/inst/gen_axilite.gen_b2s_conv.axilite_b2s/RD.r_channel_0/rd_data_fifo_0/memory_reg[31][17]_srl32/CLK
High Pulse Width  Slow    MMCME2_ADV/CLKIN1  n/a            2.000         5.000       3.000      MMCME2_ADV_X1Y0  cb_i/clk_wiz_0/inst/mmcm_adv_inst/CLKIN1
High Pulse Width  Fast    MMCME2_ADV/CLKIN1  n/a            2.000         5.000       3.000      MMCME2_ADV_X1Y0  cb_i/clk_wiz_0/inst/mmcm_adv_inst/CLKIN1
High Pulse Width  Slow    SRL16E/CLK         n/a            0.980         5.000       4.020      SLICE_X30Y100    cb_i/ps7_0_axi_periph/s00_couplers/auto_pc/inst/gen_axilite.gen_b2s_conv.axilite_b2s/WR.b_channel_0/bresp_fifo_0/memory_reg[3][0]_srl4/CLK
High Pulse Width  Slow    SRL16E/CLK         n/a            0.980         5.000       4.020      SLICE_X30Y100    cb_i/ps7_0_axi_periph/s00_couplers/auto_pc/inst/gen_axilite.gen_b2s_conv.axilite_b2s/WR.b_channel_0/bresp_fifo_0/memory_reg[3][1]_srl4/CLK
High Pulse Width  Slow    SRLC32E/CLK        n/a            0.980         5.000       4.020      SLICE_X30Y90     cb_i/ps7_0_axi_periph/s00_couplers/auto_pc/inst/gen_axilite.gen_b2s_conv.axilite_b2s/RD.r_channel_0/rd_data_fifo_0/memory_reg[31][10]_srl32/CLK
High Pulse Width  Slow    SRLC32E/CLK        n/a            0.980         5.000       4.020      SLICE_X34Y93     cb_i/ps7_0_axi_periph/s00_couplers/auto_pc/inst/gen_axilite.gen_b2s_conv.axilite_b2s/RD.r_channel_0/rd_data_fifo_0/memory_reg[31][12]_srl32/CLK
High Pulse Width  Slow    SRLC32E/CLK        n/a            0.980         5.000       4.020      SLICE_X34Y93     cb_i/ps7_0_axi_periph/s00_couplers/auto_pc/inst/gen_axilite.gen_b2s_conv.axilite_b2s/RD.r_channel_0/rd_data_fifo_0/memory_reg[31][13]_srl32/CLK
High Pulse Width  Slow    SRLC32E/CLK        n/a            0.980         5.000       4.020      SLICE_X34Y93     cb_i/ps7_0_axi_periph/s00_couplers/auto_pc/inst/gen_axilite.gen_b2s_conv.axilite_b2s/RD.r_channel_0/rd_data_fifo_0/memory_reg[31][14]_srl32/CLK
High Pulse Width  Slow    SRLC32E/CLK        n/a            0.980         5.000       4.020      SLICE_X34Y93     cb_i/ps7_0_axi_periph/s00_couplers/auto_pc/inst/gen_axilite.gen_b2s_conv.axilite_b2s/RD.r_channel_0/rd_data_fifo_0/memory_reg[31][15]_srl32/CLK
High Pulse Width  Slow    SRLC32E/CLK        n/a            0.980         5.000       4.020      SLICE_X34Y96     cb_i/ps7_0_axi_periph/s00_couplers/auto_pc/inst/gen_axilite.gen_b2s_conv.axilite_b2s/RD.r_channel_0/rd_data_fifo_0/memory_reg[31][16]_srl32/CLK



---------------------------------------------------------------------------------------------------
From Clock:  clk_out1_cb_clk_wiz_0_2
  To Clock:  clk_out1_cb_clk_wiz_0_2

Setup :            0  Failing Endpoints,  Worst Slack        6.347ns,  Total Violation        0.000ns
Hold  :            0  Failing Endpoints,  Worst Slack        0.215ns,  Total Violation        0.000ns
PW    :            0  Failing Endpoints,  Worst Slack        4.500ns,  Total Violation        0.000ns
---------------------------------------------------------------------------------------------------


Max Delay Paths
--------------------------------------------------------------------------------------
Slack (MET) :             6.347ns  (required time - arrival time)
  Source:                 cb_i/vdp_native_slave_0/inst/u_vga_timing/h_cnt_reg[2]/C
                            (rising edge-triggered cell FDCE clocked by clk_out1_cb_clk_wiz_0_2  {rise@0.000ns fall@5.000ns period=10.000ns})
  Destination:            cb_i/vdp_native_slave_0/inst/u_vga_timing/h_cnt_reg[10]/D
                            (rising edge-triggered cell FDCE clocked by clk_out1_cb_clk_wiz_0_2  {rise@0.000ns fall@5.000ns period=10.000ns})
  Path Group:             clk_out1_cb_clk_wiz_0_2
  Path Type:              Setup (Max at Slow Process Corner)
  Requirement:            10.000ns  (clk_out1_cb_clk_wiz_0_2 rise@10.000ns - clk_out1_cb_clk_wiz_0_2 rise@0.000ns)
  Data Path Delay:        3.576ns  (logic 1.881ns (52.596%)  route 1.695ns (47.404%))
  Logic Levels:           4  (CARRY4=3 LUT2=1)
  Clock Path Skew:        -0.025ns (DCD - SCD + CPR)
    Destination Clock Delay (DCD):    2.664ns = ( 12.664 - 10.000 ) 
    Source Clock Delay      (SCD):    2.952ns
    Clock Pessimism Removal (CPR):    0.263ns
  Clock Uncertainty:      0.081ns  ((TSJ^2 + DJ^2)^1/2) / 2 + PE
    Total System Jitter     (TSJ):    0.071ns
    Discrete Jitter          (DJ):    0.146ns
    Phase Error              (PE):    0.000ns

    Location             Delay type                Incr(ns)  Path(ns)    Netlist Resource(s)
  -------------------------------------------------------------------    -------------------
                         (clock clk_out1_cb_clk_wiz_0_2 rise edge)
                                                      0.000     0.000 r  
    PS7_X0Y0             PS7                          0.000     0.000 r  cb_i/processing_system7_0/inst/PS7_i/FCLKCLK[0]
                         net (fo=1, routed)           1.193     1.193    cb_i/processing_system7_0/inst/FCLK_CLK_unbuffered[0]
    BUFGCTRL_X0Y16       BUFG (Prop_bufg_I_O)         0.101     1.294 r  cb_i/processing_system7_0/inst/buffer_fclk_clk_0.FCLK_CLK_0_BUFG/O
                         net (fo=1118, routed)        1.806     3.100    cb_i/clk_wiz_0/inst/clk_in1
    MMCME2_ADV_X1Y0      MMCME2_ADV (Prop_mmcme2_adv_CLKIN1_CLKOUT0)
                                                     -3.793    -0.693 r  cb_i/clk_wiz_0/inst/mmcm_adv_inst/CLKOUT0
                         net (fo=1, routed)           1.889     1.196    cb_i/clk_wiz_0/inst/clk_out1_cb_clk_wiz_0_2
    BUFGCTRL_X0Y0        BUFG (Prop_bufg_I_O)         0.101     1.297 r  cb_i/clk_wiz_0/inst/clkout1_buf/O
                         net (fo=42, routed)          1.655     2.952    cb_i/vdp_native_slave_0/inst/u_vga_timing/pixel_clk
    SLICE_X45Y98         FDCE                                         r  cb_i/vdp_native_slave_0/inst/u_vga_timing/h_cnt_reg[2]/C
  -------------------------------------------------------------------    -------------------
    SLICE_X45Y98         FDCE (Prop_fdce_C_Q)         0.456     3.408 r  cb_i/vdp_native_slave_0/inst/u_vga_timing/h_cnt_reg[2]/Q
                         net (fo=2, routed)           0.738     4.146    cb_i/vdp_native_slave_0/inst/u_vga_timing/Q[2]
    SLICE_X44Y98         CARRY4 (Prop_carry4_S[1]_CO[3])
                                                      0.674     4.820 r  cb_i/vdp_native_slave_0/inst/u_vga_timing/h_cnt0_carry/CO[3]
                         net (fo=1, routed)           0.000     4.820    cb_i/vdp_native_slave_0/inst/u_vga_timing/h_cnt0_carry_n_0
    SLICE_X44Y99         CARRY4 (Prop_carry4_CI_CO[3])
                                                      0.114     4.934 r  cb_i/vdp_native_slave_0/inst/u_vga_timing/h_cnt0_carry__0/CO[3]
                         net (fo=1, routed)           0.001     4.934    cb_i/vdp_native_slave_0/inst/u_vga_timing/h_cnt0_carry__0_n_0
    SLICE_X44Y100        CARRY4 (Prop_carry4_CI_O[1])
                                                      0.334     5.268 r  cb_i/vdp_native_slave_0/inst/u_vga_timing/h_cnt0_carry__1/O[1]
                         net (fo=1, routed)           0.957     6.225    cb_i/vdp_native_slave_0/inst/u_vga_timing/h_cnt0[10]
    SLICE_X45Y99         LUT2 (Prop_lut2_I0_O)        0.303     6.528 r  cb_i/vdp_native_slave_0/inst/u_vga_timing/h_cnt[10]_i_1/O
                         net (fo=1, routed)           0.000     6.528    cb_i/vdp_native_slave_0/inst/u_vga_timing/p_0_in[10]
    SLICE_X45Y99         FDCE                                         r  cb_i/vdp_native_slave_0/inst/u_vga_timing/h_cnt_reg[10]/D
  -------------------------------------------------------------------    -------------------

                         (clock clk_out1_cb_clk_wiz_0_2 rise edge)
                                                     10.000    10.000 r  
    PS7_X0Y0             PS7                          0.000    10.000 r  cb_i/processing_system7_0/inst/PS7_i/FCLKCLK[0]
                         net (fo=1, routed)           1.088    11.088    cb_i/processing_system7_0/inst/FCLK_CLK_unbuffered[0]
    BUFGCTRL_X0Y16       BUFG (Prop_bufg_I_O)         0.091    11.179 r  cb_i/processing_system7_0/inst/buffer_fclk_clk_0.FCLK_CLK_0_BUFG/O
                         net (fo=1118, routed)        1.612    12.792    cb_i/clk_wiz_0/inst/clk_in1
    MMCME2_ADV_X1Y0      MMCME2_ADV (Prop_mmcme2_adv_CLKIN1_CLKOUT0)
                                                     -3.425     9.366 r  cb_i/clk_wiz_0/inst/mmcm_adv_inst/CLKOUT0
                         net (fo=1, routed)           1.725    11.091    cb_i/clk_wiz_0/inst/clk_out1_cb_clk_wiz_0_2
    BUFGCTRL_X0Y0        BUFG (Prop_bufg_I_O)         0.091    11.182 r  cb_i/clk_wiz_0/inst/clkout1_buf/O
                         net (fo=42, routed)          1.482    12.664    cb_i/vdp_native_slave_0/inst/u_vga_timing/pixel_clk
    SLICE_X45Y99         FDCE                                         r  cb_i/vdp_native_slave_0/inst/u_vga_timing/h_cnt_reg[10]/C
                         clock pessimism              0.263    12.927    
                         clock uncertainty           -0.081    12.846    
    SLICE_X45Y99         FDCE (Setup_fdce_C_D)        0.029    12.875    cb_i/vdp_native_slave_0/inst/u_vga_timing/h_cnt_reg[10]
  -------------------------------------------------------------------
                         required time                         12.875    
                         arrival time                          -6.528    
  -------------------------------------------------------------------
                         slack                                  6.347    

Slack (MET) :             6.379ns  (required time - arrival time)
  Source:                 cb_i/vdp_native_slave_0/inst/u_vga_timing/h_cnt_reg[8]/C
                            (rising edge-triggered cell FDCE clocked by clk_out1_cb_clk_wiz_0_2  {rise@0.000ns fall@5.000ns period=10.000ns})
  Destination:            cb_i/vdp_native_slave_0/inst/u_vga_timing/h_cnt_reg[4]/D
                            (rising edge-triggered cell FDCE clocked by clk_out1_cb_clk_wiz_0_2  {rise@0.000ns fall@5.000ns period=10.000ns})
  Path Group:             clk_out1_cb_clk_wiz_0_2
  Path Type:              Setup (Max at Slow Process Corner)
  Requirement:            10.000ns  (clk_out1_cb_clk_wiz_0_2 rise@10.000ns - clk_out1_cb_clk_wiz_0_2 rise@0.000ns)
  Data Path Delay:        3.546ns  (logic 1.088ns (30.678%)  route 2.458ns (69.322%))
  Logic Levels:           4  (LUT2=2 LUT6=2)
  Clock Path Skew:        -0.025ns (DCD - SCD + CPR)
    Destination Clock Delay (DCD):    2.664ns = ( 12.664 - 10.000 ) 
    Source Clock Delay      (SCD):    2.952ns
    Clock Pessimism Removal (CPR):    0.263ns
  Clock Uncertainty:      0.081ns  ((TSJ^2 + DJ^2)^1/2) / 2 + PE
    Total System Jitter     (TSJ):    0.071ns
    Discrete Jitter          (DJ):    0.146ns
    Phase Error              (PE):    0.000ns

    Location             Delay type                Incr(ns)  Path(ns)    Netlist Resource(s)
  -------------------------------------------------------------------    -------------------
                         (clock clk_out1_cb_clk_wiz_0_2 rise edge)
                                                      0.000     0.000 r  
    PS7_X0Y0             PS7                          0.000     0.000 r  cb_i/processing_system7_0/inst/PS7_i/FCLKCLK[0]
                         net (fo=1, routed)           1.193     1.193    cb_i/processing_system7_0/inst/FCLK_CLK_unbuffered[0]
    BUFGCTRL_X0Y16       BUFG (Prop_bufg_I_O)         0.101     1.294 r  cb_i/processing_system7_0/inst/buffer_fclk_clk_0.FCLK_CLK_0_BUFG/O
                         net (fo=1118, routed)        1.806     3.100    cb_i/clk_wiz_0/inst/clk_in1
    MMCME2_ADV_X1Y0      MMCME2_ADV (Prop_mmcme2_adv_CLKIN1_CLKOUT0)
                                                     -3.793    -0.693 r  cb_i/clk_wiz_0/inst/mmcm_adv_inst/CLKOUT0
                         net (fo=1, routed)           1.889     1.196    cb_i/clk_wiz_0/inst/clk_out1_cb_clk_wiz_0_2
    BUFGCTRL_X0Y0        BUFG (Prop_bufg_I_O)         0.101     1.297 r  cb_i/clk_wiz_0/inst/clkout1_buf/O
                         net (fo=42, routed)          1.655     2.952    cb_i/vdp_native_slave_0/inst/u_vga_timing/pixel_clk
    SLICE_X45Y99         FDCE                                         r  cb_i/vdp_native_slave_0/inst/u_vga_timing/h_cnt_reg[8]/C
  -------------------------------------------------------------------    -------------------
    SLICE_X45Y99         FDCE (Prop_fdce_C_Q)         0.419     3.371 f  cb_i/vdp_native_slave_0/inst/u_vga_timing/h_cnt_reg[8]/Q
                         net (fo=4, routed)           0.853     4.224    cb_i/vdp_native_slave_0/inst/u_vga_timing/Q[8]
    SLICE_X45Y97         LUT2 (Prop_lut2_I0_O)        0.297     4.521 f  cb_i/vdp_native_slave_0/inst/u_vga_timing/v_cnt[11]_i_6/O
                         net (fo=1, routed)           0.403     4.924    cb_i/vdp_native_slave_0/inst/u_vga_timing/v_cnt[11]_i_6_n_0
    SLICE_X45Y97         LUT6 (Prop_lut6_I4_O)        0.124     5.048 r  cb_i/vdp_native_slave_0/inst/u_vga_timing/v_cnt[11]_i_3/O
                         net (fo=1, routed)           0.347     5.395    cb_i/vdp_native_slave_0/inst/u_vga_timing/v_cnt[11]_i_3_n_0
    SLICE_X44Y97         LUT6 (Prop_lut6_I0_O)        0.124     5.519 f  cb_i/vdp_native_slave_0/inst/u_vga_timing/v_cnt[11]_i_1/O
                         net (fo=24, routed)          0.856     6.374    cb_i/vdp_native_slave_0/inst/u_vga_timing/v_cnt[11]_i_1_n_0
    SLICE_X45Y98         LUT2 (Prop_lut2_I1_O)        0.124     6.498 r  cb_i/vdp_native_slave_0/inst/u_vga_timing/h_cnt[4]_i_1/O
                         net (fo=1, routed)           0.000     6.498    cb_i/vdp_native_slave_0/inst/u_vga_timing/p_0_in[4]
    SLICE_X45Y98         FDCE                                         r  cb_i/vdp_native_slave_0/inst/u_vga_timing/h_cnt_reg[4]/D
  -------------------------------------------------------------------    -------------------

                         (clock clk_out1_cb_clk_wiz_0_2 rise edge)
                                                     10.000    10.000 r  
    PS7_X0Y0             PS7                          0.000    10.000 r  cb_i/processing_system7_0/inst/PS7_i/FCLKCLK[0]
                         net (fo=1, routed)           1.088    11.088    cb_i/processing_system7_0/inst/FCLK_CLK_unbuffered[0]
    BUFGCTRL_X0Y16       BUFG (Prop_bufg_I_O)         0.091    11.179 r  cb_i/processing_system7_0/inst/buffer_fclk_clk_0.FCLK_CLK_0_BUFG/O
                         net (fo=1118, routed)        1.612    12.792    cb_i/clk_wiz_0/inst/clk_in1
    MMCME2_ADV_X1Y0      MMCME2_ADV (Prop_mmcme2_adv_CLKIN1_CLKOUT0)
                                                     -3.425     9.366 r  cb_i/clk_wiz_0/inst/mmcm_adv_inst/CLKOUT0
                         net (fo=1, routed)           1.725    11.091    cb_i/clk_wiz_0/inst/clk_out1_cb_clk_wiz_0_2
    BUFGCTRL_X0Y0        BUFG (Prop_bufg_I_O)         0.091    11.182 r  cb_i/clk_wiz_0/inst/clkout1_buf/O
                         net (fo=42, routed)          1.482    12.664    cb_i/vdp_native_slave_0/inst/u_vga_timing/pixel_clk
    SLICE_X45Y98         FDCE                                         r  cb_i/vdp_native_slave_0/inst/u_vga_timing/h_cnt_reg[4]/C
                         clock pessimism              0.263    12.927    
                         clock uncertainty           -0.081    12.846    
    SLICE_X45Y98         FDCE (Setup_fdce_C_D)        0.031    12.877    cb_i/vdp_native_slave_0/inst/u_vga_timing/h_cnt_reg[4]
  -------------------------------------------------------------------
                         required time                         12.877    
                         arrival time                          -6.498    
  -------------------------------------------------------------------
                         slack                                  6.379    

Slack (MET) :             6.393ns  (required time - arrival time)
  Source:                 cb_i/vdp_native_slave_0/inst/u_vga_timing/h_cnt_reg[8]/C
                            (rising edge-triggered cell FDCE clocked by clk_out1_cb_clk_wiz_0_2  {rise@0.000ns fall@5.000ns period=10.000ns})
  Destination:            cb_i/vdp_native_slave_0/inst/u_vga_timing/h_cnt_reg[5]/D
                            (rising edge-triggered cell FDCE clocked by clk_out1_cb_clk_wiz_0_2  {rise@0.000ns fall@5.000ns period=10.000ns})
  Path Group:             clk_out1_cb_clk_wiz_0_2
  Path Type:              Setup (Max at Slow Process Corner)
  Requirement:            10.000ns  (clk_out1_cb_clk_wiz_0_2 rise@10.000ns - clk_out1_cb_clk_wiz_0_2 rise@0.000ns)
  Data Path Delay:        3.576ns  (logic 1.118ns (31.260%)  route 2.458ns (68.740%))
  Logic Levels:           4  (LUT2=2 LUT6=2)
  Clock Path Skew:        -0.025ns (DCD - SCD + CPR)
    Destination Clock Delay (DCD):    2.664ns = ( 12.664 - 10.000 ) 
    Source Clock Delay      (SCD):    2.952ns
    Clock Pessimism Removal (CPR):    0.263ns
  Clock Uncertainty:      0.081ns  ((TSJ^2 + DJ^2)^1/2) / 2 + PE
    Total System Jitter     (TSJ):    0.071ns
    Discrete Jitter          (DJ):    0.146ns
    Phase Error              (PE):    0.000ns

    Location             Delay type                Incr(ns)  Path(ns)    Netlist Resource(s)
  -------------------------------------------------------------------    -------------------
                         (clock clk_out1_cb_clk_wiz_0_2 rise edge)
                                                      0.000     0.000 r  
    PS7_X0Y0             PS7                          0.000     0.000 r  cb_i/processing_system7_0/inst/PS7_i/FCLKCLK[0]
                         net (fo=1, routed)           1.193     1.193    cb_i/processing_system7_0/inst/FCLK_CLK_unbuffered[0]
    BUFGCTRL_X0Y16       BUFG (Prop_bufg_I_O)         0.101     1.294 r  cb_i/processing_system7_0/inst/buffer_fclk_clk_0.FCLK_CLK_0_BUFG/O
                         net (fo=1118, routed)        1.806     3.100    cb_i/clk_wiz_0/inst/clk_in1
    MMCME2_ADV_X1Y0      MMCME2_ADV (Prop_mmcme2_adv_CLKIN1_CLKOUT0)
                                                     -3.793    -0.693 r  cb_i/clk_wiz_0/inst/mmcm_adv_inst/CLKOUT0
                         net (fo=1, routed)           1.889     1.196    cb_i/clk_wiz_0/inst/clk_out1_cb_clk_wiz_0_2
    BUFGCTRL_X0Y0        BUFG (Prop_bufg_I_O)         0.101     1.297 r  cb_i/clk_wiz_0/inst/clkout1_buf/O
                         net (fo=42, routed)          1.655     2.952    cb_i/vdp_native_slave_0/inst/u_vga_timing/pixel_clk
    SLICE_X45Y99         FDCE                                         r  cb_i/vdp_native_slave_0/inst/u_vga_timing/h_cnt_reg[8]/C
  -------------------------------------------------------------------    -------------------
    SLICE_X45Y99         FDCE (Prop_fdce_C_Q)         0.419     3.371 f  cb_i/vdp_native_slave_0/inst/u_vga_timing/h_cnt_reg[8]/Q
                         net (fo=4, routed)           0.853     4.224    cb_i/vdp_native_slave_0/inst/u_vga_timing/Q[8]
    SLICE_X45Y97         LUT2 (Prop_lut2_I0_O)        0.297     4.521 f  cb_i/vdp_native_slave_0/inst/u_vga_timing/v_cnt[11]_i_6/O
                         net (fo=1, routed)           0.403     4.924    cb_i/vdp_native_slave_0/inst/u_vga_timing/v_cnt[11]_i_6_n_0
    SLICE_X45Y97         LUT6 (Prop_lut6_I4_O)        0.124     5.048 r  cb_i/vdp_native_slave_0/inst/u_vga_timing/v_cnt[11]_i_3/O
                         net (fo=1, routed)           0.347     5.395    cb_i/vdp_native_slave_0/inst/u_vga_timing/v_cnt[11]_i_3_n_0
    SLICE_X44Y97         LUT6 (Prop_lut6_I0_O)        0.124     5.519 f  cb_i/vdp_native_slave_0/inst/u_vga_timing/v_cnt[11]_i_1/O
                         net (fo=24, routed)          0.856     6.374    cb_i/vdp_native_slave_0/inst/u_vga_timing/v_cnt[11]_i_1_n_0
    SLICE_X45Y98         LUT2 (Prop_lut2_I1_O)        0.154     6.528 r  cb_i/vdp_native_slave_0/inst/u_vga_timing/h_cnt[5]_i_1/O
                         net (fo=1, routed)           0.000     6.528    cb_i/vdp_native_slave_0/inst/u_vga_timing/p_0_in[5]
    SLICE_X45Y98         FDCE                                         r  cb_i/vdp_native_slave_0/inst/u_vga_timing/h_cnt_reg[5]/D
  -------------------------------------------------------------------    -------------------

                         (clock clk_out1_cb_clk_wiz_0_2 rise edge)
                                                     10.000    10.000 r  
    PS7_X0Y0             PS7                          0.000    10.000 r  cb_i/processing_system7_0/inst/PS7_i/FCLKCLK[0]
                         net (fo=1, routed)           1.088    11.088    cb_i/processing_system7_0/inst/FCLK_CLK_unbuffered[0]
    BUFGCTRL_X0Y16       BUFG (Prop_bufg_I_O)         0.091    11.179 r  cb_i/processing_system7_0/inst/buffer_fclk_clk_0.FCLK_CLK_0_BUFG/O
                         net (fo=1118, routed)        1.612    12.792    cb_i/clk_wiz_0/inst/clk_in1
    MMCME2_ADV_X1Y0      MMCME2_ADV (Prop_mmcme2_adv_CLKIN1_CLKOUT0)
                                                     -3.425     9.366 r  cb_i/clk_wiz_0/inst/mmcm_adv_inst/CLKOUT0
                         net (fo=1, routed)           1.725    11.091    cb_i/clk_wiz_0/inst/clk_out1_cb_clk_wiz_0_2
    BUFGCTRL_X0Y0        BUFG (Prop_bufg_I_O)         0.091    11.182 r  cb_i/clk_wiz_0/inst/clkout1_buf/O
                         net (fo=42, routed)          1.482    12.664    cb_i/vdp_native_slave_0/inst/u_vga_timing/pixel_clk
    SLICE_X45Y98         FDCE                                         r  cb_i/vdp_native_slave_0/inst/u_vga_timing/h_cnt_reg[5]/C
                         clock pessimism              0.263    12.927    
                         clock uncertainty           -0.081    12.846    
    SLICE_X45Y98         FDCE (Setup_fdce_C_D)        0.075    12.921    cb_i/vdp_native_slave_0/inst/u_vga_timing/h_cnt_reg[5]
  -------------------------------------------------------------------
                         required time                         12.921    
                         arrival time                          -6.528    
  -------------------------------------------------------------------
                         slack                                  6.393    

Slack (MET) :             6.414ns  (required time - arrival time)
  Source:                 cb_i/vdp_native_slave_0/inst/u_vga_timing/h_cnt_reg[8]/C
                            (rising edge-triggered cell FDCE clocked by clk_out1_cb_clk_wiz_0_2  {rise@0.000ns fall@5.000ns period=10.000ns})
  Destination:            cb_i/vdp_native_slave_0/inst/u_vga_timing/h_cnt_reg[6]/D
                            (rising edge-triggered cell FDCE clocked by clk_out1_cb_clk_wiz_0_2  {rise@0.000ns fall@5.000ns period=10.000ns})
  Path Group:             clk_out1_cb_clk_wiz_0_2
  Path Type:              Setup (Max at Slow Process Corner)
  Requirement:            10.000ns  (clk_out1_cb_clk_wiz_0_2 rise@10.000ns - clk_out1_cb_clk_wiz_0_2 rise@0.000ns)
  Data Path Delay:        3.536ns  (logic 1.088ns (30.765%)  route 2.448ns (69.235%))
  Logic Levels:           4  (LUT2=2 LUT6=2)
  Clock Path Skew:        0.000ns (DCD - SCD + CPR)
    Destination Clock Delay (DCD):    2.664ns = ( 12.664 - 10.000 ) 
    Source Clock Delay      (SCD):    2.952ns
    Clock Pessimism Removal (CPR):    0.288ns
  Clock Uncertainty:      0.081ns  ((TSJ^2 + DJ^2)^1/2) / 2 + PE
    Total System Jitter     (TSJ):    0.071ns
    Discrete Jitter          (DJ):    0.146ns
    Phase Error              (PE):    0.000ns

    Location             Delay type                Incr(ns)  Path(ns)    Netlist Resource(s)
  -------------------------------------------------------------------    -------------------
                         (clock clk_out1_cb_clk_wiz_0_2 rise edge)
                                                      0.000     0.000 r  
    PS7_X0Y0             PS7                          0.000     0.000 r  cb_i/processing_system7_0/inst/PS7_i/FCLKCLK[0]
                         net (fo=1, routed)           1.193     1.193    cb_i/processing_system7_0/inst/FCLK_CLK_unbuffered[0]
    BUFGCTRL_X0Y16       BUFG (Prop_bufg_I_O)         0.101     1.294 r  cb_i/processing_system7_0/inst/buffer_fclk_clk_0.FCLK_CLK_0_BUFG/O
                         net (fo=1118, routed)        1.806     3.100    cb_i/clk_wiz_0/inst/clk_in1
    MMCME2_ADV_X1Y0      MMCME2_ADV (Prop_mmcme2_adv_CLKIN1_CLKOUT0)
                                                     -3.793    -0.693 r  cb_i/clk_wiz_0/inst/mmcm_adv_inst/CLKOUT0
                         net (fo=1, routed)           1.889     1.196    cb_i/clk_wiz_0/inst/clk_out1_cb_clk_wiz_0_2
    BUFGCTRL_X0Y0        BUFG (Prop_bufg_I_O)         0.101     1.297 r  cb_i/clk_wiz_0/inst/clkout1_buf/O
                         net (fo=42, routed)          1.655     2.952    cb_i/vdp_native_slave_0/inst/u_vga_timing/pixel_clk
    SLICE_X45Y99         FDCE                                         r  cb_i/vdp_native_slave_0/inst/u_vga_timing/h_cnt_reg[8]/C
  -------------------------------------------------------------------    -------------------
    SLICE_X45Y99         FDCE (Prop_fdce_C_Q)         0.419     3.371 f  cb_i/vdp_native_slave_0/inst/u_vga_timing/h_cnt_reg[8]/Q
                         net (fo=4, routed)           0.853     4.224    cb_i/vdp_native_slave_0/inst/u_vga_timing/Q[8]
    SLICE_X45Y97         LUT2 (Prop_lut2_I0_O)        0.297     4.521 f  cb_i/vdp_native_slave_0/inst/u_vga_timing/v_cnt[11]_i_6/O
                         net (fo=1, routed)           0.403     4.924    cb_i/vdp_native_slave_0/inst/u_vga_timing/v_cnt[11]_i_6_n_0
    SLICE_X45Y97         LUT6 (Prop_lut6_I4_O)        0.124     5.048 r  cb_i/vdp_native_slave_0/inst/u_vga_timing/v_cnt[11]_i_3/O
                         net (fo=1, routed)           0.347     5.395    cb_i/vdp_native_slave_0/inst/u_vga_timing/v_cnt[11]_i_3_n_0
    SLICE_X44Y97         LUT6 (Prop_lut6_I0_O)        0.124     5.519 f  cb_i/vdp_native_slave_0/inst/u_vga_timing/v_cnt[11]_i_1/O
                         net (fo=24, routed)          0.846     6.364    cb_i/vdp_native_slave_0/inst/u_vga_timing/v_cnt[11]_i_1_n_0
    SLICE_X45Y99         LUT2 (Prop_lut2_I1_O)        0.124     6.488 r  cb_i/vdp_native_slave_0/inst/u_vga_timing/h_cnt[6]_i_1/O
                         net (fo=1, routed)           0.000     6.488    cb_i/vdp_native_slave_0/inst/u_vga_timing/p_0_in[6]
    SLICE_X45Y99         FDCE                                         r  cb_i/vdp_native_slave_0/inst/u_vga_timing/h_cnt_reg[6]/D
  -------------------------------------------------------------------    -------------------

                         (clock clk_out1_cb_clk_wiz_0_2 rise edge)
                                                     10.000    10.000 r  
    PS7_X0Y0             PS7                          0.000    10.000 r  cb_i/processing_system7_0/inst/PS7_i/FCLKCLK[0]
                         net (fo=1, routed)           1.088    11.088    cb_i/processing_system7_0/inst/FCLK_CLK_unbuffered[0]
    BUFGCTRL_X0Y16       BUFG (Prop_bufg_I_O)         0.091    11.179 r  cb_i/processing_system7_0/inst/buffer_fclk_clk_0.FCLK_CLK_0_BUFG/O
                         net (fo=1118, routed)        1.612    12.792    cb_i/clk_wiz_0/inst/clk_in1
    MMCME2_ADV_X1Y0      MMCME2_ADV (Prop_mmcme2_adv_CLKIN1_CLKOUT0)
                                                     -3.425     9.366 r  cb_i/clk_wiz_0/inst/mmcm_adv_inst/CLKOUT0
                         net (fo=1, routed)           1.725    11.091    cb_i/clk_wiz_0/inst/clk_out1_cb_clk_wiz_0_2
    BUFGCTRL_X0Y0        BUFG (Prop_bufg_I_O)         0.091    11.182 r  cb_i/clk_wiz_0/inst/clkout1_buf/O
                         net (fo=42, routed)          1.482    12.664    cb_i/vdp_native_slave_0/inst/u_vga_timing/pixel_clk
    SLICE_X45Y99         FDCE                                         r  cb_i/vdp_native_slave_0/inst/u_vga_timing/h_cnt_reg[6]/C
                         clock pessimism              0.288    12.952    
                         clock uncertainty           -0.081    12.871    
    SLICE_X45Y99         FDCE (Setup_fdce_C_D)        0.031    12.902    cb_i/vdp_native_slave_0/inst/u_vga_timing/h_cnt_reg[6]
  -------------------------------------------------------------------
                         required time                         12.902    
                         arrival time                          -6.488    
  -------------------------------------------------------------------
                         slack                                  6.414    

Slack (MET) :             6.430ns  (required time - arrival time)
  Source:                 cb_i/vdp_native_slave_0/inst/u_vga_timing/h_cnt_reg[8]/C
                            (rising edge-triggered cell FDCE clocked by clk_out1_cb_clk_wiz_0_2  {rise@0.000ns fall@5.000ns period=10.000ns})
  Destination:            cb_i/vdp_native_slave_0/inst/u_vga_timing/h_cnt_reg[9]/D
                            (rising edge-triggered cell FDCE clocked by clk_out1_cb_clk_wiz_0_2  {rise@0.000ns fall@5.000ns period=10.000ns})
  Path Group:             clk_out1_cb_clk_wiz_0_2
  Path Type:              Setup (Max at Slow Process Corner)
  Requirement:            10.000ns  (clk_out1_cb_clk_wiz_0_2 rise@10.000ns - clk_out1_cb_clk_wiz_0_2 rise@0.000ns)
  Data Path Delay:        3.564ns  (logic 1.116ns (31.309%)  route 2.448ns (68.691%))
  Logic Levels:           4  (LUT2=2 LUT6=2)
  Clock Path Skew:        0.000ns (DCD - SCD + CPR)
    Destination Clock Delay (DCD):    2.664ns = ( 12.664 - 10.000 ) 
    Source Clock Delay      (SCD):    2.952ns
    Clock Pessimism Removal (CPR):    0.288ns
  Clock Uncertainty:      0.081ns  ((TSJ^2 + DJ^2)^1/2) / 2 + PE
    Total System Jitter     (TSJ):    0.071ns
    Discrete Jitter          (DJ):    0.146ns
    Phase Error              (PE):    0.000ns

    Location             Delay type                Incr(ns)  Path(ns)    Netlist Resource(s)
  -------------------------------------------------------------------    -------------------
                         (clock clk_out1_cb_clk_wiz_0_2 rise edge)
                                                      0.000     0.000 r  
    PS7_X0Y0             PS7                          0.000     0.000 r  cb_i/processing_system7_0/inst/PS7_i/FCLKCLK[0]
                         net (fo=1, routed)           1.193     1.193    cb_i/processing_system7_0/inst/FCLK_CLK_unbuffered[0]
    BUFGCTRL_X0Y16       BUFG (Prop_bufg_I_O)         0.101     1.294 r  cb_i/processing_system7_0/inst/buffer_fclk_clk_0.FCLK_CLK_0_BUFG/O
                         net (fo=1118, routed)        1.806     3.100    cb_i/clk_wiz_0/inst/clk_in1
    MMCME2_ADV_X1Y0      MMCME2_ADV (Prop_mmcme2_adv_CLKIN1_CLKOUT0)
                                                     -3.793    -0.693 r  cb_i/clk_wiz_0/inst/mmcm_adv_inst/CLKOUT0
                         net (fo=1, routed)           1.889     1.196    cb_i/clk_wiz_0/inst/clk_out1_cb_clk_wiz_0_2
    BUFGCTRL_X0Y0        BUFG (Prop_bufg_I_O)         0.101     1.297 r  cb_i/clk_wiz_0/inst/clkout1_buf/O
                         net (fo=42, routed)          1.655     2.952    cb_i/vdp_native_slave_0/inst/u_vga_timing/pixel_clk
    SLICE_X45Y99         FDCE                                         r  cb_i/vdp_native_slave_0/inst/u_vga_timing/h_cnt_reg[8]/C
  -------------------------------------------------------------------    -------------------
    SLICE_X45Y99         FDCE (Prop_fdce_C_Q)         0.419     3.371 f  cb_i/vdp_native_slave_0/inst/u_vga_timing/h_cnt_reg[8]/Q
                         net (fo=4, routed)           0.853     4.224    cb_i/vdp_native_slave_0/inst/u_vga_timing/Q[8]
    SLICE_X45Y97         LUT2 (Prop_lut2_I0_O)        0.297     4.521 f  cb_i/vdp_native_slave_0/inst/u_vga_timing/v_cnt[11]_i_6/O
                         net (fo=1, routed)           0.403     4.924    cb_i/vdp_native_slave_0/inst/u_vga_timing/v_cnt[11]_i_6_n_0
    SLICE_X45Y97         LUT6 (Prop_lut6_I4_O)        0.124     5.048 r  cb_i/vdp_native_slave_0/inst/u_vga_timing/v_cnt[11]_i_3/O
                         net (fo=1, routed)           0.347     5.395    cb_i/vdp_native_slave_0/inst/u_vga_timing/v_cnt[11]_i_3_n_0
    SLICE_X44Y97         LUT6 (Prop_lut6_I0_O)        0.124     5.519 f  cb_i/vdp_native_slave_0/inst/u_vga_timing/v_cnt[11]_i_1/O
                         net (fo=24, routed)          0.846     6.364    cb_i/vdp_native_slave_0/inst/u_vga_timing/v_cnt[11]_i_1_n_0
    SLICE_X45Y99         LUT2 (Prop_lut2_I1_O)        0.152     6.516 r  cb_i/vdp_native_slave_0/inst/u_vga_timing/h_cnt[9]_i_1/O
                         net (fo=1, routed)           0.000     6.516    cb_i/vdp_native_slave_0/inst/u_vga_timing/p_0_in[9]
    SLICE_X45Y99         FDCE                                         r  cb_i/vdp_native_slave_0/inst/u_vga_timing/h_cnt_reg[9]/D
  -------------------------------------------------------------------    -------------------

                         (clock clk_out1_cb_clk_wiz_0_2 rise edge)
                                                     10.000    10.000 r  
    PS7_X0Y0             PS7                          0.000    10.000 r  cb_i/processing_system7_0/inst/PS7_i/FCLKCLK[0]
                         net (fo=1, routed)           1.088    11.088    cb_i/processing_system7_0/inst/FCLK_CLK_unbuffered[0]
    BUFGCTRL_X0Y16       BUFG (Prop_bufg_I_O)         0.091    11.179 r  cb_i/processing_system7_0/inst/buffer_fclk_clk_0.FCLK_CLK_0_BUFG/O
                         net (fo=1118, routed)        1.612    12.792    cb_i/clk_wiz_0/inst/clk_in1
    MMCME2_ADV_X1Y0      MMCME2_ADV (Prop_mmcme2_adv_CLKIN1_CLKOUT0)
                                                     -3.425     9.366 r  cb_i/clk_wiz_0/inst/mmcm_adv_inst/CLKOUT0
                         net (fo=1, routed)           1.725    11.091    cb_i/clk_wiz_0/inst/clk_out1_cb_clk_wiz_0_2
    BUFGCTRL_X0Y0        BUFG (Prop_bufg_I_O)         0.091    11.182 r  cb_i/clk_wiz_0/inst/clkout1_buf/O
                         net (fo=42, routed)          1.482    12.664    cb_i/vdp_native_slave_0/inst/u_vga_timing/pixel_clk
    SLICE_X45Y99         FDCE                                         r  cb_i/vdp_native_slave_0/inst/u_vga_timing/h_cnt_reg[9]/C
                         clock pessimism              0.288    12.952    
                         clock uncertainty           -0.081    12.871    
    SLICE_X45Y99         FDCE (Setup_fdce_C_D)        0.075    12.946    cb_i/vdp_native_slave_0/inst/u_vga_timing/h_cnt_reg[9]
  -------------------------------------------------------------------
                         required time                         12.946    
                         arrival time                          -6.516    
  -------------------------------------------------------------------
                         slack                                  6.430    

Slack (MET) :             6.437ns  (required time - arrival time)
  Source:                 cb_i/vdp_native_slave_0/inst/u_vga_timing/h_cnt_reg[8]/C
                            (rising edge-triggered cell FDCE clocked by clk_out1_cb_clk_wiz_0_2  {rise@0.000ns fall@5.000ns period=10.000ns})
  Destination:            cb_i/vdp_native_slave_0/inst/u_vga_timing/h_cnt_reg[11]/D
                            (rising edge-triggered cell FDCE clocked by clk_out1_cb_clk_wiz_0_2  {rise@0.000ns fall@5.000ns period=10.000ns})
  Path Group:             clk_out1_cb_clk_wiz_0_2
  Path Type:              Setup (Max at Slow Process Corner)
  Requirement:            10.000ns  (clk_out1_cb_clk_wiz_0_2 rise@10.000ns - clk_out1_cb_clk_wiz_0_2 rise@0.000ns)
  Data Path Delay:        3.557ns  (logic 1.114ns (31.315%)  route 2.443ns (68.685%))
  Logic Levels:           4  (LUT2=2 LUT6=2)
  Clock Path Skew:        0.000ns (DCD - SCD + CPR)
    Destination Clock Delay (DCD):    2.664ns = ( 12.664 - 10.000 ) 
    Source Clock Delay      (SCD):    2.952ns
    Clock Pessimism Removal (CPR):    0.288ns
  Clock Uncertainty:      0.081ns  ((TSJ^2 + DJ^2)^1/2) / 2 + PE
    Total System Jitter     (TSJ):    0.071ns
    Discrete Jitter          (DJ):    0.146ns
    Phase Error              (PE):    0.000ns

    Location             Delay type                Incr(ns)  Path(ns)    Netlist Resource(s)
  -------------------------------------------------------------------    -------------------
                         (clock clk_out1_cb_clk_wiz_0_2 rise edge)
                                                      0.000     0.000 r  
    PS7_X0Y0             PS7                          0.000     0.000 r  cb_i/processing_system7_0/inst/PS7_i/FCLKCLK[0]
                         net (fo=1, routed)           1.193     1.193    cb_i/processing_system7_0/inst/FCLK_CLK_unbuffered[0]
    BUFGCTRL_X0Y16       BUFG (Prop_bufg_I_O)         0.101     1.294 r  cb_i/processing_system7_0/inst/buffer_fclk_clk_0.FCLK_CLK_0_BUFG/O
                         net (fo=1118, routed)        1.806     3.100    cb_i/clk_wiz_0/inst/clk_in1
    MMCME2_ADV_X1Y0      MMCME2_ADV (Prop_mmcme2_adv_CLKIN1_CLKOUT0)
                                                     -3.793    -0.693 r  cb_i/clk_wiz_0/inst/mmcm_adv_inst/CLKOUT0
                         net (fo=1, routed)           1.889     1.196    cb_i/clk_wiz_0/inst/clk_out1_cb_clk_wiz_0_2
    BUFGCTRL_X0Y0        BUFG (Prop_bufg_I_O)         0.101     1.297 r  cb_i/clk_wiz_0/inst/clkout1_buf/O
                         net (fo=42, routed)          1.655     2.952    cb_i/vdp_native_slave_0/inst/u_vga_timing/pixel_clk
    SLICE_X45Y99         FDCE                                         r  cb_i/vdp_native_slave_0/inst/u_vga_timing/h_cnt_reg[8]/C
  -------------------------------------------------------------------    -------------------
    SLICE_X45Y99         FDCE (Prop_fdce_C_Q)         0.419     3.371 f  cb_i/vdp_native_slave_0/inst/u_vga_timing/h_cnt_reg[8]/Q
                         net (fo=4, routed)           0.853     4.224    cb_i/vdp_native_slave_0/inst/u_vga_timing/Q[8]
    SLICE_X45Y97         LUT2 (Prop_lut2_I0_O)        0.297     4.521 f  cb_i/vdp_native_slave_0/inst/u_vga_timing/v_cnt[11]_i_6/O
                         net (fo=1, routed)           0.403     4.924    cb_i/vdp_native_slave_0/inst/u_vga_timing/v_cnt[11]_i_6_n_0
    SLICE_X45Y97         LUT6 (Prop_lut6_I4_O)        0.124     5.048 r  cb_i/vdp_native_slave_0/inst/u_vga_timing/v_cnt[11]_i_3/O
                         net (fo=1, routed)           0.347     5.395    cb_i/vdp_native_slave_0/inst/u_vga_timing/v_cnt[11]_i_3_n_0
    SLICE_X44Y97         LUT6 (Prop_lut6_I0_O)        0.124     5.519 f  cb_i/vdp_native_slave_0/inst/u_vga_timing/v_cnt[11]_i_1/O
                         net (fo=24, routed)          0.841     6.359    cb_i/vdp_native_slave_0/inst/u_vga_timing/v_cnt[11]_i_1_n_0
    SLICE_X45Y99         LUT2 (Prop_lut2_I1_O)        0.150     6.509 r  cb_i/vdp_native_slave_0/inst/u_vga_timing/h_cnt[11]_i_1/O
                         net (fo=1, routed)           0.000     6.509    cb_i/vdp_native_slave_0/inst/u_vga_timing/p_0_in[11]
    SLICE_X45Y99         FDCE                                         r  cb_i/vdp_native_slave_0/inst/u_vga_timing/h_cnt_reg[11]/D
  -------------------------------------------------------------------    -------------------

                         (clock clk_out1_cb_clk_wiz_0_2 rise edge)
                                                     10.000    10.000 r  
    PS7_X0Y0             PS7                          0.000    10.000 r  cb_i/processing_system7_0/inst/PS7_i/FCLKCLK[0]
                         net (fo=1, routed)           1.088    11.088    cb_i/processing_system7_0/inst/FCLK_CLK_unbuffered[0]
    BUFGCTRL_X0Y16       BUFG (Prop_bufg_I_O)         0.091    11.179 r  cb_i/processing_system7_0/inst/buffer_fclk_clk_0.FCLK_CLK_0_BUFG/O
                         net (fo=1118, routed)        1.612    12.792    cb_i/clk_wiz_0/inst/clk_in1
    MMCME2_ADV_X1Y0      MMCME2_ADV (Prop_mmcme2_adv_CLKIN1_CLKOUT0)
                                                     -3.425     9.366 r  cb_i/clk_wiz_0/inst/mmcm_adv_inst/CLKOUT0
                         net (fo=1, routed)           1.725    11.091    cb_i/clk_wiz_0/inst/clk_out1_cb_clk_wiz_0_2
    BUFGCTRL_X0Y0        BUFG (Prop_bufg_I_O)         0.091    11.182 r  cb_i/clk_wiz_0/inst/clkout1_buf/O
                         net (fo=42, routed)          1.482    12.664    cb_i/vdp_native_slave_0/inst/u_vga_timing/pixel_clk
    SLICE_X45Y99         FDCE                                         r  cb_i/vdp_native_slave_0/inst/u_vga_timing/h_cnt_reg[11]/C
                         clock pessimism              0.288    12.952    
                         clock uncertainty           -0.081    12.871    
    SLICE_X45Y99         FDCE (Setup_fdce_C_D)        0.075    12.946    cb_i/vdp_native_slave_0/inst/u_vga_timing/h_cnt_reg[11]
  -------------------------------------------------------------------
                         required time                         12.946    
                         arrival time                          -6.509    
  -------------------------------------------------------------------
                         slack                                  6.437    

Slack (MET) :             6.509ns  (required time - arrival time)
  Source:                 cb_i/vdp_native_slave_0/inst/u_vga_timing/h_cnt_reg[8]/C
                            (rising edge-triggered cell FDCE clocked by clk_out1_cb_clk_wiz_0_2  {rise@0.000ns fall@5.000ns period=10.000ns})
  Destination:            cb_i/vdp_native_slave_0/inst/u_vga_timing/h_cnt_reg[7]/D
                            (rising edge-triggered cell FDCE clocked by clk_out1_cb_clk_wiz_0_2  {rise@0.000ns fall@5.000ns period=10.000ns})
  Path Group:             clk_out1_cb_clk_wiz_0_2
  Path Type:              Setup (Max at Slow Process Corner)
  Requirement:            10.000ns  (clk_out1_cb_clk_wiz_0_2 rise@10.000ns - clk_out1_cb_clk_wiz_0_2 rise@0.000ns)
  Data Path Delay:        3.441ns  (logic 1.088ns (31.614%)  route 2.353ns (68.386%))
  Logic Levels:           4  (LUT2=2 LUT6=2)
  Clock Path Skew:        0.000ns (DCD - SCD + CPR)
    Destination Clock Delay (DCD):    2.664ns = ( 12.664 - 10.000 ) 
    Source Clock Delay      (SCD):    2.952ns
    Clock Pessimism Removal (CPR):    0.288ns
  Clock Uncertainty:      0.081ns  ((TSJ^2 + DJ^2)^1/2) / 2 + PE
    Total System Jitter     (TSJ):    0.071ns
    Discrete Jitter          (DJ):    0.146ns
    Phase Error              (PE):    0.000ns

    Location             Delay type                Incr(ns)  Path(ns)    Netlist Resource(s)
  -------------------------------------------------------------------    -------------------
                         (clock clk_out1_cb_clk_wiz_0_2 rise edge)
                                                      0.000     0.000 r  
    PS7_X0Y0             PS7                          0.000     0.000 r  cb_i/processing_system7_0/inst/PS7_i/FCLKCLK[0]
                         net (fo=1, routed)           1.193     1.193    cb_i/processing_system7_0/inst/FCLK_CLK_unbuffered[0]
    BUFGCTRL_X0Y16       BUFG (Prop_bufg_I_O)         0.101     1.294 r  cb_i/processing_system7_0/inst/buffer_fclk_clk_0.FCLK_CLK_0_BUFG/O
                         net (fo=1118, routed)        1.806     3.100    cb_i/clk_wiz_0/inst/clk_in1
    MMCME2_ADV_X1Y0      MMCME2_ADV (Prop_mmcme2_adv_CLKIN1_CLKOUT0)
                                                     -3.793    -0.693 r  cb_i/clk_wiz_0/inst/mmcm_adv_inst/CLKOUT0
                         net (fo=1, routed)           1.889     1.196    cb_i/clk_wiz_0/inst/clk_out1_cb_clk_wiz_0_2
    BUFGCTRL_X0Y0        BUFG (Prop_bufg_I_O)         0.101     1.297 r  cb_i/clk_wiz_0/inst/clkout1_buf/O
                         net (fo=42, routed)          1.655     2.952    cb_i/vdp_native_slave_0/inst/u_vga_timing/pixel_clk
    SLICE_X45Y99         FDCE                                         r  cb_i/vdp_native_slave_0/inst/u_vga_timing/h_cnt_reg[8]/C
  -------------------------------------------------------------------    -------------------
    SLICE_X45Y99         FDCE (Prop_fdce_C_Q)         0.419     3.371 f  cb_i/vdp_native_slave_0/inst/u_vga_timing/h_cnt_reg[8]/Q
                         net (fo=4, routed)           0.853     4.224    cb_i/vdp_native_slave_0/inst/u_vga_timing/Q[8]
    SLICE_X45Y97         LUT2 (Prop_lut2_I0_O)        0.297     4.521 f  cb_i/vdp_native_slave_0/inst/u_vga_timing/v_cnt[11]_i_6/O
                         net (fo=1, routed)           0.403     4.924    cb_i/vdp_native_slave_0/inst/u_vga_timing/v_cnt[11]_i_6_n_0
    SLICE_X45Y97         LUT6 (Prop_lut6_I4_O)        0.124     5.048 r  cb_i/vdp_native_slave_0/inst/u_vga_timing/v_cnt[11]_i_3/O
                         net (fo=1, routed)           0.347     5.395    cb_i/vdp_native_slave_0/inst/u_vga_timing/v_cnt[11]_i_3_n_0
    SLICE_X44Y97         LUT6 (Prop_lut6_I0_O)        0.124     5.519 f  cb_i/vdp_native_slave_0/inst/u_vga_timing/v_cnt[11]_i_1/O
                         net (fo=24, routed)          0.751     6.269    cb_i/vdp_native_slave_0/inst/u_vga_timing/v_cnt[11]_i_1_n_0
    SLICE_X45Y99         LUT2 (Prop_lut2_I1_O)        0.124     6.393 r  cb_i/vdp_native_slave_0/inst/u_vga_timing/h_cnt[7]_i_1/O
                         net (fo=1, routed)           0.000     6.393    cb_i/vdp_native_slave_0/inst/u_vga_timing/p_0_in[7]
    SLICE_X45Y99         FDCE                                         r  cb_i/vdp_native_slave_0/inst/u_vga_timing/h_cnt_reg[7]/D
  -------------------------------------------------------------------    -------------------

                         (clock clk_out1_cb_clk_wiz_0_2 rise edge)
                                                     10.000    10.000 r  
    PS7_X0Y0             PS7                          0.000    10.000 r  cb_i/processing_system7_0/inst/PS7_i/FCLKCLK[0]
                         net (fo=1, routed)           1.088    11.088    cb_i/processing_system7_0/inst/FCLK_CLK_unbuffered[0]
    BUFGCTRL_X0Y16       BUFG (Prop_bufg_I_O)         0.091    11.179 r  cb_i/processing_system7_0/inst/buffer_fclk_clk_0.FCLK_CLK_0_BUFG/O
                         net (fo=1118, routed)        1.612    12.792    cb_i/clk_wiz_0/inst/clk_in1
    MMCME2_ADV_X1Y0      MMCME2_ADV (Prop_mmcme2_adv_CLKIN1_CLKOUT0)
                                                     -3.425     9.366 r  cb_i/clk_wiz_0/inst/mmcm_adv_inst/CLKOUT0
                         net (fo=1, routed)           1.725    11.091    cb_i/clk_wiz_0/inst/clk_out1_cb_clk_wiz_0_2
    BUFGCTRL_X0Y0        BUFG (Prop_bufg_I_O)         0.091    11.182 r  cb_i/clk_wiz_0/inst/clkout1_buf/O
                         net (fo=42, routed)          1.482    12.664    cb_i/vdp_native_slave_0/inst/u_vga_timing/pixel_clk
    SLICE_X45Y99         FDCE                                         r  cb_i/vdp_native_slave_0/inst/u_vga_timing/h_cnt_reg[7]/C
                         clock pessimism              0.288    12.952    
                         clock uncertainty           -0.081    12.871    
    SLICE_X45Y99         FDCE (Setup_fdce_C_D)        0.031    12.902    cb_i/vdp_native_slave_0/inst/u_vga_timing/h_cnt_reg[7]
  -------------------------------------------------------------------
                         required time                         12.902    
                         arrival time                          -6.393    
  -------------------------------------------------------------------
                         slack                                  6.509    

Slack (MET) :             6.557ns  (required time - arrival time)
  Source:                 cb_i/vdp_native_slave_0/inst/u_vga_timing/h_cnt_reg[8]/C
                            (rising edge-triggered cell FDCE clocked by clk_out1_cb_clk_wiz_0_2  {rise@0.000ns fall@5.000ns period=10.000ns})
  Destination:            cb_i/vdp_native_slave_0/inst/u_vga_timing/h_cnt_reg[8]/D
                            (rising edge-triggered cell FDCE clocked by clk_out1_cb_clk_wiz_0_2  {rise@0.000ns fall@5.000ns period=10.000ns})
  Path Group:             clk_out1_cb_clk_wiz_0_2
  Path Type:              Setup (Max at Slow Process Corner)
  Requirement:            10.000ns  (clk_out1_cb_clk_wiz_0_2 rise@10.000ns - clk_out1_cb_clk_wiz_0_2 rise@0.000ns)
  Data Path Delay:        3.437ns  (logic 1.084ns (31.535%)  route 2.353ns (68.465%))
  Logic Levels:           4  (LUT2=2 LUT6=2)
  Clock Path Skew:        0.000ns (DCD - SCD + CPR)
    Destination Clock Delay (DCD):    2.664ns = ( 12.664 - 10.000 ) 
    Source Clock Delay      (SCD):    2.952ns
    Clock Pessimism Removal (CPR):    0.288ns
  Clock Uncertainty:      0.081ns  ((TSJ^2 + DJ^2)^1/2) / 2 + PE
    Total System Jitter     (TSJ):    0.071ns
    Discrete Jitter          (DJ):    0.146ns
    Phase Error              (PE):    0.000ns

    Location             Delay type                Incr(ns)  Path(ns)    Netlist Resource(s)
  -------------------------------------------------------------------    -------------------
                         (clock clk_out1_cb_clk_wiz_0_2 rise edge)
                                                      0.000     0.000 r  
    PS7_X0Y0             PS7                          0.000     0.000 r  cb_i/processing_system7_0/inst/PS7_i/FCLKCLK[0]
                         net (fo=1, routed)           1.193     1.193    cb_i/processing_system7_0/inst/FCLK_CLK_unbuffered[0]
    BUFGCTRL_X0Y16       BUFG (Prop_bufg_I_O)         0.101     1.294 r  cb_i/processing_system7_0/inst/buffer_fclk_clk_0.FCLK_CLK_0_BUFG/O
                         net (fo=1118, routed)        1.806     3.100    cb_i/clk_wiz_0/inst/clk_in1
    MMCME2_ADV_X1Y0      MMCME2_ADV (Prop_mmcme2_adv_CLKIN1_CLKOUT0)
                                                     -3.793    -0.693 r  cb_i/clk_wiz_0/inst/mmcm_adv_inst/CLKOUT0
                         net (fo=1, routed)           1.889     1.196    cb_i/clk_wiz_0/inst/clk_out1_cb_clk_wiz_0_2
    BUFGCTRL_X0Y0        BUFG (Prop_bufg_I_O)         0.101     1.297 r  cb_i/clk_wiz_0/inst/clkout1_buf/O
                         net (fo=42, routed)          1.655     2.952    cb_i/vdp_native_slave_0/inst/u_vga_timing/pixel_clk
    SLICE_X45Y99         FDCE                                         r  cb_i/vdp_native_slave_0/inst/u_vga_timing/h_cnt_reg[8]/C
  -------------------------------------------------------------------    -------------------
    SLICE_X45Y99         FDCE (Prop_fdce_C_Q)         0.419     3.371 f  cb_i/vdp_native_slave_0/inst/u_vga_timing/h_cnt_reg[8]/Q
                         net (fo=4, routed)           0.853     4.224    cb_i/vdp_native_slave_0/inst/u_vga_timing/Q[8]
    SLICE_X45Y97         LUT2 (Prop_lut2_I0_O)        0.297     4.521 f  cb_i/vdp_native_slave_0/inst/u_vga_timing/v_cnt[11]_i_6/O
                         net (fo=1, routed)           0.403     4.924    cb_i/vdp_native_slave_0/inst/u_vga_timing/v_cnt[11]_i_6_n_0
    SLICE_X45Y97         LUT6 (Prop_lut6_I4_O)        0.124     5.048 r  cb_i/vdp_native_slave_0/inst/u_vga_timing/v_cnt[11]_i_3/O
                         net (fo=1, routed)           0.347     5.395    cb_i/vdp_native_slave_0/inst/u_vga_timing/v_cnt[11]_i_3_n_0
    SLICE_X44Y97         LUT6 (Prop_lut6_I0_O)        0.124     5.519 f  cb_i/vdp_native_slave_0/inst/u_vga_timing/v_cnt[11]_i_1/O
                         net (fo=24, routed)          0.751     6.269    cb_i/vdp_native_slave_0/inst/u_vga_timing/v_cnt[11]_i_1_n_0
    SLICE_X45Y99         LUT2 (Prop_lut2_I1_O)        0.120     6.389 r  cb_i/vdp_native_slave_0/inst/u_vga_timing/h_cnt[8]_i_1/O
                         net (fo=1, routed)           0.000     6.389    cb_i/vdp_native_slave_0/inst/u_vga_timing/p_0_in[8]
    SLICE_X45Y99         FDCE                                         r  cb_i/vdp_native_slave_0/inst/u_vga_timing/h_cnt_reg[8]/D
  -------------------------------------------------------------------    -------------------

                         (clock clk_out1_cb_clk_wiz_0_2 rise edge)
                                                     10.000    10.000 r  
    PS7_X0Y0             PS7                          0.000    10.000 r  cb_i/processing_system7_0/inst/PS7_i/FCLKCLK[0]
                         net (fo=1, routed)           1.088    11.088    cb_i/processing_system7_0/inst/FCLK_CLK_unbuffered[0]
    BUFGCTRL_X0Y16       BUFG (Prop_bufg_I_O)         0.091    11.179 r  cb_i/processing_system7_0/inst/buffer_fclk_clk_0.FCLK_CLK_0_BUFG/O
                         net (fo=1118, routed)        1.612    12.792    cb_i/clk_wiz_0/inst/clk_in1
    MMCME2_ADV_X1Y0      MMCME2_ADV (Prop_mmcme2_adv_CLKIN1_CLKOUT0)
                                                     -3.425     9.366 r  cb_i/clk_wiz_0/inst/mmcm_adv_inst/CLKOUT0
                         net (fo=1, routed)           1.725    11.091    cb_i/clk_wiz_0/inst/clk_out1_cb_clk_wiz_0_2
    BUFGCTRL_X0Y0        BUFG (Prop_bufg_I_O)         0.091    11.182 r  cb_i/clk_wiz_0/inst/clkout1_buf/O
                         net (fo=42, routed)          1.482    12.664    cb_i/vdp_native_slave_0/inst/u_vga_timing/pixel_clk
    SLICE_X45Y99         FDCE                                         r  cb_i/vdp_native_slave_0/inst/u_vga_timing/h_cnt_reg[8]/C
                         clock pessimism              0.288    12.952    
                         clock uncertainty           -0.081    12.871    
    SLICE_X45Y99         FDCE (Setup_fdce_C_D)        0.075    12.946    cb_i/vdp_native_slave_0/inst/u_vga_timing/h_cnt_reg[8]
  -------------------------------------------------------------------
                         required time                         12.946    
                         arrival time                          -6.389    
  -------------------------------------------------------------------
                         slack                                  6.557    

Slack (MET) :             6.579ns  (required time - arrival time)
  Source:                 cb_i/vdp_native_slave_0/inst/u_vga_timing/v_cnt_reg[1]/C
                            (rising edge-triggered cell FDCE clocked by clk_out1_cb_clk_wiz_0_2  {rise@0.000ns fall@5.000ns period=10.000ns})
  Destination:            cb_i/vdp_native_slave_0/inst/u_vga_timing/v_cnt_reg[5]/D
                            (rising edge-triggered cell FDCE clocked by clk_out1_cb_clk_wiz_0_2  {rise@0.000ns fall@5.000ns period=10.000ns})
  Path Group:             clk_out1_cb_clk_wiz_0_2
  Path Type:              Setup (Max at Slow Process Corner)
  Requirement:            10.000ns  (clk_out1_cb_clk_wiz_0_2 rise@10.000ns - clk_out1_cb_clk_wiz_0_2 rise@0.000ns)
  Data Path Delay:        3.458ns  (logic 1.855ns (53.642%)  route 1.603ns (46.358%))
  Logic Levels:           3  (CARRY4=2 LUT4=1)
  Clock Path Skew:        0.000ns (DCD - SCD + CPR)
    Destination Clock Delay (DCD):    2.663ns = ( 12.663 - 10.000 ) 
    Source Clock Delay      (SCD):    2.951ns
    Clock Pessimism Removal (CPR):    0.288ns
  Clock Uncertainty:      0.081ns  ((TSJ^2 + DJ^2)^1/2) / 2 + PE
    Total System Jitter     (TSJ):    0.071ns
    Discrete Jitter          (DJ):    0.146ns
    Phase Error              (PE):    0.000ns

    Location             Delay type                Incr(ns)  Path(ns)    Netlist Resource(s)
  -------------------------------------------------------------------    -------------------
                         (clock clk_out1_cb_clk_wiz_0_2 rise edge)
                                                      0.000     0.000 r  
    PS7_X0Y0             PS7                          0.000     0.000 r  cb_i/processing_system7_0/inst/PS7_i/FCLKCLK[0]
                         net (fo=1, routed)           1.193     1.193    cb_i/processing_system7_0/inst/FCLK_CLK_unbuffered[0]
    BUFGCTRL_X0Y16       BUFG (Prop_bufg_I_O)         0.101     1.294 r  cb_i/processing_system7_0/inst/buffer_fclk_clk_0.FCLK_CLK_0_BUFG/O
                         net (fo=1118, routed)        1.806     3.100    cb_i/clk_wiz_0/inst/clk_in1
    MMCME2_ADV_X1Y0      MMCME2_ADV (Prop_mmcme2_adv_CLKIN1_CLKOUT0)
                                                     -3.793    -0.693 r  cb_i/clk_wiz_0/inst/mmcm_adv_inst/CLKOUT0
                         net (fo=1, routed)           1.889     1.196    cb_i/clk_wiz_0/inst/clk_out1_cb_clk_wiz_0_2
    BUFGCTRL_X0Y0        BUFG (Prop_bufg_I_O)         0.101     1.297 r  cb_i/clk_wiz_0/inst/clkout1_buf/O
                         net (fo=42, routed)          1.654     2.951    cb_i/vdp_native_slave_0/inst/u_vga_timing/pixel_clk
    SLICE_X46Y96         FDCE                                         r  cb_i/vdp_native_slave_0/inst/u_vga_timing/v_cnt_reg[1]/C
  -------------------------------------------------------------------    -------------------
    SLICE_X46Y96         FDCE (Prop_fdce_C_Q)         0.478     3.429 r  cb_i/vdp_native_slave_0/inst/u_vga_timing/v_cnt_reg[1]/Q
                         net (fo=3, routed)           0.662     4.091    cb_i/vdp_native_slave_0/inst/u_vga_timing/v_cnt_reg[11]_0[1]
    SLICE_X47Y96         CARRY4 (Prop_carry4_S[0]_CO[3])
                                                      0.827     4.918 r  cb_i/vdp_native_slave_0/inst/u_vga_timing/v_cnt1_carry/CO[3]
                         net (fo=1, routed)           0.000     4.918    cb_i/vdp_native_slave_0/inst/u_vga_timing/v_cnt1_carry_n_0
    SLICE_X47Y97         CARRY4 (Prop_carry4_CI_O[0])
                                                      0.222     5.140 r  cb_i/vdp_native_slave_0/inst/u_vga_timing/v_cnt1_carry__0/O[0]
                         net (fo=1, routed)           0.941     6.081    cb_i/vdp_native_slave_0/inst/u_vga_timing/v_cnt1[5]
    SLICE_X46Y96         LUT4 (Prop_lut4_I3_O)        0.328     6.409 r  cb_i/vdp_native_slave_0/inst/u_vga_timing/v_cnt[5]_i_1/O
                         net (fo=1, routed)           0.000     6.409    cb_i/vdp_native_slave_0/inst/u_vga_timing/p_1_in[5]
    SLICE_X46Y96         FDCE                                         r  cb_i/vdp_native_slave_0/inst/u_vga_timing/v_cnt_reg[5]/D
  -------------------------------------------------------------------    -------------------

                         (clock clk_out1_cb_clk_wiz_0_2 rise edge)
                                                     10.000    10.000 r  
    PS7_X0Y0             PS7                          0.000    10.000 r  cb_i/processing_system7_0/inst/PS7_i/FCLKCLK[0]
                         net (fo=1, routed)           1.088    11.088    cb_i/processing_system7_0/inst/FCLK_CLK_unbuffered[0]
    BUFGCTRL_X0Y16       BUFG (Prop_bufg_I_O)         0.091    11.179 r  cb_i/processing_system7_0/inst/buffer_fclk_clk_0.FCLK_CLK_0_BUFG/O
                         net (fo=1118, routed)        1.612    12.792    cb_i/clk_wiz_0/inst/clk_in1
    MMCME2_ADV_X1Y0      MMCME2_ADV (Prop_mmcme2_adv_CLKIN1_CLKOUT0)
                                                     -3.425     9.366 r  cb_i/clk_wiz_0/inst/mmcm_adv_inst/CLKOUT0
                         net (fo=1, routed)           1.725    11.091    cb_i/clk_wiz_0/inst/clk_out1_cb_clk_wiz_0_2
    BUFGCTRL_X0Y0        BUFG (Prop_bufg_I_O)         0.091    11.182 r  cb_i/clk_wiz_0/inst/clkout1_buf/O
                         net (fo=42, routed)          1.481    12.663    cb_i/vdp_native_slave_0/inst/u_vga_timing/pixel_clk
    SLICE_X46Y96         FDCE                                         r  cb_i/vdp_native_slave_0/inst/u_vga_timing/v_cnt_reg[5]/C
                         clock pessimism              0.288    12.951    
                         clock uncertainty           -0.081    12.870    
    SLICE_X46Y96         FDCE (Setup_fdce_C_D)        0.118    12.988    cb_i/vdp_native_slave_0/inst/u_vga_timing/v_cnt_reg[5]
  -------------------------------------------------------------------
                         required time                         12.988    
                         arrival time                          -6.409    
  -------------------------------------------------------------------
                         slack                                  6.579    

Slack (MET) :             6.601ns  (required time - arrival time)
  Source:                 cb_i/vdp_native_slave_0/inst/u_vga_timing/h_cnt_reg[8]/C
                            (rising edge-triggered cell FDCE clocked by clk_out1_cb_clk_wiz_0_2  {rise@0.000ns fall@5.000ns period=10.000ns})
  Destination:            cb_i/vdp_native_slave_0/inst/u_vga_timing/v_cnt_reg[10]/CE
                            (rising edge-triggered cell FDCE clocked by clk_out1_cb_clk_wiz_0_2  {rise@0.000ns fall@5.000ns period=10.000ns})
  Path Group:             clk_out1_cb_clk_wiz_0_2
  Path Type:              Setup (Max at Slow Process Corner)
  Requirement:            10.000ns  (clk_out1_cb_clk_wiz_0_2 rise@10.000ns - clk_out1_cb_clk_wiz_0_2 rise@0.000ns)
  Data Path Delay:        3.124ns  (logic 0.964ns (30.859%)  route 2.160ns (69.141%))
  Logic Levels:           3  (LUT2=1 LUT6=2)
  Clock Path Skew:        -0.025ns (DCD - SCD + CPR)
    Destination Clock Delay (DCD):    2.664ns = ( 12.664 - 10.000 ) 
    Source Clock Delay      (SCD):    2.952ns
    Clock Pessimism Removal (CPR):    0.263ns
  Clock Uncertainty:      0.081ns  ((TSJ^2 + DJ^2)^1/2) / 2 + PE
    Total System Jitter     (TSJ):    0.071ns
    Discrete Jitter          (DJ):    0.146ns
    Phase Error              (PE):    0.000ns

    Location             Delay type                Incr(ns)  Path(ns)    Netlist Resource(s)
  -------------------------------------------------------------------    -------------------
                         (clock clk_out1_cb_clk_wiz_0_2 rise edge)
                                                      0.000     0.000 r  
    PS7_X0Y0             PS7                          0.000     0.000 r  cb_i/processing_system7_0/inst/PS7_i/FCLKCLK[0]
                         net (fo=1, routed)           1.193     1.193    cb_i/processing_system7_0/inst/FCLK_CLK_unbuffered[0]
    BUFGCTRL_X0Y16       BUFG (Prop_bufg_I_O)         0.101     1.294 r  cb_i/processing_system7_0/inst/buffer_fclk_clk_0.FCLK_CLK_0_BUFG/O
                         net (fo=1118, routed)        1.806     3.100    cb_i/clk_wiz_0/inst/clk_in1
    MMCME2_ADV_X1Y0      MMCME2_ADV (Prop_mmcme2_adv_CLKIN1_CLKOUT0)
                                                     -3.793    -0.693 r  cb_i/clk_wiz_0/inst/mmcm_adv_inst/CLKOUT0
                         net (fo=1, routed)           1.889     1.196    cb_i/clk_wiz_0/inst/clk_out1_cb_clk_wiz_0_2
    BUFGCTRL_X0Y0        BUFG (Prop_bufg_I_O)         0.101     1.297 r  cb_i/clk_wiz_0/inst/clkout1_buf/O
                         net (fo=42, routed)          1.655     2.952    cb_i/vdp_native_slave_0/inst/u_vga_timing/pixel_clk
    SLICE_X45Y99         FDCE                                         r  cb_i/vdp_native_slave_0/inst/u_vga_timing/h_cnt_reg[8]/C
  -------------------------------------------------------------------    -------------------
    SLICE_X45Y99         FDCE (Prop_fdce_C_Q)         0.419     3.371 r  cb_i/vdp_native_slave_0/inst/u_vga_timing/h_cnt_reg[8]/Q
                         net (fo=4, routed)           0.853     4.224    cb_i/vdp_native_slave_0/inst/u_vga_timing/Q[8]
    SLICE_X45Y97         LUT2 (Prop_lut2_I0_O)        0.297     4.521 r  cb_i/vdp_native_slave_0/inst/u_vga_timing/v_cnt[11]_i_6/O
                         net (fo=1, routed)           0.403     4.924    cb_i/vdp_native_slave_0/inst/u_vga_timing/v_cnt[11]_i_6_n_0
    SLICE_X45Y97         LUT6 (Prop_lut6_I4_O)        0.124     5.048 f  cb_i/vdp_native_slave_0/inst/u_vga_timing/v_cnt[11]_i_3/O
                         net (fo=1, routed)           0.347     5.395    cb_i/vdp_native_slave_0/inst/u_vga_timing/v_cnt[11]_i_3_n_0
    SLICE_X44Y97         LUT6 (Prop_lut6_I0_O)        0.124     5.519 r  cb_i/vdp_native_slave_0/inst/u_vga_timing/v_cnt[11]_i_1/O
                         net (fo=24, routed)          0.557     6.076    cb_i/vdp_native_slave_0/inst/u_vga_timing/v_cnt[11]_i_1_n_0
    SLICE_X46Y97         FDCE                                         r  cb_i/vdp_native_slave_0/inst/u_vga_timing/v_cnt_reg[10]/CE
  -------------------------------------------------------------------    -------------------

                         (clock clk_out1_cb_clk_wiz_0_2 rise edge)
                                                     10.000    10.000 r  
    PS7_X0Y0             PS7                          0.000    10.000 r  cb_i/processing_system7_0/inst/PS7_i/FCLKCLK[0]
                         net (fo=1, routed)           1.088    11.088    cb_i/processing_system7_0/inst/FCLK_CLK_unbuffered[0]
    BUFGCTRL_X0Y16       BUFG (Prop_bufg_I_O)         0.091    11.179 r  cb_i/processing_system7_0/inst/buffer_fclk_clk_0.FCLK_CLK_0_BUFG/O
                         net (fo=1118, routed)        1.612    12.792    cb_i/clk_wiz_0/inst/clk_in1
    MMCME2_ADV_X1Y0      MMCME2_ADV (Prop_mmcme2_adv_CLKIN1_CLKOUT0)
                                                     -3.425     9.366 r  cb_i/clk_wiz_0/inst/mmcm_adv_inst/CLKOUT0
                         net (fo=1, routed)           1.725    11.091    cb_i/clk_wiz_0/inst/clk_out1_cb_clk_wiz_0_2
    BUFGCTRL_X0Y0        BUFG (Prop_bufg_I_O)         0.091    11.182 r  cb_i/clk_wiz_0/inst/clkout1_buf/O
                         net (fo=42, routed)          1.482    12.664    cb_i/vdp_native_slave_0/inst/u_vga_timing/pixel_clk
    SLICE_X46Y97         FDCE                                         r  cb_i/vdp_native_slave_0/inst/u_vga_timing/v_cnt_reg[10]/C
                         clock pessimism              0.263    12.927    
                         clock uncertainty           -0.081    12.846    
    SLICE_X46Y97         FDCE (Setup_fdce_C_CE)      -0.169    12.677    cb_i/vdp_native_slave_0/inst/u_vga_timing/v_cnt_reg[10]
  -------------------------------------------------------------------
                         required time                         12.677    
                         arrival time                          -6.076    
  -------------------------------------------------------------------
                         slack                                  6.601    





Min Delay Paths
--------------------------------------------------------------------------------------
Slack (MET) :             0.215ns  (arrival time - required time)
  Source:                 cb_i/vdp_native_slave_0/inst/display_enable_pclk_reg/C
                            (rising edge-triggered cell FDCE clocked by clk_out1_cb_clk_wiz_0_2  {rise@0.000ns fall@5.000ns period=10.000ns})
  Destination:            cb_i/vdp_native_slave_0/inst/u_vga_timing/v_cnt_reg[3]/D
                            (rising edge-triggered cell FDCE clocked by clk_out1_cb_clk_wiz_0_2  {rise@0.000ns fall@5.000ns period=10.000ns})
  Path Group:             clk_out1_cb_clk_wiz_0_2
  Path Type:              Hold (Min at Fast Process Corner)
  Requirement:            0.000ns  (clk_out1_cb_clk_wiz_0_2 rise@0.000ns - clk_out1_cb_clk_wiz_0_2 rise@0.000ns)
  Data Path Delay:        0.362ns  (logic 0.189ns (52.157%)  route 0.173ns (47.843%))
  Logic Levels:           1  (LUT4=1)
  Clock Path Skew:        0.016ns (DCD - SCD - CPR)
    Destination Clock Delay (DCD):    1.194ns
    Source Clock Delay      (SCD):    0.896ns
    Clock Pessimism Removal (CPR):    0.282ns

    Location             Delay type                Incr(ns)  Path(ns)    Netlist Resource(s)
  -------------------------------------------------------------------    -------------------
                         (clock clk_out1_cb_clk_wiz_0_2 rise edge)
                                                      0.000     0.000 r  
    PS7_X0Y0             PS7                          0.000     0.000 r  cb_i/processing_system7_0/inst/PS7_i/FCLKCLK[0]
                         net (fo=1, routed)           0.310     0.310    cb_i/processing_system7_0/inst/FCLK_CLK_unbuffered[0]
    BUFGCTRL_X0Y16       BUFG (Prop_bufg_I_O)         0.026     0.336 r  cb_i/processing_system7_0/inst/buffer_fclk_clk_0.FCLK_CLK_0_BUFG/O
                         net (fo=1118, routed)        0.597     0.933    cb_i/clk_wiz_0/inst/clk_in1
    MMCME2_ADV_X1Y0      MMCME2_ADV (Prop_mmcme2_adv_CLKIN1_CLKOUT0)
                                                     -1.150    -0.217 r  cb_i/clk_wiz_0/inst/mmcm_adv_inst/CLKOUT0
                         net (fo=1, routed)           0.529     0.312    cb_i/clk_wiz_0/inst/clk_out1_cb_clk_wiz_0_2
    BUFGCTRL_X0Y0        BUFG (Prop_bufg_I_O)         0.026     0.338 r  cb_i/clk_wiz_0/inst/clkout1_buf/O
                         net (fo=42, routed)          0.558     0.896    cb_i/vdp_native_slave_0/inst/pixel_clk
    SLICE_X44Y95         FDCE                                         r  cb_i/vdp_native_slave_0/inst/display_enable_pclk_reg/C
  -------------------------------------------------------------------    -------------------
    SLICE_X44Y95         FDCE (Prop_fdce_C_Q)         0.141     1.037 r  cb_i/vdp_native_slave_0/inst/display_enable_pclk_reg/Q
                         net (fo=15, routed)          0.173     1.210    cb_i/vdp_native_slave_0/inst/u_vga_timing/display_enable_pclk
    SLICE_X46Y96         LUT4 (Prop_lut4_I2_O)        0.048     1.258 r  cb_i/vdp_native_slave_0/inst/u_vga_timing/v_cnt[3]_i_1/O
                         net (fo=1, routed)           0.000     1.258    cb_i/vdp_native_slave_0/inst/u_vga_timing/p_1_in[3]
    SLICE_X46Y96         FDCE                                         r  cb_i/vdp_native_slave_0/inst/u_vga_timing/v_cnt_reg[3]/D
  -------------------------------------------------------------------    -------------------

                         (clock clk_out1_cb_clk_wiz_0_2 rise edge)
                                                      0.000     0.000 r  
    PS7_X0Y0             PS7                          0.000     0.000 r  cb_i/processing_system7_0/inst/PS7_i/FCLKCLK[0]
                         net (fo=1, routed)           0.337     0.337    cb_i/processing_system7_0/inst/FCLK_CLK_unbuffered[0]
    BUFGCTRL_X0Y16       BUFG (Prop_bufg_I_O)         0.029     0.366 r  cb_i/processing_system7_0/inst/buffer_fclk_clk_0.FCLK_CLK_0_BUFG/O
                         net (fo=1118, routed)        0.864     1.230    cb_i/clk_wiz_0/inst/clk_in1
    MMCME2_ADV_X1Y0      MMCME2_ADV (Prop_mmcme2_adv_CLKIN1_CLKOUT0)
                                                     -1.467    -0.237 r  cb_i/clk_wiz_0/inst/mmcm_adv_inst/CLKOUT0
                         net (fo=1, routed)           0.576     0.339    cb_i/clk_wiz_0/inst/clk_out1_cb_clk_wiz_0_2
    BUFGCTRL_X0Y0        BUFG (Prop_bufg_I_O)         0.029     0.368 r  cb_i/clk_wiz_0/inst/clkout1_buf/O
                         net (fo=42, routed)          0.826     1.194    cb_i/vdp_native_slave_0/inst/u_vga_timing/pixel_clk
    SLICE_X46Y96         FDCE                                         r  cb_i/vdp_native_slave_0/inst/u_vga_timing/v_cnt_reg[3]/C
                         clock pessimism             -0.282     0.912    
    SLICE_X46Y96         FDCE (Hold_fdce_C_D)         0.131     1.043    cb_i/vdp_native_slave_0/inst/u_vga_timing/v_cnt_reg[3]
  -------------------------------------------------------------------
                         required time                         -1.043    
                         arrival time                           1.258    
  -------------------------------------------------------------------
                         slack                                  0.215    

Slack (MET) :             0.222ns  (arrival time - required time)
  Source:                 cb_i/vdp_native_slave_0/inst/display_enable_pclk_reg/C
                            (rising edge-triggered cell FDCE clocked by clk_out1_cb_clk_wiz_0_2  {rise@0.000ns fall@5.000ns period=10.000ns})
  Destination:            cb_i/vdp_native_slave_0/inst/u_vga_timing/v_cnt_reg[2]/D
                            (rising edge-triggered cell FDCE clocked by clk_out1_cb_clk_wiz_0_2  {rise@0.000ns fall@5.000ns period=10.000ns})
  Path Group:             clk_out1_cb_clk_wiz_0_2
  Path Type:              Hold (Min at Fast Process Corner)
  Requirement:            0.000ns  (clk_out1_cb_clk_wiz_0_2 rise@0.000ns - clk_out1_cb_clk_wiz_0_2 rise@0.000ns)
  Data Path Delay:        0.359ns  (logic 0.186ns (51.757%)  route 0.173ns (48.243%))
  Logic Levels:           1  (LUT4=1)
  Clock Path Skew:        0.016ns (DCD - SCD - CPR)
    Destination Clock Delay (DCD):    1.194ns
    Source Clock Delay      (SCD):    0.896ns
    Clock Pessimism Removal (CPR):    0.282ns

    Location             Delay type                Incr(ns)  Path(ns)    Netlist Resource(s)
  -------------------------------------------------------------------    -------------------
                         (clock clk_out1_cb_clk_wiz_0_2 rise edge)
                                                      0.000     0.000 r  
    PS7_X0Y0             PS7                          0.000     0.000 r  cb_i/processing_system7_0/inst/PS7_i/FCLKCLK[0]
                         net (fo=1, routed)           0.310     0.310    cb_i/processing_system7_0/inst/FCLK_CLK_unbuffered[0]
    BUFGCTRL_X0Y16       BUFG (Prop_bufg_I_O)         0.026     0.336 r  cb_i/processing_system7_0/inst/buffer_fclk_clk_0.FCLK_CLK_0_BUFG/O
                         net (fo=1118, routed)        0.597     0.933    cb_i/clk_wiz_0/inst/clk_in1
    MMCME2_ADV_X1Y0      MMCME2_ADV (Prop_mmcme2_adv_CLKIN1_CLKOUT0)
                                                     -1.150    -0.217 r  cb_i/clk_wiz_0/inst/mmcm_adv_inst/CLKOUT0
                         net (fo=1, routed)           0.529     0.312    cb_i/clk_wiz_0/inst/clk_out1_cb_clk_wiz_0_2
    BUFGCTRL_X0Y0        BUFG (Prop_bufg_I_O)         0.026     0.338 r  cb_i/clk_wiz_0/inst/clkout1_buf/O
                         net (fo=42, routed)          0.558     0.896    cb_i/vdp_native_slave_0/inst/pixel_clk
    SLICE_X44Y95         FDCE                                         r  cb_i/vdp_native_slave_0/inst/display_enable_pclk_reg/C
  -------------------------------------------------------------------    -------------------
    SLICE_X44Y95         FDCE (Prop_fdce_C_Q)         0.141     1.037 r  cb_i/vdp_native_slave_0/inst/display_enable_pclk_reg/Q
                         net (fo=15, routed)          0.173     1.210    cb_i/vdp_native_slave_0/inst/u_vga_timing/display_enable_pclk
    SLICE_X46Y96         LUT4 (Prop_lut4_I2_O)        0.045     1.255 r  cb_i/vdp_native_slave_0/inst/u_vga_timing/v_cnt[2]_i_1/O
                         net (fo=1, routed)           0.000     1.255    cb_i/vdp_native_slave_0/inst/u_vga_timing/p_1_in[2]
    SLICE_X46Y96         FDCE                                         r  cb_i/vdp_native_slave_0/inst/u_vga_timing/v_cnt_reg[2]/D
  -------------------------------------------------------------------    -------------------

                         (clock clk_out1_cb_clk_wiz_0_2 rise edge)
                                                      0.000     0.000 r  
    PS7_X0Y0             PS7                          0.000     0.000 r  cb_i/processing_system7_0/inst/PS7_i/FCLKCLK[0]
                         net (fo=1, routed)           0.337     0.337    cb_i/processing_system7_0/inst/FCLK_CLK_unbuffered[0]
    BUFGCTRL_X0Y16       BUFG (Prop_bufg_I_O)         0.029     0.366 r  cb_i/processing_system7_0/inst/buffer_fclk_clk_0.FCLK_CLK_0_BUFG/O
                         net (fo=1118, routed)        0.864     1.230    cb_i/clk_wiz_0/inst/clk_in1
    MMCME2_ADV_X1Y0      MMCME2_ADV (Prop_mmcme2_adv_CLKIN1_CLKOUT0)
                                                     -1.467    -0.237 r  cb_i/clk_wiz_0/inst/mmcm_adv_inst/CLKOUT0
                         net (fo=1, routed)           0.576     0.339    cb_i/clk_wiz_0/inst/clk_out1_cb_clk_wiz_0_2
    BUFGCTRL_X0Y0        BUFG (Prop_bufg_I_O)         0.029     0.368 r  cb_i/clk_wiz_0/inst/clkout1_buf/O
                         net (fo=42, routed)          0.826     1.194    cb_i/vdp_native_slave_0/inst/u_vga_timing/pixel_clk
    SLICE_X46Y96         FDCE                                         r  cb_i/vdp_native_slave_0/inst/u_vga_timing/v_cnt_reg[2]/C
                         clock pessimism             -0.282     0.912    
    SLICE_X46Y96         FDCE (Hold_fdce_C_D)         0.121     1.033    cb_i/vdp_native_slave_0/inst/u_vga_timing/v_cnt_reg[2]
  -------------------------------------------------------------------
                         required time                         -1.033    
                         arrival time                           1.255    
  -------------------------------------------------------------------
                         slack                                  0.222    

Slack (MET) :             0.243ns  (arrival time - required time)
  Source:                 cb_i/vdp_native_slave_0/inst/cfg_toggle_ff2_reg/C
                            (rising edge-triggered cell FDCE clocked by clk_out1_cb_clk_wiz_0_2  {rise@0.000ns fall@5.000ns period=10.000ns})
  Destination:            cb_i/vdp_native_slave_0/inst/cfg_toggle_ff3_reg/D
                            (rising edge-triggered cell FDCE clocked by clk_out1_cb_clk_wiz_0_2  {rise@0.000ns fall@5.000ns period=10.000ns})
  Path Group:             clk_out1_cb_clk_wiz_0_2
  Path Type:              Hold (Min at Fast Process Corner)
  Requirement:            0.000ns  (clk_out1_cb_clk_wiz_0_2 rise@0.000ns - clk_out1_cb_clk_wiz_0_2 rise@0.000ns)
  Data Path Delay:        0.313ns  (logic 0.141ns (45.034%)  route 0.172ns (54.966%))
  Logic Levels:           0  
  Clock Path Skew:        0.000ns (DCD - SCD - CPR)
    Destination Clock Delay (DCD):    1.194ns
    Source Clock Delay      (SCD):    0.896ns
    Clock Pessimism Removal (CPR):    0.298ns

    Location             Delay type                Incr(ns)  Path(ns)    Netlist Resource(s)
  -------------------------------------------------------------------    -------------------
                         (clock clk_out1_cb_clk_wiz_0_2 rise edge)
                                                      0.000     0.000 r  
    PS7_X0Y0             PS7                          0.000     0.000 r  cb_i/processing_system7_0/inst/PS7_i/FCLKCLK[0]
                         net (fo=1, routed)           0.310     0.310    cb_i/processing_system7_0/inst/FCLK_CLK_unbuffered[0]
    BUFGCTRL_X0Y16       BUFG (Prop_bufg_I_O)         0.026     0.336 r  cb_i/processing_system7_0/inst/buffer_fclk_clk_0.FCLK_CLK_0_BUFG/O
                         net (fo=1118, routed)        0.597     0.933    cb_i/clk_wiz_0/inst/clk_in1
    MMCME2_ADV_X1Y0      MMCME2_ADV (Prop_mmcme2_adv_CLKIN1_CLKOUT0)
                                                     -1.150    -0.217 r  cb_i/clk_wiz_0/inst/mmcm_adv_inst/CLKOUT0
                         net (fo=1, routed)           0.529     0.312    cb_i/clk_wiz_0/inst/clk_out1_cb_clk_wiz_0_2
    BUFGCTRL_X0Y0        BUFG (Prop_bufg_I_O)         0.026     0.338 r  cb_i/clk_wiz_0/inst/clkout1_buf/O
                         net (fo=42, routed)          0.558     0.896    cb_i/vdp_native_slave_0/inst/pixel_clk
    SLICE_X44Y96         FDCE                                         r  cb_i/vdp_native_slave_0/inst/cfg_toggle_ff2_reg/C
  -------------------------------------------------------------------    -------------------
    SLICE_X44Y96         FDCE (Prop_fdce_C_Q)         0.141     1.037 r  cb_i/vdp_native_slave_0/inst/cfg_toggle_ff2_reg/Q
                         net (fo=1, routed)           0.172     1.209    cb_i/vdp_native_slave_0/inst/cfg_toggle_ff2
    SLICE_X44Y96         FDCE                                         r  cb_i/vdp_native_slave_0/inst/cfg_toggle_ff3_reg/D
  -------------------------------------------------------------------    -------------------

                         (clock clk_out1_cb_clk_wiz_0_2 rise edge)
                                                      0.000     0.000 r  
    PS7_X0Y0             PS7                          0.000     0.000 r  cb_i/processing_system7_0/inst/PS7_i/FCLKCLK[0]
                         net (fo=1, routed)           0.337     0.337    cb_i/processing_system7_0/inst/FCLK_CLK_unbuffered[0]
    BUFGCTRL_X0Y16       BUFG (Prop_bufg_I_O)         0.029     0.366 r  cb_i/processing_system7_0/inst/buffer_fclk_clk_0.FCLK_CLK_0_BUFG/O
                         net (fo=1118, routed)        0.864     1.230    cb_i/clk_wiz_0/inst/clk_in1
    MMCME2_ADV_X1Y0      MMCME2_ADV (Prop_mmcme2_adv_CLKIN1_CLKOUT0)
                                                     -1.467    -0.237 r  cb_i/clk_wiz_0/inst/mmcm_adv_inst/CLKOUT0
                         net (fo=1, routed)           0.576     0.339    cb_i/clk_wiz_0/inst/clk_out1_cb_clk_wiz_0_2
    BUFGCTRL_X0Y0        BUFG (Prop_bufg_I_O)         0.029     0.368 r  cb_i/clk_wiz_0/inst/clkout1_buf/O
                         net (fo=42, routed)          0.826     1.194    cb_i/vdp_native_slave_0/inst/pixel_clk
    SLICE_X44Y96         FDCE                                         r  cb_i/vdp_native_slave_0/inst/cfg_toggle_ff3_reg/C
                         clock pessimism             -0.298     0.896    
    SLICE_X44Y96         FDCE (Hold_fdce_C_D)         0.070     0.966    cb_i/vdp_native_slave_0/inst/cfg_toggle_ff3_reg
  -------------------------------------------------------------------
                         required time                         -0.966    
                         arrival time                           1.209    
  -------------------------------------------------------------------
                         slack                                  0.243    

Slack (MET) :             0.271ns  (arrival time - required time)
  Source:                 cb_i/vdp_native_slave_0/inst/display_enable_pclk_reg/C
                            (rising edge-triggered cell FDCE clocked by clk_out1_cb_clk_wiz_0_2  {rise@0.000ns fall@5.000ns period=10.000ns})
  Destination:            cb_i/vdp_native_slave_0/inst/u_vga_timing/v_cnt_reg[5]/D
                            (rising edge-triggered cell FDCE clocked by clk_out1_cb_clk_wiz_0_2  {rise@0.000ns fall@5.000ns period=10.000ns})
  Path Group:             clk_out1_cb_clk_wiz_0_2
  Path Type:              Hold (Min at Fast Process Corner)
  Requirement:            0.000ns  (clk_out1_cb_clk_wiz_0_2 rise@0.000ns - clk_out1_cb_clk_wiz_0_2 rise@0.000ns)
  Data Path Delay:        0.418ns  (logic 0.184ns (44.071%)  route 0.234ns (55.929%))
  Logic Levels:           1  (LUT4=1)
  Clock Path Skew:        0.016ns (DCD - SCD - CPR)
    Destination Clock Delay (DCD):    1.194ns
    Source Clock Delay      (SCD):    0.896ns
    Clock Pessimism Removal (CPR):    0.282ns

    Location             Delay type                Incr(ns)  Path(ns)    Netlist Resource(s)
  -------------------------------------------------------------------    -------------------
                         (clock clk_out1_cb_clk_wiz_0_2 rise edge)
                                                      0.000     0.000 r  
    PS7_X0Y0             PS7                          0.000     0.000 r  cb_i/processing_system7_0/inst/PS7_i/FCLKCLK[0]
                         net (fo=1, routed)           0.310     0.310    cb_i/processing_system7_0/inst/FCLK_CLK_unbuffered[0]
    BUFGCTRL_X0Y16       BUFG (Prop_bufg_I_O)         0.026     0.336 r  cb_i/processing_system7_0/inst/buffer_fclk_clk_0.FCLK_CLK_0_BUFG/O
                         net (fo=1118, routed)        0.597     0.933    cb_i/clk_wiz_0/inst/clk_in1
    MMCME2_ADV_X1Y0      MMCME2_ADV (Prop_mmcme2_adv_CLKIN1_CLKOUT0)
                                                     -1.150    -0.217 r  cb_i/clk_wiz_0/inst/mmcm_adv_inst/CLKOUT0
                         net (fo=1, routed)           0.529     0.312    cb_i/clk_wiz_0/inst/clk_out1_cb_clk_wiz_0_2
    BUFGCTRL_X0Y0        BUFG (Prop_bufg_I_O)         0.026     0.338 r  cb_i/clk_wiz_0/inst/clkout1_buf/O
                         net (fo=42, routed)          0.558     0.896    cb_i/vdp_native_slave_0/inst/pixel_clk
    SLICE_X44Y95         FDCE                                         r  cb_i/vdp_native_slave_0/inst/display_enable_pclk_reg/C
  -------------------------------------------------------------------    -------------------
    SLICE_X44Y95         FDCE (Prop_fdce_C_Q)         0.141     1.037 r  cb_i/vdp_native_slave_0/inst/display_enable_pclk_reg/Q
                         net (fo=15, routed)          0.234     1.270    cb_i/vdp_native_slave_0/inst/u_vga_timing/display_enable_pclk
    SLICE_X46Y96         LUT4 (Prop_lut4_I2_O)        0.043     1.313 r  cb_i/vdp_native_slave_0/inst/u_vga_timing/v_cnt[5]_i_1/O
                         net (fo=1, routed)           0.000     1.313    cb_i/vdp_native_slave_0/inst/u_vga_timing/p_1_in[5]
    SLICE_X46Y96         FDCE                                         r  cb_i/vdp_native_slave_0/inst/u_vga_timing/v_cnt_reg[5]/D
  -------------------------------------------------------------------    -------------------

                         (clock clk_out1_cb_clk_wiz_0_2 rise edge)
                                                      0.000     0.000 r  
    PS7_X0Y0             PS7                          0.000     0.000 r  cb_i/processing_system7_0/inst/PS7_i/FCLKCLK[0]
                         net (fo=1, routed)           0.337     0.337    cb_i/processing_system7_0/inst/FCLK_CLK_unbuffered[0]
    BUFGCTRL_X0Y16       BUFG (Prop_bufg_I_O)         0.029     0.366 r  cb_i/processing_system7_0/inst/buffer_fclk_clk_0.FCLK_CLK_0_BUFG/O
                         net (fo=1118, routed)        0.864     1.230    cb_i/clk_wiz_0/inst/clk_in1
    MMCME2_ADV_X1Y0      MMCME2_ADV (Prop_mmcme2_adv_CLKIN1_CLKOUT0)
                                                     -1.467    -0.237 r  cb_i/clk_wiz_0/inst/mmcm_adv_inst/CLKOUT0
                         net (fo=1, routed)           0.576     0.339    cb_i/clk_wiz_0/inst/clk_out1_cb_clk_wiz_0_2
    BUFGCTRL_X0Y0        BUFG (Prop_bufg_I_O)         0.029     0.368 r  cb_i/clk_wiz_0/inst/clkout1_buf/O
                         net (fo=42, routed)          0.826     1.194    cb_i/vdp_native_slave_0/inst/u_vga_timing/pixel_clk
    SLICE_X46Y96         FDCE                                         r  cb_i/vdp_native_slave_0/inst/u_vga_timing/v_cnt_reg[5]/C
                         clock pessimism             -0.282     0.912    
    SLICE_X46Y96         FDCE (Hold_fdce_C_D)         0.131     1.043    cb_i/vdp_native_slave_0/inst/u_vga_timing/v_cnt_reg[5]
  -------------------------------------------------------------------
                         required time                         -1.043    
                         arrival time                           1.313    
  -------------------------------------------------------------------
                         slack                                  0.271    

Slack (MET) :             0.277ns  (arrival time - required time)
  Source:                 cb_i/vdp_native_slave_0/inst/u_vga_timing/h_cnt_reg[0]/C
                            (rising edge-triggered cell FDCE clocked by clk_out1_cb_clk_wiz_0_2  {rise@0.000ns fall@5.000ns period=10.000ns})
  Destination:            cb_i/vdp_native_slave_0/inst/u_vga_timing/h_cnt_reg[0]/D
                            (rising edge-triggered cell FDCE clocked by clk_out1_cb_clk_wiz_0_2  {rise@0.000ns fall@5.000ns period=10.000ns})
  Path Group:             clk_out1_cb_clk_wiz_0_2
  Path Type:              Hold (Min at Fast Process Corner)
  Requirement:            0.000ns  (clk_out1_cb_clk_wiz_0_2 rise@0.000ns - clk_out1_cb_clk_wiz_0_2 rise@0.000ns)
  Data Path Delay:        0.369ns  (logic 0.186ns (50.475%)  route 0.183ns (49.525%))
  Logic Levels:           1  (LUT2=1)
  Clock Path Skew:        0.000ns (DCD - SCD - CPR)
    Destination Clock Delay (DCD):    1.195ns
    Source Clock Delay      (SCD):    0.897ns
    Clock Pessimism Removal (CPR):    0.298ns

    Location             Delay type                Incr(ns)  Path(ns)    Netlist Resource(s)
  -------------------------------------------------------------------    -------------------
                         (clock clk_out1_cb_clk_wiz_0_2 rise edge)
                                                      0.000     0.000 r  
    PS7_X0Y0             PS7                          0.000     0.000 r  cb_i/processing_system7_0/inst/PS7_i/FCLKCLK[0]
                         net (fo=1, routed)           0.310     0.310    cb_i/processing_system7_0/inst/FCLK_CLK_unbuffered[0]
    BUFGCTRL_X0Y16       BUFG (Prop_bufg_I_O)         0.026     0.336 r  cb_i/processing_system7_0/inst/buffer_fclk_clk_0.FCLK_CLK_0_BUFG/O
                         net (fo=1118, routed)        0.597     0.933    cb_i/clk_wiz_0/inst/clk_in1
    MMCME2_ADV_X1Y0      MMCME2_ADV (Prop_mmcme2_adv_CLKIN1_CLKOUT0)
                                                     -1.150    -0.217 r  cb_i/clk_wiz_0/inst/mmcm_adv_inst/CLKOUT0
                         net (fo=1, routed)           0.529     0.312    cb_i/clk_wiz_0/inst/clk_out1_cb_clk_wiz_0_2
    BUFGCTRL_X0Y0        BUFG (Prop_bufg_I_O)         0.026     0.338 r  cb_i/clk_wiz_0/inst/clkout1_buf/O
                         net (fo=42, routed)          0.559     0.897    cb_i/vdp_native_slave_0/inst/u_vga_timing/pixel_clk
    SLICE_X45Y98         FDCE                                         r  cb_i/vdp_native_slave_0/inst/u_vga_timing/h_cnt_reg[0]/C
  -------------------------------------------------------------------    -------------------
    SLICE_X45Y98         FDCE (Prop_fdce_C_Q)         0.141     1.038 f  cb_i/vdp_native_slave_0/inst/u_vga_timing/h_cnt_reg[0]/Q
                         net (fo=3, routed)           0.183     1.220    cb_i/vdp_native_slave_0/inst/u_vga_timing/Q[0]
    SLICE_X45Y98         LUT2 (Prop_lut2_I0_O)        0.045     1.265 r  cb_i/vdp_native_slave_0/inst/u_vga_timing/h_cnt[0]_i_1/O
                         net (fo=1, routed)           0.000     1.265    cb_i/vdp_native_slave_0/inst/u_vga_timing/h_cnt[0]_i_1_n_0
    SLICE_X45Y98         FDCE                                         r  cb_i/vdp_native_slave_0/inst/u_vga_timing/h_cnt_reg[0]/D
  -------------------------------------------------------------------    -------------------

                         (clock clk_out1_cb_clk_wiz_0_2 rise edge)
                                                      0.000     0.000 r  
    PS7_X0Y0             PS7                          0.000     0.000 r  cb_i/processing_system7_0/inst/PS7_i/FCLKCLK[0]
                         net (fo=1, routed)           0.337     0.337    cb_i/processing_system7_0/inst/FCLK_CLK_unbuffered[0]
    BUFGCTRL_X0Y16       BUFG (Prop_bufg_I_O)         0.029     0.366 r  cb_i/processing_system7_0/inst/buffer_fclk_clk_0.FCLK_CLK_0_BUFG/O
                         net (fo=1118, routed)        0.864     1.230    cb_i/clk_wiz_0/inst/clk_in1
    MMCME2_ADV_X1Y0      MMCME2_ADV (Prop_mmcme2_adv_CLKIN1_CLKOUT0)
                                                     -1.467    -0.237 r  cb_i/clk_wiz_0/inst/mmcm_adv_inst/CLKOUT0
                         net (fo=1, routed)           0.576     0.339    cb_i/clk_wiz_0/inst/clk_out1_cb_clk_wiz_0_2
    BUFGCTRL_X0Y0        BUFG (Prop_bufg_I_O)         0.029     0.368 r  cb_i/clk_wiz_0/inst/clkout1_buf/O
                         net (fo=42, routed)          0.827     1.195    cb_i/vdp_native_slave_0/inst/u_vga_timing/pixel_clk
    SLICE_X45Y98         FDCE                                         r  cb_i/vdp_native_slave_0/inst/u_vga_timing/h_cnt_reg[0]/C
                         clock pessimism             -0.298     0.897    
    SLICE_X45Y98         FDCE (Hold_fdce_C_D)         0.092     0.989    cb_i/vdp_native_slave_0/inst/u_vga_timing/h_cnt_reg[0]
  -------------------------------------------------------------------
                         required time                         -0.989    
                         arrival time                           1.265    
  -------------------------------------------------------------------
                         slack                                  0.277    

Slack (MET) :             0.283ns  (arrival time - required time)
  Source:                 cb_i/vdp_native_slave_0/inst/display_enable_pclk_reg/C
                            (rising edge-triggered cell FDCE clocked by clk_out1_cb_clk_wiz_0_2  {rise@0.000ns fall@5.000ns period=10.000ns})
  Destination:            cb_i/vdp_native_slave_0/inst/u_vga_timing/v_cnt_reg[4]/D
                            (rising edge-triggered cell FDCE clocked by clk_out1_cb_clk_wiz_0_2  {rise@0.000ns fall@5.000ns period=10.000ns})
  Path Group:             clk_out1_cb_clk_wiz_0_2
  Path Type:              Hold (Min at Fast Process Corner)
  Requirement:            0.000ns  (clk_out1_cb_clk_wiz_0_2 rise@0.000ns - clk_out1_cb_clk_wiz_0_2 rise@0.000ns)
  Data Path Delay:        0.420ns  (logic 0.186ns (44.337%)  route 0.234ns (55.663%))
  Logic Levels:           1  (LUT4=1)
  Clock Path Skew:        0.016ns (DCD - SCD - CPR)
    Destination Clock Delay (DCD):    1.194ns
    Source Clock Delay      (SCD):    0.896ns
    Clock Pessimism Removal (CPR):    0.282ns

    Location             Delay type                Incr(ns)  Path(ns)    Netlist Resource(s)
  -------------------------------------------------------------------    -------------------
                         (clock clk_out1_cb_clk_wiz_0_2 rise edge)
                                                      0.000     0.000 r  
    PS7_X0Y0             PS7                          0.000     0.000 r  cb_i/processing_system7_0/inst/PS7_i/FCLKCLK[0]
                         net (fo=1, routed)           0.310     0.310    cb_i/processing_system7_0/inst/FCLK_CLK_unbuffered[0]
    BUFGCTRL_X0Y16       BUFG (Prop_bufg_I_O)         0.026     0.336 r  cb_i/processing_system7_0/inst/buffer_fclk_clk_0.FCLK_CLK_0_BUFG/O
                         net (fo=1118, routed)        0.597     0.933    cb_i/clk_wiz_0/inst/clk_in1
    MMCME2_ADV_X1Y0      MMCME2_ADV (Prop_mmcme2_adv_CLKIN1_CLKOUT0)
                                                     -1.150    -0.217 r  cb_i/clk_wiz_0/inst/mmcm_adv_inst/CLKOUT0
                         net (fo=1, routed)           0.529     0.312    cb_i/clk_wiz_0/inst/clk_out1_cb_clk_wiz_0_2
    BUFGCTRL_X0Y0        BUFG (Prop_bufg_I_O)         0.026     0.338 r  cb_i/clk_wiz_0/inst/clkout1_buf/O
                         net (fo=42, routed)          0.558     0.896    cb_i/vdp_native_slave_0/inst/pixel_clk
    SLICE_X44Y95         FDCE                                         r  cb_i/vdp_native_slave_0/inst/display_enable_pclk_reg/C
  -------------------------------------------------------------------    -------------------
    SLICE_X44Y95         FDCE (Prop_fdce_C_Q)         0.141     1.037 r  cb_i/vdp_native_slave_0/inst/display_enable_pclk_reg/Q
                         net (fo=15, routed)          0.234     1.270    cb_i/vdp_native_slave_0/inst/u_vga_timing/display_enable_pclk
    SLICE_X46Y96         LUT4 (Prop_lut4_I2_O)        0.045     1.315 r  cb_i/vdp_native_slave_0/inst/u_vga_timing/v_cnt[4]_i_1/O
                         net (fo=1, routed)           0.000     1.315    cb_i/vdp_native_slave_0/inst/u_vga_timing/p_1_in[4]
    SLICE_X46Y96         FDCE                                         r  cb_i/vdp_native_slave_0/inst/u_vga_timing/v_cnt_reg[4]/D
  -------------------------------------------------------------------    -------------------

                         (clock clk_out1_cb_clk_wiz_0_2 rise edge)
                                                      0.000     0.000 r  
    PS7_X0Y0             PS7                          0.000     0.000 r  cb_i/processing_system7_0/inst/PS7_i/FCLKCLK[0]
                         net (fo=1, routed)           0.337     0.337    cb_i/processing_system7_0/inst/FCLK_CLK_unbuffered[0]
    BUFGCTRL_X0Y16       BUFG (Prop_bufg_I_O)         0.029     0.366 r  cb_i/processing_system7_0/inst/buffer_fclk_clk_0.FCLK_CLK_0_BUFG/O
                         net (fo=1118, routed)        0.864     1.230    cb_i/clk_wiz_0/inst/clk_in1
    MMCME2_ADV_X1Y0      MMCME2_ADV (Prop_mmcme2_adv_CLKIN1_CLKOUT0)
                                                     -1.467    -0.237 r  cb_i/clk_wiz_0/inst/mmcm_adv_inst/CLKOUT0
                         net (fo=1, routed)           0.576     0.339    cb_i/clk_wiz_0/inst/clk_out1_cb_clk_wiz_0_2
    BUFGCTRL_X0Y0        BUFG (Prop_bufg_I_O)         0.029     0.368 r  cb_i/clk_wiz_0/inst/clkout1_buf/O
                         net (fo=42, routed)          0.826     1.194    cb_i/vdp_native_slave_0/inst/u_vga_timing/pixel_clk
    SLICE_X46Y96         FDCE                                         r  cb_i/vdp_native_slave_0/inst/u_vga_timing/v_cnt_reg[4]/C
                         clock pessimism             -0.282     0.912    
    SLICE_X46Y96         FDCE (Hold_fdce_C_D)         0.121     1.033    cb_i/vdp_native_slave_0/inst/u_vga_timing/v_cnt_reg[4]
  -------------------------------------------------------------------
                         required time                         -1.033    
                         arrival time                           1.315    
  -------------------------------------------------------------------
                         slack                                  0.283    

Slack (MET) :             0.300ns  (arrival time - required time)
  Source:                 cb_i/vdp_native_slave_0/inst/cfg_toggle_ff3_reg/C
                            (rising edge-triggered cell FDCE clocked by clk_out1_cb_clk_wiz_0_2  {rise@0.000ns fall@5.000ns period=10.000ns})
  Destination:            cb_i/vdp_native_slave_0/inst/cfg_toggle_seen_reg/D
                            (rising edge-triggered cell FDCE clocked by clk_out1_cb_clk_wiz_0_2  {rise@0.000ns fall@5.000ns period=10.000ns})
  Path Group:             clk_out1_cb_clk_wiz_0_2
  Path Type:              Hold (Min at Fast Process Corner)
  Requirement:            0.000ns  (clk_out1_cb_clk_wiz_0_2 rise@0.000ns - clk_out1_cb_clk_wiz_0_2 rise@0.000ns)
  Data Path Delay:        0.386ns  (logic 0.141ns (36.574%)  route 0.245ns (63.426%))
  Logic Levels:           0  
  Clock Path Skew:        0.016ns (DCD - SCD - CPR)
    Destination Clock Delay (DCD):    1.194ns
    Source Clock Delay      (SCD):    0.896ns
    Clock Pessimism Removal (CPR):    0.282ns

    Location             Delay type                Incr(ns)  Path(ns)    Netlist Resource(s)
  -------------------------------------------------------------------    -------------------
                         (clock clk_out1_cb_clk_wiz_0_2 rise edge)
                                                      0.000     0.000 r  
    PS7_X0Y0             PS7                          0.000     0.000 r  cb_i/processing_system7_0/inst/PS7_i/FCLKCLK[0]
                         net (fo=1, routed)           0.310     0.310    cb_i/processing_system7_0/inst/FCLK_CLK_unbuffered[0]
    BUFGCTRL_X0Y16       BUFG (Prop_bufg_I_O)         0.026     0.336 r  cb_i/processing_system7_0/inst/buffer_fclk_clk_0.FCLK_CLK_0_BUFG/O
                         net (fo=1118, routed)        0.597     0.933    cb_i/clk_wiz_0/inst/clk_in1
    MMCME2_ADV_X1Y0      MMCME2_ADV (Prop_mmcme2_adv_CLKIN1_CLKOUT0)
                                                     -1.150    -0.217 r  cb_i/clk_wiz_0/inst/mmcm_adv_inst/CLKOUT0
                         net (fo=1, routed)           0.529     0.312    cb_i/clk_wiz_0/inst/clk_out1_cb_clk_wiz_0_2
    BUFGCTRL_X0Y0        BUFG (Prop_bufg_I_O)         0.026     0.338 r  cb_i/clk_wiz_0/inst/clkout1_buf/O
                         net (fo=42, routed)          0.558     0.896    cb_i/vdp_native_slave_0/inst/pixel_clk
    SLICE_X44Y96         FDCE                                         r  cb_i/vdp_native_slave_0/inst/cfg_toggle_ff3_reg/C
  -------------------------------------------------------------------    -------------------
    SLICE_X44Y96         FDCE (Prop_fdce_C_Q)         0.141     1.037 r  cb_i/vdp_native_slave_0/inst/cfg_toggle_ff3_reg/Q
                         net (fo=2, routed)           0.245     1.281    cb_i/vdp_native_slave_0/inst/cfg_toggle_ff3
    SLICE_X45Y95         FDCE                                         r  cb_i/vdp_native_slave_0/inst/cfg_toggle_seen_reg/D
  -------------------------------------------------------------------    -------------------

                         (clock clk_out1_cb_clk_wiz_0_2 rise edge)
                                                      0.000     0.000 r  
    PS7_X0Y0             PS7                          0.000     0.000 r  cb_i/processing_system7_0/inst/PS7_i/FCLKCLK[0]
                         net (fo=1, routed)           0.337     0.337    cb_i/processing_system7_0/inst/FCLK_CLK_unbuffered[0]
    BUFGCTRL_X0Y16       BUFG (Prop_bufg_I_O)         0.029     0.366 r  cb_i/processing_system7_0/inst/buffer_fclk_clk_0.FCLK_CLK_0_BUFG/O
                         net (fo=1118, routed)        0.864     1.230    cb_i/clk_wiz_0/inst/clk_in1
    MMCME2_ADV_X1Y0      MMCME2_ADV (Prop_mmcme2_adv_CLKIN1_CLKOUT0)
                                                     -1.467    -0.237 r  cb_i/clk_wiz_0/inst/mmcm_adv_inst/CLKOUT0
                         net (fo=1, routed)           0.576     0.339    cb_i/clk_wiz_0/inst/clk_out1_cb_clk_wiz_0_2
    BUFGCTRL_X0Y0        BUFG (Prop_bufg_I_O)         0.029     0.368 r  cb_i/clk_wiz_0/inst/clkout1_buf/O
                         net (fo=42, routed)          0.826     1.194    cb_i/vdp_native_slave_0/inst/pixel_clk
    SLICE_X45Y95         FDCE                                         r  cb_i/vdp_native_slave_0/inst/cfg_toggle_seen_reg/C
                         clock pessimism             -0.282     0.912    
    SLICE_X45Y95         FDCE (Hold_fdce_C_D)         0.070     0.982    cb_i/vdp_native_slave_0/inst/cfg_toggle_seen_reg
  -------------------------------------------------------------------
                         required time                         -0.982    
                         arrival time                           1.281    
  -------------------------------------------------------------------
                         slack                                  0.300    

Slack (MET) :             0.311ns  (arrival time - required time)
  Source:                 cb_i/vdp_native_slave_0/inst/cfg_toggle_ff1_reg/C
                            (rising edge-triggered cell FDCE clocked by clk_out1_cb_clk_wiz_0_2  {rise@0.000ns fall@5.000ns period=10.000ns})
  Destination:            cb_i/vdp_native_slave_0/inst/cfg_toggle_ff2_reg/D
                            (rising edge-triggered cell FDCE clocked by clk_out1_cb_clk_wiz_0_2  {rise@0.000ns fall@5.000ns period=10.000ns})
  Path Group:             clk_out1_cb_clk_wiz_0_2
  Path Type:              Hold (Min at Fast Process Corner)
  Requirement:            0.000ns  (clk_out1_cb_clk_wiz_0_2 rise@0.000ns - clk_out1_cb_clk_wiz_0_2 rise@0.000ns)
  Data Path Delay:        0.377ns  (logic 0.141ns (37.423%)  route 0.236ns (62.577%))
  Logic Levels:           0  
  Clock Path Skew:        0.000ns (DCD - SCD - CPR)
    Destination Clock Delay (DCD):    1.194ns
    Source Clock Delay      (SCD):    0.896ns
    Clock Pessimism Removal (CPR):    0.298ns

    Location             Delay type                Incr(ns)  Path(ns)    Netlist Resource(s)
  -------------------------------------------------------------------    -------------------
                         (clock clk_out1_cb_clk_wiz_0_2 rise edge)
                                                      0.000     0.000 r  
    PS7_X0Y0             PS7                          0.000     0.000 r  cb_i/processing_system7_0/inst/PS7_i/FCLKCLK[0]
                         net (fo=1, routed)           0.310     0.310    cb_i/processing_system7_0/inst/FCLK_CLK_unbuffered[0]
    BUFGCTRL_X0Y16       BUFG (Prop_bufg_I_O)         0.026     0.336 r  cb_i/processing_system7_0/inst/buffer_fclk_clk_0.FCLK_CLK_0_BUFG/O
                         net (fo=1118, routed)        0.597     0.933    cb_i/clk_wiz_0/inst/clk_in1
    MMCME2_ADV_X1Y0      MMCME2_ADV (Prop_mmcme2_adv_CLKIN1_CLKOUT0)
                                                     -1.150    -0.217 r  cb_i/clk_wiz_0/inst/mmcm_adv_inst/CLKOUT0
                         net (fo=1, routed)           0.529     0.312    cb_i/clk_wiz_0/inst/clk_out1_cb_clk_wiz_0_2
    BUFGCTRL_X0Y0        BUFG (Prop_bufg_I_O)         0.026     0.338 r  cb_i/clk_wiz_0/inst/clkout1_buf/O
                         net (fo=42, routed)          0.558     0.896    cb_i/vdp_native_slave_0/inst/pixel_clk
    SLICE_X44Y96         FDCE                                         r  cb_i/vdp_native_slave_0/inst/cfg_toggle_ff1_reg/C
  -------------------------------------------------------------------    -------------------
    SLICE_X44Y96         FDCE (Prop_fdce_C_Q)         0.141     1.037 r  cb_i/vdp_native_slave_0/inst/cfg_toggle_ff1_reg/Q
                         net (fo=1, routed)           0.236     1.272    cb_i/vdp_native_slave_0/inst/cfg_toggle_ff1
    SLICE_X44Y96         FDCE                                         r  cb_i/vdp_native_slave_0/inst/cfg_toggle_ff2_reg/D
  -------------------------------------------------------------------    -------------------

                         (clock clk_out1_cb_clk_wiz_0_2 rise edge)
                                                      0.000     0.000 r  
    PS7_X0Y0             PS7                          0.000     0.000 r  cb_i/processing_system7_0/inst/PS7_i/FCLKCLK[0]
                         net (fo=1, routed)           0.337     0.337    cb_i/processing_system7_0/inst/FCLK_CLK_unbuffered[0]
    BUFGCTRL_X0Y16       BUFG (Prop_bufg_I_O)         0.029     0.366 r  cb_i/processing_system7_0/inst/buffer_fclk_clk_0.FCLK_CLK_0_BUFG/O
                         net (fo=1118, routed)        0.864     1.230    cb_i/clk_wiz_0/inst/clk_in1
    MMCME2_ADV_X1Y0      MMCME2_ADV (Prop_mmcme2_adv_CLKIN1_CLKOUT0)
                                                     -1.467    -0.237 r  cb_i/clk_wiz_0/inst/mmcm_adv_inst/CLKOUT0
                         net (fo=1, routed)           0.576     0.339    cb_i/clk_wiz_0/inst/clk_out1_cb_clk_wiz_0_2
    BUFGCTRL_X0Y0        BUFG (Prop_bufg_I_O)         0.029     0.368 r  cb_i/clk_wiz_0/inst/clkout1_buf/O
                         net (fo=42, routed)          0.826     1.194    cb_i/vdp_native_slave_0/inst/pixel_clk
    SLICE_X44Y96         FDCE                                         r  cb_i/vdp_native_slave_0/inst/cfg_toggle_ff2_reg/C
                         clock pessimism             -0.298     0.896    
    SLICE_X44Y96         FDCE (Hold_fdce_C_D)         0.066     0.962    cb_i/vdp_native_slave_0/inst/cfg_toggle_ff2_reg
  -------------------------------------------------------------------
                         required time                         -0.962    
                         arrival time                           1.272    
  -------------------------------------------------------------------
                         slack                                  0.311    

Slack (MET) :             0.343ns  (arrival time - required time)
  Source:                 cb_i/vdp_native_slave_0/inst/display_enable_pclk_reg/C
                            (rising edge-triggered cell FDCE clocked by clk_out1_cb_clk_wiz_0_2  {rise@0.000ns fall@5.000ns period=10.000ns})
  Destination:            cb_i/vdp_native_slave_0/inst/u_vga_timing/v_cnt_reg[1]/D
                            (rising edge-triggered cell FDCE clocked by clk_out1_cb_clk_wiz_0_2  {rise@0.000ns fall@5.000ns period=10.000ns})
  Path Group:             clk_out1_cb_clk_wiz_0_2
  Path Type:              Hold (Min at Fast Process Corner)
  Requirement:            0.000ns  (clk_out1_cb_clk_wiz_0_2 rise@0.000ns - clk_out1_cb_clk_wiz_0_2 rise@0.000ns)
  Data Path Delay:        0.490ns  (logic 0.185ns (37.727%)  route 0.305ns (62.273%))
  Logic Levels:           1  (LUT4=1)
  Clock Path Skew:        0.016ns (DCD - SCD - CPR)
    Destination Clock Delay (DCD):    1.194ns
    Source Clock Delay      (SCD):    0.896ns
    Clock Pessimism Removal (CPR):    0.282ns

    Location             Delay type                Incr(ns)  Path(ns)    Netlist Resource(s)
  -------------------------------------------------------------------    -------------------
                         (clock clk_out1_cb_clk_wiz_0_2 rise edge)
                                                      0.000     0.000 r  
    PS7_X0Y0             PS7                          0.000     0.000 r  cb_i/processing_system7_0/inst/PS7_i/FCLKCLK[0]
                         net (fo=1, routed)           0.310     0.310    cb_i/processing_system7_0/inst/FCLK_CLK_unbuffered[0]
    BUFGCTRL_X0Y16       BUFG (Prop_bufg_I_O)         0.026     0.336 r  cb_i/processing_system7_0/inst/buffer_fclk_clk_0.FCLK_CLK_0_BUFG/O
                         net (fo=1118, routed)        0.597     0.933    cb_i/clk_wiz_0/inst/clk_in1
    MMCME2_ADV_X1Y0      MMCME2_ADV (Prop_mmcme2_adv_CLKIN1_CLKOUT0)
                                                     -1.150    -0.217 r  cb_i/clk_wiz_0/inst/mmcm_adv_inst/CLKOUT0
                         net (fo=1, routed)           0.529     0.312    cb_i/clk_wiz_0/inst/clk_out1_cb_clk_wiz_0_2
    BUFGCTRL_X0Y0        BUFG (Prop_bufg_I_O)         0.026     0.338 r  cb_i/clk_wiz_0/inst/clkout1_buf/O
                         net (fo=42, routed)          0.558     0.896    cb_i/vdp_native_slave_0/inst/pixel_clk
    SLICE_X44Y95         FDCE                                         r  cb_i/vdp_native_slave_0/inst/display_enable_pclk_reg/C
  -------------------------------------------------------------------    -------------------
    SLICE_X44Y95         FDCE (Prop_fdce_C_Q)         0.141     1.037 r  cb_i/vdp_native_slave_0/inst/display_enable_pclk_reg/Q
                         net (fo=15, routed)          0.305     1.342    cb_i/vdp_native_slave_0/inst/u_vga_timing/display_enable_pclk
    SLICE_X46Y96         LUT4 (Prop_lut4_I2_O)        0.044     1.386 r  cb_i/vdp_native_slave_0/inst/u_vga_timing/v_cnt[1]_i_1/O
                         net (fo=1, routed)           0.000     1.386    cb_i/vdp_native_slave_0/inst/u_vga_timing/p_1_in[1]
    SLICE_X46Y96         FDCE                                         r  cb_i/vdp_native_slave_0/inst/u_vga_timing/v_cnt_reg[1]/D
  -------------------------------------------------------------------    -------------------

                         (clock clk_out1_cb_clk_wiz_0_2 rise edge)
                                                      0.000     0.000 r  
    PS7_X0Y0             PS7                          0.000     0.000 r  cb_i/processing_system7_0/inst/PS7_i/FCLKCLK[0]
                         net (fo=1, routed)           0.337     0.337    cb_i/processing_system7_0/inst/FCLK_CLK_unbuffered[0]
    BUFGCTRL_X0Y16       BUFG (Prop_bufg_I_O)         0.029     0.366 r  cb_i/processing_system7_0/inst/buffer_fclk_clk_0.FCLK_CLK_0_BUFG/O
                         net (fo=1118, routed)        0.864     1.230    cb_i/clk_wiz_0/inst/clk_in1
    MMCME2_ADV_X1Y0      MMCME2_ADV (Prop_mmcme2_adv_CLKIN1_CLKOUT0)
                                                     -1.467    -0.237 r  cb_i/clk_wiz_0/inst/mmcm_adv_inst/CLKOUT0
                         net (fo=1, routed)           0.576     0.339    cb_i/clk_wiz_0/inst/clk_out1_cb_clk_wiz_0_2
    BUFGCTRL_X0Y0        BUFG (Prop_bufg_I_O)         0.029     0.368 r  cb_i/clk_wiz_0/inst/clkout1_buf/O
                         net (fo=42, routed)          0.826     1.194    cb_i/vdp_native_slave_0/inst/u_vga_timing/pixel_clk
    SLICE_X46Y96         FDCE                                         r  cb_i/vdp_native_slave_0/inst/u_vga_timing/v_cnt_reg[1]/C
                         clock pessimism             -0.282     0.912    
    SLICE_X46Y96         FDCE (Hold_fdce_C_D)         0.131     1.043    cb_i/vdp_native_slave_0/inst/u_vga_timing/v_cnt_reg[1]
  -------------------------------------------------------------------
                         required time                         -1.043    
                         arrival time                           1.386    
  -------------------------------------------------------------------
                         slack                                  0.343    

Slack (MET) :             0.344ns  (arrival time - required time)
  Source:                 cb_i/vdp_native_slave_0/inst/display_enable_pclk_reg/C
                            (rising edge-triggered cell FDCE clocked by clk_out1_cb_clk_wiz_0_2  {rise@0.000ns fall@5.000ns period=10.000ns})
  Destination:            cb_i/vdp_native_slave_0/inst/u_vga_timing/v_cnt_reg[8]/D
                            (rising edge-triggered cell FDCE clocked by clk_out1_cb_clk_wiz_0_2  {rise@0.000ns fall@5.000ns period=10.000ns})
  Path Group:             clk_out1_cb_clk_wiz_0_2
  Path Type:              Hold (Min at Fast Process Corner)
  Requirement:            0.000ns  (clk_out1_cb_clk_wiz_0_2 rise@0.000ns - clk_out1_cb_clk_wiz_0_2 rise@0.000ns)
  Data Path Delay:        0.492ns  (logic 0.184ns (37.372%)  route 0.308ns (62.628%))
  Logic Levels:           1  (LUT4=1)
  Clock Path Skew:        0.017ns (DCD - SCD - CPR)
    Destination Clock Delay (DCD):    1.195ns
    Source Clock Delay      (SCD):    0.896ns
    Clock Pessimism Removal (CPR):    0.282ns

    Location             Delay type                Incr(ns)  Path(ns)    Netlist Resource(s)
  -------------------------------------------------------------------    -------------------
                         (clock clk_out1_cb_clk_wiz_0_2 rise edge)
                                                      0.000     0.000 r  
    PS7_X0Y0             PS7                          0.000     0.000 r  cb_i/processing_system7_0/inst/PS7_i/FCLKCLK[0]
                         net (fo=1, routed)           0.310     0.310    cb_i/processing_system7_0/inst/FCLK_CLK_unbuffered[0]
    BUFGCTRL_X0Y16       BUFG (Prop_bufg_I_O)         0.026     0.336 r  cb_i/processing_system7_0/inst/buffer_fclk_clk_0.FCLK_CLK_0_BUFG/O
                         net (fo=1118, routed)        0.597     0.933    cb_i/clk_wiz_0/inst/clk_in1
    MMCME2_ADV_X1Y0      MMCME2_ADV (Prop_mmcme2_adv_CLKIN1_CLKOUT0)
                                                     -1.150    -0.217 r  cb_i/clk_wiz_0/inst/mmcm_adv_inst/CLKOUT0
                         net (fo=1, routed)           0.529     0.312    cb_i/clk_wiz_0/inst/clk_out1_cb_clk_wiz_0_2
    BUFGCTRL_X0Y0        BUFG (Prop_bufg_I_O)         0.026     0.338 r  cb_i/clk_wiz_0/inst/clkout1_buf/O
                         net (fo=42, routed)          0.558     0.896    cb_i/vdp_native_slave_0/inst/pixel_clk
    SLICE_X44Y95         FDCE                                         r  cb_i/vdp_native_slave_0/inst/display_enable_pclk_reg/C
  -------------------------------------------------------------------    -------------------
    SLICE_X44Y95         FDCE (Prop_fdce_C_Q)         0.141     1.037 r  cb_i/vdp_native_slave_0/inst/display_enable_pclk_reg/Q
                         net (fo=15, routed)          0.308     1.345    cb_i/vdp_native_slave_0/inst/u_vga_timing/display_enable_pclk
    SLICE_X46Y97         LUT4 (Prop_lut4_I2_O)        0.043     1.388 r  cb_i/vdp_native_slave_0/inst/u_vga_timing/v_cnt[8]_i_1/O
                         net (fo=1, routed)           0.000     1.388    cb_i/vdp_native_slave_0/inst/u_vga_timing/p_1_in[8]
    SLICE_X46Y97         FDCE                                         r  cb_i/vdp_native_slave_0/inst/u_vga_timing/v_cnt_reg[8]/D
  -------------------------------------------------------------------    -------------------

                         (clock clk_out1_cb_clk_wiz_0_2 rise edge)
                                                      0.000     0.000 r  
    PS7_X0Y0             PS7                          0.000     0.000 r  cb_i/processing_system7_0/inst/PS7_i/FCLKCLK[0]
                         net (fo=1, routed)           0.337     0.337    cb_i/processing_system7_0/inst/FCLK_CLK_unbuffered[0]
    BUFGCTRL_X0Y16       BUFG (Prop_bufg_I_O)         0.029     0.366 r  cb_i/processing_system7_0/inst/buffer_fclk_clk_0.FCLK_CLK_0_BUFG/O
                         net (fo=1118, routed)        0.864     1.230    cb_i/clk_wiz_0/inst/clk_in1
    MMCME2_ADV_X1Y0      MMCME2_ADV (Prop_mmcme2_adv_CLKIN1_CLKOUT0)
                                                     -1.467    -0.237 r  cb_i/clk_wiz_0/inst/mmcm_adv_inst/CLKOUT0
                         net (fo=1, routed)           0.576     0.339    cb_i/clk_wiz_0/inst/clk_out1_cb_clk_wiz_0_2
    BUFGCTRL_X0Y0        BUFG (Prop_bufg_I_O)         0.029     0.368 r  cb_i/clk_wiz_0/inst/clkout1_buf/O
                         net (fo=42, routed)          0.827     1.195    cb_i/vdp_native_slave_0/inst/u_vga_timing/pixel_clk
    SLICE_X46Y97         FDCE                                         r  cb_i/vdp_native_slave_0/inst/u_vga_timing/v_cnt_reg[8]/C
                         clock pessimism             -0.282     0.913    
    SLICE_X46Y97         FDCE (Hold_fdce_C_D)         0.131     1.044    cb_i/vdp_native_slave_0/inst/u_vga_timing/v_cnt_reg[8]
  -------------------------------------------------------------------
                         required time                         -1.044    
                         arrival time                           1.388    
  -------------------------------------------------------------------
                         slack                                  0.344    





Pulse Width Checks
--------------------------------------------------------------------------------------
Clock Name:         clk_out1_cb_clk_wiz_0_2
Waveform(ns):       { 0.000 5.000 }
Period(ns):         10.000
Sources:            { cb_i/clk_wiz_0/inst/mmcm_adv_inst/CLKOUT0 }

Check Type        Corner  Lib Pin             Reference Pin  Required(ns)  Actual(ns)  Slack(ns)  Location         Pin
Min Period        n/a     BUFG/I              n/a            2.155         10.000      7.845      BUFGCTRL_X0Y0    cb_i/clk_wiz_0/inst/clkout1_buf/I
Min Period        n/a     MMCME2_ADV/CLKOUT0  n/a            1.249         10.000      8.751      MMCME2_ADV_X1Y0  cb_i/clk_wiz_0/inst/mmcm_adv_inst/CLKOUT0
Min Period        n/a     FDCE/C              n/a            1.000         10.000      9.000      SLICE_X44Y96     cb_i/vdp_native_slave_0/inst/cfg_toggle_ff1_reg/C
Min Period        n/a     FDCE/C              n/a            1.000         10.000      9.000      SLICE_X44Y96     cb_i/vdp_native_slave_0/inst/cfg_toggle_ff2_reg/C
Min Period        n/a     FDCE/C              n/a            1.000         10.000      9.000      SLICE_X44Y96     cb_i/vdp_native_slave_0/inst/cfg_toggle_ff3_reg/C
Min Period        n/a     FDCE/C              n/a            1.000         10.000      9.000      SLICE_X45Y95     cb_i/vdp_native_slave_0/inst/cfg_toggle_seen_reg/C
Min Period        n/a     FDPE/C              n/a            1.000         10.000      9.000      SLICE_X45Y95     cb_i/vdp_native_slave_0/inst/color_pclk_reg[12]/C
Min Period        n/a     FDPE/C              n/a            1.000         10.000      9.000      SLICE_X44Y94     cb_i/vdp_native_slave_0/inst/color_pclk_reg[13]/C
Min Period        n/a     FDPE/C              n/a            1.000         10.000      9.000      SLICE_X44Y95     cb_i/vdp_native_slave_0/inst/color_pclk_reg[14]/C
Min Period        n/a     FDPE/C              n/a            1.000         10.000      9.000      SLICE_X44Y94     cb_i/vdp_native_slave_0/inst/color_pclk_reg[15]/C
Max Period        n/a     MMCME2_ADV/CLKOUT0  n/a            213.360       10.000      203.360    MMCME2_ADV_X1Y0  cb_i/clk_wiz_0/inst/mmcm_adv_inst/CLKOUT0
Low Pulse Width   Slow    FDCE/C              n/a            0.500         5.000       4.500      SLICE_X44Y96     cb_i/vdp_native_slave_0/inst/cfg_toggle_ff1_reg/C
Low Pulse Width   Slow    FDCE/C              n/a            0.500         5.000       4.500      SLICE_X44Y96     cb_i/vdp_native_slave_0/inst/cfg_toggle_ff2_reg/C
Low Pulse Width   Slow    FDCE/C              n/a            0.500         5.000       4.500      SLICE_X44Y96     cb_i/vdp_native_slave_0/inst/cfg_toggle_ff3_reg/C
Low Pulse Width   Slow    FDCE/C              n/a            0.500         5.000       4.500      SLICE_X45Y95     cb_i/vdp_native_slave_0/inst/cfg_toggle_seen_reg/C
Low Pulse Width   Slow    FDPE/C              n/a            0.500         5.000       4.500      SLICE_X45Y95     cb_i/vdp_native_slave_0/inst/color_pclk_reg[12]/C
Low Pulse Width   Slow    FDPE/C              n/a            0.500         5.000       4.500      SLICE_X44Y94     cb_i/vdp_native_slave_0/inst/color_pclk_reg[13]/C
Low Pulse Width   Slow    FDPE/C              n/a            0.500         5.000       4.500      SLICE_X44Y95     cb_i/vdp_native_slave_0/inst/color_pclk_reg[14]/C
Low Pulse Width   Slow    FDPE/C              n/a            0.500         5.000       4.500      SLICE_X44Y94     cb_i/vdp_native_slave_0/inst/color_pclk_reg[15]/C
Low Pulse Width   Slow    FDPE/C              n/a            0.500         5.000       4.500      SLICE_X44Y95     cb_i/vdp_native_slave_0/inst/color_pclk_reg[20]/C
Low Pulse Width   Slow    FDPE/C              n/a            0.500         5.000       4.500      SLICE_X43Y95     cb_i/vdp_native_slave_0/inst/color_pclk_reg[21]/C
High Pulse Width  Slow    FDCE/C              n/a            0.500         5.000       4.500      SLICE_X44Y96     cb_i/vdp_native_slave_0/inst/cfg_toggle_ff1_reg/C
High Pulse Width  Fast    FDCE/C              n/a            0.500         5.000       4.500      SLICE_X44Y96     cb_i/vdp_native_slave_0/inst/cfg_toggle_ff1_reg/C
High Pulse Width  Slow    FDCE/C              n/a            0.500         5.000       4.500      SLICE_X44Y96     cb_i/vdp_native_slave_0/inst/cfg_toggle_ff2_reg/C
High Pulse Width  Fast    FDCE/C              n/a            0.500         5.000       4.500      SLICE_X44Y96     cb_i/vdp_native_slave_0/inst/cfg_toggle_ff2_reg/C
High Pulse Width  Slow    FDCE/C              n/a            0.500         5.000       4.500      SLICE_X44Y96     cb_i/vdp_native_slave_0/inst/cfg_toggle_ff3_reg/C
High Pulse Width  Fast    FDCE/C              n/a            0.500         5.000       4.500      SLICE_X44Y96     cb_i/vdp_native_slave_0/inst/cfg_toggle_ff3_reg/C
High Pulse Width  Slow    FDCE/C              n/a            0.500         5.000       4.500      SLICE_X45Y95     cb_i/vdp_native_slave_0/inst/cfg_toggle_seen_reg/C
High Pulse Width  Fast    FDCE/C              n/a            0.500         5.000       4.500      SLICE_X45Y95     cb_i/vdp_native_slave_0/inst/cfg_toggle_seen_reg/C
High Pulse Width  Slow    FDPE/C              n/a            0.500         5.000       4.500      SLICE_X45Y95     cb_i/vdp_native_slave_0/inst/color_pclk_reg[12]/C
High Pulse Width  Fast    FDPE/C              n/a            0.500         5.000       4.500      SLICE_X45Y95     cb_i/vdp_native_slave_0/inst/color_pclk_reg[12]/C



---------------------------------------------------------------------------------------------------
From Clock:  clk_out2_cb_clk_wiz_0_2
  To Clock:  clk_out2_cb_clk_wiz_0_2

Setup :            0  Failing Endpoints,  Worst Slack       38.651ns,  Total Violation        0.000ns
Hold  :            0  Failing Endpoints,  Worst Slack        0.321ns,  Total Violation        0.000ns
PW    :            0  Failing Endpoints,  Worst Slack       19.500ns,  Total Violation        0.000ns
---------------------------------------------------------------------------------------------------


Max Delay Paths
--------------------------------------------------------------------------------------
Slack (MET) :             38.651ns  (required time - arrival time)
  Source:                 cb_i/vdp_native_slave_0/inst/reg_pattern_mode_reg/C
                            (rising edge-triggered cell FDCE clocked by clk_out2_cb_clk_wiz_0_2  {rise@0.000ns fall@20.000ns period=40.000ns})
  Destination:            cb_i/vdp_native_slave_0/inst/reg_pattern_mode_reg/D
                            (rising edge-triggered cell FDCE clocked by clk_out2_cb_clk_wiz_0_2  {rise@0.000ns fall@20.000ns period=40.000ns})
  Path Group:             clk_out2_cb_clk_wiz_0_2
  Path Type:              Setup (Max at Slow Process Corner)
  Requirement:            40.000ns  (clk_out2_cb_clk_wiz_0_2 rise@40.000ns - clk_out2_cb_clk_wiz_0_2 rise@0.000ns)
  Data Path Delay:        1.309ns  (logic 0.642ns (49.036%)  route 0.667ns (50.964%))
  Logic Levels:           1  (LUT6=1)
  Clock Path Skew:        0.000ns (DCD - SCD + CPR)
    Destination Clock Delay (DCD):    2.664ns = ( 42.664 - 40.000 ) 
    Source Clock Delay      (SCD):    2.951ns
    Clock Pessimism Removal (CPR):    0.287ns
  Clock Uncertainty:      0.119ns  ((TSJ^2 + DJ^2)^1/2) / 2 + PE
    Total System Jitter     (TSJ):    0.071ns
    Discrete Jitter          (DJ):    0.227ns
    Phase Error              (PE):    0.000ns

    Location             Delay type                Incr(ns)  Path(ns)    Netlist Resource(s)
  -------------------------------------------------------------------    -------------------
                         (clock clk_out2_cb_clk_wiz_0_2 rise edge)
                                                      0.000     0.000 r  
    PS7_X0Y0             PS7                          0.000     0.000 r  cb_i/processing_system7_0/inst/PS7_i/FCLKCLK[0]
                         net (fo=1, routed)           1.193     1.193    cb_i/processing_system7_0/inst/FCLK_CLK_unbuffered[0]
    BUFGCTRL_X0Y16       BUFG (Prop_bufg_I_O)         0.101     1.294 r  cb_i/processing_system7_0/inst/buffer_fclk_clk_0.FCLK_CLK_0_BUFG/O
                         net (fo=1118, routed)        1.806     3.100    cb_i/clk_wiz_0/inst/clk_in1
    MMCME2_ADV_X1Y0      MMCME2_ADV (Prop_mmcme2_adv_CLKIN1_CLKOUT1)
                                                     -3.793    -0.693 r  cb_i/clk_wiz_0/inst/mmcm_adv_inst/CLKOUT1
                         net (fo=1, routed)           1.889     1.196    cb_i/clk_wiz_0/inst/clk_out2_cb_clk_wiz_0_2
    BUFGCTRL_X0Y1        BUFG (Prop_bufg_I_O)         0.101     1.297 r  cb_i/clk_wiz_0/inst/clkout2_buf/O
                         net (fo=16, routed)          1.654     2.951    cb_i/vdp_native_slave_0/inst/clk
    SLICE_X42Y93         FDCE                                         r  cb_i/vdp_native_slave_0/inst/reg_pattern_mode_reg/C
  -------------------------------------------------------------------    -------------------
    SLICE_X42Y93         FDCE (Prop_fdce_C_Q)         0.518     3.469 r  cb_i/vdp_native_slave_0/inst/reg_pattern_mode_reg/Q
                         net (fo=2, routed)           0.667     4.136    cb_i/vdp_native_slave_0/inst/data0[1]
    SLICE_X42Y93         LUT6 (Prop_lut6_I5_O)        0.124     4.260 r  cb_i/vdp_native_slave_0/inst/reg_pattern_mode_i_1/O
                         net (fo=1, routed)           0.000     4.260    cb_i/vdp_native_slave_0/inst/reg_pattern_mode_i_1_n_0
    SLICE_X42Y93         FDCE                                         r  cb_i/vdp_native_slave_0/inst/reg_pattern_mode_reg/D
  -------------------------------------------------------------------    -------------------

                         (clock clk_out2_cb_clk_wiz_0_2 rise edge)
                                                     40.000    40.000 r  
    PS7_X0Y0             PS7                          0.000    40.000 r  cb_i/processing_system7_0/inst/PS7_i/FCLKCLK[0]
                         net (fo=1, routed)           1.088    41.088    cb_i/processing_system7_0/inst/FCLK_CLK_unbuffered[0]
    BUFGCTRL_X0Y16       BUFG (Prop_bufg_I_O)         0.091    41.179 r  cb_i/processing_system7_0/inst/buffer_fclk_clk_0.FCLK_CLK_0_BUFG/O
                         net (fo=1118, routed)        1.612    42.792    cb_i/clk_wiz_0/inst/clk_in1
    MMCME2_ADV_X1Y0      MMCME2_ADV (Prop_mmcme2_adv_CLKIN1_CLKOUT1)
                                                     -3.425    39.366 r  cb_i/clk_wiz_0/inst/mmcm_adv_inst/CLKOUT1
                         net (fo=1, routed)           1.725    41.091    cb_i/clk_wiz_0/inst/clk_out2_cb_clk_wiz_0_2
    BUFGCTRL_X0Y1        BUFG (Prop_bufg_I_O)         0.091    41.182 r  cb_i/clk_wiz_0/inst/clkout2_buf/O
                         net (fo=16, routed)          1.482    42.664    cb_i/vdp_native_slave_0/inst/clk
    SLICE_X42Y93         FDCE                                         r  cb_i/vdp_native_slave_0/inst/reg_pattern_mode_reg/C
                         clock pessimism              0.287    42.951    
                         clock uncertainty           -0.119    42.832    
    SLICE_X42Y93         FDCE (Setup_fdce_C_D)        0.079    42.911    cb_i/vdp_native_slave_0/inst/reg_pattern_mode_reg
  -------------------------------------------------------------------
                         required time                         42.911    
                         arrival time                          -4.260    
  -------------------------------------------------------------------
                         slack                                 38.651    

Slack (MET) :             38.653ns  (required time - arrival time)
  Source:                 cb_i/vdp_native_slave_0/inst/cfg_toggle_reg/C
                            (rising edge-triggered cell FDCE clocked by clk_out2_cb_clk_wiz_0_2  {rise@0.000ns fall@20.000ns period=40.000ns})
  Destination:            cb_i/vdp_native_slave_0/inst/cfg_toggle_reg/D
                            (rising edge-triggered cell FDCE clocked by clk_out2_cb_clk_wiz_0_2  {rise@0.000ns fall@20.000ns period=40.000ns})
  Path Group:             clk_out2_cb_clk_wiz_0_2
  Path Type:              Setup (Max at Slow Process Corner)
  Requirement:            40.000ns  (clk_out2_cb_clk_wiz_0_2 rise@40.000ns - clk_out2_cb_clk_wiz_0_2 rise@0.000ns)
  Data Path Delay:        1.309ns  (logic 0.642ns (49.027%)  route 0.667ns (50.973%))
  Logic Levels:           1  (LUT6=1)
  Clock Path Skew:        0.000ns (DCD - SCD + CPR)
    Destination Clock Delay (DCD):    2.663ns = ( 42.663 - 40.000 ) 
    Source Clock Delay      (SCD):    2.950ns
    Clock Pessimism Removal (CPR):    0.287ns
  Clock Uncertainty:      0.119ns  ((TSJ^2 + DJ^2)^1/2) / 2 + PE
    Total System Jitter     (TSJ):    0.071ns
    Discrete Jitter          (DJ):    0.227ns
    Phase Error              (PE):    0.000ns

    Location             Delay type                Incr(ns)  Path(ns)    Netlist Resource(s)
  -------------------------------------------------------------------    -------------------
                         (clock clk_out2_cb_clk_wiz_0_2 rise edge)
                                                      0.000     0.000 r  
    PS7_X0Y0             PS7                          0.000     0.000 r  cb_i/processing_system7_0/inst/PS7_i/FCLKCLK[0]
                         net (fo=1, routed)           1.193     1.193    cb_i/processing_system7_0/inst/FCLK_CLK_unbuffered[0]
    BUFGCTRL_X0Y16       BUFG (Prop_bufg_I_O)         0.101     1.294 r  cb_i/processing_system7_0/inst/buffer_fclk_clk_0.FCLK_CLK_0_BUFG/O
                         net (fo=1118, routed)        1.806     3.100    cb_i/clk_wiz_0/inst/clk_in1
    MMCME2_ADV_X1Y0      MMCME2_ADV (Prop_mmcme2_adv_CLKIN1_CLKOUT1)
                                                     -3.793    -0.693 r  cb_i/clk_wiz_0/inst/mmcm_adv_inst/CLKOUT1
                         net (fo=1, routed)           1.889     1.196    cb_i/clk_wiz_0/inst/clk_out2_cb_clk_wiz_0_2
    BUFGCTRL_X0Y1        BUFG (Prop_bufg_I_O)         0.101     1.297 r  cb_i/clk_wiz_0/inst/clkout2_buf/O
                         net (fo=16, routed)          1.653     2.950    cb_i/vdp_native_slave_0/inst/clk
    SLICE_X42Y92         FDCE                                         r  cb_i/vdp_native_slave_0/inst/cfg_toggle_reg/C
  -------------------------------------------------------------------    -------------------
    SLICE_X42Y92         FDCE (Prop_fdce_C_Q)         0.518     3.468 r  cb_i/vdp_native_slave_0/inst/cfg_toggle_reg/Q
                         net (fo=2, routed)           0.667     4.135    cb_i/vdp_native_slave_0/inst/cfg_toggle
    SLICE_X42Y92         LUT6 (Prop_lut6_I5_O)        0.124     4.259 r  cb_i/vdp_native_slave_0/inst/cfg_toggle_i_1/O
                         net (fo=1, routed)           0.000     4.259    cb_i/vdp_native_slave_0/inst/cfg_toggle_i_1_n_0
    SLICE_X42Y92         FDCE                                         r  cb_i/vdp_native_slave_0/inst/cfg_toggle_reg/D
  -------------------------------------------------------------------    -------------------

                         (clock clk_out2_cb_clk_wiz_0_2 rise edge)
                                                     40.000    40.000 r  
    PS7_X0Y0             PS7                          0.000    40.000 r  cb_i/processing_system7_0/inst/PS7_i/FCLKCLK[0]
                         net (fo=1, routed)           1.088    41.088    cb_i/processing_system7_0/inst/FCLK_CLK_unbuffered[0]
    BUFGCTRL_X0Y16       BUFG (Prop_bufg_I_O)         0.091    41.179 r  cb_i/processing_system7_0/inst/buffer_fclk_clk_0.FCLK_CLK_0_BUFG/O
                         net (fo=1118, routed)        1.612    42.792    cb_i/clk_wiz_0/inst/clk_in1
    MMCME2_ADV_X1Y0      MMCME2_ADV (Prop_mmcme2_adv_CLKIN1_CLKOUT1)
                                                     -3.425    39.366 r  cb_i/clk_wiz_0/inst/mmcm_adv_inst/CLKOUT1
                         net (fo=1, routed)           1.725    41.091    cb_i/clk_wiz_0/inst/clk_out2_cb_clk_wiz_0_2
    BUFGCTRL_X0Y1        BUFG (Prop_bufg_I_O)         0.091    41.182 r  cb_i/clk_wiz_0/inst/clkout2_buf/O
                         net (fo=16, routed)          1.481    42.663    cb_i/vdp_native_slave_0/inst/clk
    SLICE_X42Y92         FDCE                                         r  cb_i/vdp_native_slave_0/inst/cfg_toggle_reg/C
                         clock pessimism              0.287    42.950    
                         clock uncertainty           -0.119    42.831    
    SLICE_X42Y92         FDCE (Setup_fdce_C_D)        0.081    42.912    cb_i/vdp_native_slave_0/inst/cfg_toggle_reg
  -------------------------------------------------------------------
                         required time                         42.912    
                         arrival time                          -4.259    
  -------------------------------------------------------------------
                         slack                                 38.653    

Slack (MET) :             38.655ns  (required time - arrival time)
  Source:                 cb_i/vdp_native_slave_0/inst/reg_display_enable_reg/C
                            (rising edge-triggered cell FDCE clocked by clk_out2_cb_clk_wiz_0_2  {rise@0.000ns fall@20.000ns period=40.000ns})
  Destination:            cb_i/vdp_native_slave_0/inst/reg_display_enable_reg/D
                            (rising edge-triggered cell FDCE clocked by clk_out2_cb_clk_wiz_0_2  {rise@0.000ns fall@20.000ns period=40.000ns})
  Path Group:             clk_out2_cb_clk_wiz_0_2
  Path Type:              Setup (Max at Slow Process Corner)
  Requirement:            40.000ns  (clk_out2_cb_clk_wiz_0_2 rise@40.000ns - clk_out2_cb_clk_wiz_0_2 rise@0.000ns)
  Data Path Delay:        1.307ns  (logic 0.642ns (49.109%)  route 0.665ns (50.891%))
  Logic Levels:           1  (LUT6=1)
  Clock Path Skew:        0.000ns (DCD - SCD + CPR)
    Destination Clock Delay (DCD):    2.664ns = ( 42.664 - 40.000 ) 
    Source Clock Delay      (SCD):    2.951ns
    Clock Pessimism Removal (CPR):    0.287ns
  Clock Uncertainty:      0.119ns  ((TSJ^2 + DJ^2)^1/2) / 2 + PE
    Total System Jitter     (TSJ):    0.071ns
    Discrete Jitter          (DJ):    0.227ns
    Phase Error              (PE):    0.000ns

    Location             Delay type                Incr(ns)  Path(ns)    Netlist Resource(s)
  -------------------------------------------------------------------    -------------------
                         (clock clk_out2_cb_clk_wiz_0_2 rise edge)
                                                      0.000     0.000 r  
    PS7_X0Y0             PS7                          0.000     0.000 r  cb_i/processing_system7_0/inst/PS7_i/FCLKCLK[0]
                         net (fo=1, routed)           1.193     1.193    cb_i/processing_system7_0/inst/FCLK_CLK_unbuffered[0]
    BUFGCTRL_X0Y16       BUFG (Prop_bufg_I_O)         0.101     1.294 r  cb_i/processing_system7_0/inst/buffer_fclk_clk_0.FCLK_CLK_0_BUFG/O
                         net (fo=1118, routed)        1.806     3.100    cb_i/clk_wiz_0/inst/clk_in1
    MMCME2_ADV_X1Y0      MMCME2_ADV (Prop_mmcme2_adv_CLKIN1_CLKOUT1)
                                                     -3.793    -0.693 r  cb_i/clk_wiz_0/inst/mmcm_adv_inst/CLKOUT1
                         net (fo=1, routed)           1.889     1.196    cb_i/clk_wiz_0/inst/clk_out2_cb_clk_wiz_0_2
    BUFGCTRL_X0Y1        BUFG (Prop_bufg_I_O)         0.101     1.297 r  cb_i/clk_wiz_0/inst/clkout2_buf/O
                         net (fo=16, routed)          1.654     2.951    cb_i/vdp_native_slave_0/inst/clk
    SLICE_X42Y93         FDCE                                         r  cb_i/vdp_native_slave_0/inst/reg_display_enable_reg/C
  -------------------------------------------------------------------    -------------------
    SLICE_X42Y93         FDCE (Prop_fdce_C_Q)         0.518     3.469 r  cb_i/vdp_native_slave_0/inst/reg_display_enable_reg/Q
                         net (fo=2, routed)           0.665     4.134    cb_i/vdp_native_slave_0/inst/data0[0]
    SLICE_X42Y93         LUT6 (Prop_lut6_I5_O)        0.124     4.258 r  cb_i/vdp_native_slave_0/inst/reg_display_enable_i_1/O
                         net (fo=1, routed)           0.000     4.258    cb_i/vdp_native_slave_0/inst/reg_display_enable_i_1_n_0
    SLICE_X42Y93         FDCE                                         r  cb_i/vdp_native_slave_0/inst/reg_display_enable_reg/D
  -------------------------------------------------------------------    -------------------

                         (clock clk_out2_cb_clk_wiz_0_2 rise edge)
                                                     40.000    40.000 r  
    PS7_X0Y0             PS7                          0.000    40.000 r  cb_i/processing_system7_0/inst/PS7_i/FCLKCLK[0]
                         net (fo=1, routed)           1.088    41.088    cb_i/processing_system7_0/inst/FCLK_CLK_unbuffered[0]
    BUFGCTRL_X0Y16       BUFG (Prop_bufg_I_O)         0.091    41.179 r  cb_i/processing_system7_0/inst/buffer_fclk_clk_0.FCLK_CLK_0_BUFG/O
                         net (fo=1118, routed)        1.612    42.792    cb_i/clk_wiz_0/inst/clk_in1
    MMCME2_ADV_X1Y0      MMCME2_ADV (Prop_mmcme2_adv_CLKIN1_CLKOUT1)
                                                     -3.425    39.366 r  cb_i/clk_wiz_0/inst/mmcm_adv_inst/CLKOUT1
                         net (fo=1, routed)           1.725    41.091    cb_i/clk_wiz_0/inst/clk_out2_cb_clk_wiz_0_2
    BUFGCTRL_X0Y1        BUFG (Prop_bufg_I_O)         0.091    41.182 r  cb_i/clk_wiz_0/inst/clkout2_buf/O
                         net (fo=16, routed)          1.482    42.664    cb_i/vdp_native_slave_0/inst/clk
    SLICE_X42Y93         FDCE                                         r  cb_i/vdp_native_slave_0/inst/reg_display_enable_reg/C
                         clock pessimism              0.287    42.951    
                         clock uncertainty           -0.119    42.832    
    SLICE_X42Y93         FDCE (Setup_fdce_C_D)        0.081    42.913    cb_i/vdp_native_slave_0/inst/reg_display_enable_reg
  -------------------------------------------------------------------
                         required time                         42.913    
                         arrival time                          -4.258    
  -------------------------------------------------------------------
                         slack                                 38.655    





Min Delay Paths
--------------------------------------------------------------------------------------
Slack (MET) :             0.321ns  (arrival time - required time)
  Source:                 cb_i/vdp_native_slave_0/inst/reg_pattern_mode_reg/C
                            (rising edge-triggered cell FDCE clocked by clk_out2_cb_clk_wiz_0_2  {rise@0.000ns fall@20.000ns period=40.000ns})
  Destination:            cb_i/vdp_native_slave_0/inst/reg_pattern_mode_reg/D
                            (rising edge-triggered cell FDCE clocked by clk_out2_cb_clk_wiz_0_2  {rise@0.000ns fall@20.000ns period=40.000ns})
  Path Group:             clk_out2_cb_clk_wiz_0_2
  Path Type:              Hold (Min at Fast Process Corner)
  Requirement:            0.000ns  (clk_out2_cb_clk_wiz_0_2 rise@0.000ns - clk_out2_cb_clk_wiz_0_2 rise@0.000ns)
  Data Path Delay:        0.442ns  (logic 0.209ns (47.260%)  route 0.233ns (52.740%))
  Logic Levels:           1  (LUT6=1)
  Clock Path Skew:        0.000ns (DCD - SCD - CPR)
    Destination Clock Delay (DCD):    1.194ns
    Source Clock Delay      (SCD):    0.896ns
    Clock Pessimism Removal (CPR):    0.298ns

    Location             Delay type                Incr(ns)  Path(ns)    Netlist Resource(s)
  -------------------------------------------------------------------    -------------------
                         (clock clk_out2_cb_clk_wiz_0_2 rise edge)
                                                      0.000     0.000 r  
    PS7_X0Y0             PS7                          0.000     0.000 r  cb_i/processing_system7_0/inst/PS7_i/FCLKCLK[0]
                         net (fo=1, routed)           0.310     0.310    cb_i/processing_system7_0/inst/FCLK_CLK_unbuffered[0]
    BUFGCTRL_X0Y16       BUFG (Prop_bufg_I_O)         0.026     0.336 r  cb_i/processing_system7_0/inst/buffer_fclk_clk_0.FCLK_CLK_0_BUFG/O
                         net (fo=1118, routed)        0.597     0.933    cb_i/clk_wiz_0/inst/clk_in1
    MMCME2_ADV_X1Y0      MMCME2_ADV (Prop_mmcme2_adv_CLKIN1_CLKOUT1)
                                                     -1.150    -0.217 r  cb_i/clk_wiz_0/inst/mmcm_adv_inst/CLKOUT1
                         net (fo=1, routed)           0.529     0.312    cb_i/clk_wiz_0/inst/clk_out2_cb_clk_wiz_0_2
    BUFGCTRL_X0Y1        BUFG (Prop_bufg_I_O)         0.026     0.338 r  cb_i/clk_wiz_0/inst/clkout2_buf/O
                         net (fo=16, routed)          0.558     0.896    cb_i/vdp_native_slave_0/inst/clk
    SLICE_X42Y93         FDCE                                         r  cb_i/vdp_native_slave_0/inst/reg_pattern_mode_reg/C
  -------------------------------------------------------------------    -------------------
    SLICE_X42Y93         FDCE (Prop_fdce_C_Q)         0.164     1.060 r  cb_i/vdp_native_slave_0/inst/reg_pattern_mode_reg/Q
                         net (fo=2, routed)           0.233     1.293    cb_i/vdp_native_slave_0/inst/data0[1]
    SLICE_X42Y93         LUT6 (Prop_lut6_I5_O)        0.045     1.338 r  cb_i/vdp_native_slave_0/inst/reg_pattern_mode_i_1/O
                         net (fo=1, routed)           0.000     1.338    cb_i/vdp_native_slave_0/inst/reg_pattern_mode_i_1_n_0
    SLICE_X42Y93         FDCE                                         r  cb_i/vdp_native_slave_0/inst/reg_pattern_mode_reg/D
  -------------------------------------------------------------------    -------------------

                         (clock clk_out2_cb_clk_wiz_0_2 rise edge)
                                                      0.000     0.000 r  
    PS7_X0Y0             PS7                          0.000     0.000 r  cb_i/processing_system7_0/inst/PS7_i/FCLKCLK[0]
                         net (fo=1, routed)           0.337     0.337    cb_i/processing_system7_0/inst/FCLK_CLK_unbuffered[0]
    BUFGCTRL_X0Y16       BUFG (Prop_bufg_I_O)         0.029     0.366 r  cb_i/processing_system7_0/inst/buffer_fclk_clk_0.FCLK_CLK_0_BUFG/O
                         net (fo=1118, routed)        0.864     1.230    cb_i/clk_wiz_0/inst/clk_in1
    MMCME2_ADV_X1Y0      MMCME2_ADV (Prop_mmcme2_adv_CLKIN1_CLKOUT1)
                                                     -1.467    -0.237 r  cb_i/clk_wiz_0/inst/mmcm_adv_inst/CLKOUT1
                         net (fo=1, routed)           0.576     0.339    cb_i/clk_wiz_0/inst/clk_out2_cb_clk_wiz_0_2
    BUFGCTRL_X0Y1        BUFG (Prop_bufg_I_O)         0.029     0.368 r  cb_i/clk_wiz_0/inst/clkout2_buf/O
                         net (fo=16, routed)          0.826     1.194    cb_i/vdp_native_slave_0/inst/clk
    SLICE_X42Y93         FDCE                                         r  cb_i/vdp_native_slave_0/inst/reg_pattern_mode_reg/C
                         clock pessimism             -0.298     0.896    
    SLICE_X42Y93         FDCE (Hold_fdce_C_D)         0.121     1.017    cb_i/vdp_native_slave_0/inst/reg_pattern_mode_reg
  -------------------------------------------------------------------
                         required time                         -1.017    
                         arrival time                           1.338    
  -------------------------------------------------------------------
                         slack                                  0.321    

Slack (MET) :             0.321ns  (arrival time - required time)
  Source:                 cb_i/vdp_native_slave_0/inst/reg_display_enable_reg/C
                            (rising edge-triggered cell FDCE clocked by clk_out2_cb_clk_wiz_0_2  {rise@0.000ns fall@20.000ns period=40.000ns})
  Destination:            cb_i/vdp_native_slave_0/inst/reg_display_enable_reg/D
                            (rising edge-triggered cell FDCE clocked by clk_out2_cb_clk_wiz_0_2  {rise@0.000ns fall@20.000ns period=40.000ns})
  Path Group:             clk_out2_cb_clk_wiz_0_2
  Path Type:              Hold (Min at Fast Process Corner)
  Requirement:            0.000ns  (clk_out2_cb_clk_wiz_0_2 rise@0.000ns - clk_out2_cb_clk_wiz_0_2 rise@0.000ns)
  Data Path Delay:        0.442ns  (logic 0.209ns (47.253%)  route 0.233ns (52.747%))
  Logic Levels:           1  (LUT6=1)
  Clock Path Skew:        0.000ns (DCD - SCD - CPR)
    Destination Clock Delay (DCD):    1.194ns
    Source Clock Delay      (SCD):    0.896ns
    Clock Pessimism Removal (CPR):    0.298ns

    Location             Delay type                Incr(ns)  Path(ns)    Netlist Resource(s)
  -------------------------------------------------------------------    -------------------
                         (clock clk_out2_cb_clk_wiz_0_2 rise edge)
                                                      0.000     0.000 r  
    PS7_X0Y0             PS7                          0.000     0.000 r  cb_i/processing_system7_0/inst/PS7_i/FCLKCLK[0]
                         net (fo=1, routed)           0.310     0.310    cb_i/processing_system7_0/inst/FCLK_CLK_unbuffered[0]
    BUFGCTRL_X0Y16       BUFG (Prop_bufg_I_O)         0.026     0.336 r  cb_i/processing_system7_0/inst/buffer_fclk_clk_0.FCLK_CLK_0_BUFG/O
                         net (fo=1118, routed)        0.597     0.933    cb_i/clk_wiz_0/inst/clk_in1
    MMCME2_ADV_X1Y0      MMCME2_ADV (Prop_mmcme2_adv_CLKIN1_CLKOUT1)
                                                     -1.150    -0.217 r  cb_i/clk_wiz_0/inst/mmcm_adv_inst/CLKOUT1
                         net (fo=1, routed)           0.529     0.312    cb_i/clk_wiz_0/inst/clk_out2_cb_clk_wiz_0_2
    BUFGCTRL_X0Y1        BUFG (Prop_bufg_I_O)         0.026     0.338 r  cb_i/clk_wiz_0/inst/clkout2_buf/O
                         net (fo=16, routed)          0.558     0.896    cb_i/vdp_native_slave_0/inst/clk
    SLICE_X42Y93         FDCE                                         r  cb_i/vdp_native_slave_0/inst/reg_display_enable_reg/C
  -------------------------------------------------------------------    -------------------
    SLICE_X42Y93         FDCE (Prop_fdce_C_Q)         0.164     1.060 r  cb_i/vdp_native_slave_0/inst/reg_display_enable_reg/Q
                         net (fo=2, routed)           0.233     1.293    cb_i/vdp_native_slave_0/inst/data0[0]
    SLICE_X42Y93         LUT6 (Prop_lut6_I5_O)        0.045     1.338 r  cb_i/vdp_native_slave_0/inst/reg_display_enable_i_1/O
                         net (fo=1, routed)           0.000     1.338    cb_i/vdp_native_slave_0/inst/reg_display_enable_i_1_n_0
    SLICE_X42Y93         FDCE                                         r  cb_i/vdp_native_slave_0/inst/reg_display_enable_reg/D
  -------------------------------------------------------------------    -------------------

                         (clock clk_out2_cb_clk_wiz_0_2 rise edge)
                                                      0.000     0.000 r  
    PS7_X0Y0             PS7                          0.000     0.000 r  cb_i/processing_system7_0/inst/PS7_i/FCLKCLK[0]
                         net (fo=1, routed)           0.337     0.337    cb_i/processing_system7_0/inst/FCLK_CLK_unbuffered[0]
    BUFGCTRL_X0Y16       BUFG (Prop_bufg_I_O)         0.029     0.366 r  cb_i/processing_system7_0/inst/buffer_fclk_clk_0.FCLK_CLK_0_BUFG/O
                         net (fo=1118, routed)        0.864     1.230    cb_i/clk_wiz_0/inst/clk_in1
    MMCME2_ADV_X1Y0      MMCME2_ADV (Prop_mmcme2_adv_CLKIN1_CLKOUT1)
                                                     -1.467    -0.237 r  cb_i/clk_wiz_0/inst/mmcm_adv_inst/CLKOUT1
                         net (fo=1, routed)           0.576     0.339    cb_i/clk_wiz_0/inst/clk_out2_cb_clk_wiz_0_2
    BUFGCTRL_X0Y1        BUFG (Prop_bufg_I_O)         0.029     0.368 r  cb_i/clk_wiz_0/inst/clkout2_buf/O
                         net (fo=16, routed)          0.826     1.194    cb_i/vdp_native_slave_0/inst/clk
    SLICE_X42Y93         FDCE                                         r  cb_i/vdp_native_slave_0/inst/reg_display_enable_reg/C
                         clock pessimism             -0.298     0.896    
    SLICE_X42Y93         FDCE (Hold_fdce_C_D)         0.121     1.017    cb_i/vdp_native_slave_0/inst/reg_display_enable_reg
  -------------------------------------------------------------------
                         required time                         -1.017    
                         arrival time                           1.338    
  -------------------------------------------------------------------
                         slack                                  0.321    

Slack (MET) :             0.323ns  (arrival time - required time)
  Source:                 cb_i/vdp_native_slave_0/inst/cfg_toggle_reg/C
                            (rising edge-triggered cell FDCE clocked by clk_out2_cb_clk_wiz_0_2  {rise@0.000ns fall@20.000ns period=40.000ns})
  Destination:            cb_i/vdp_native_slave_0/inst/cfg_toggle_reg/D
                            (rising edge-triggered cell FDCE clocked by clk_out2_cb_clk_wiz_0_2  {rise@0.000ns fall@20.000ns period=40.000ns})
  Path Group:             clk_out2_cb_clk_wiz_0_2
  Path Type:              Hold (Min at Fast Process Corner)
  Requirement:            0.000ns  (clk_out2_cb_clk_wiz_0_2 rise@0.000ns - clk_out2_cb_clk_wiz_0_2 rise@0.000ns)
  Data Path Delay:        0.444ns  (logic 0.209ns (47.022%)  route 0.235ns (52.978%))
  Logic Levels:           1  (LUT6=1)
  Clock Path Skew:        0.000ns (DCD - SCD - CPR)
    Destination Clock Delay (DCD):    1.193ns
    Source Clock Delay      (SCD):    0.895ns
    Clock Pessimism Removal (CPR):    0.298ns

    Location             Delay type                Incr(ns)  Path(ns)    Netlist Resource(s)
  -------------------------------------------------------------------    -------------------
                         (clock clk_out2_cb_clk_wiz_0_2 rise edge)
                                                      0.000     0.000 r  
    PS7_X0Y0             PS7                          0.000     0.000 r  cb_i/processing_system7_0/inst/PS7_i/FCLKCLK[0]
                         net (fo=1, routed)           0.310     0.310    cb_i/processing_system7_0/inst/FCLK_CLK_unbuffered[0]
    BUFGCTRL_X0Y16       BUFG (Prop_bufg_I_O)         0.026     0.336 r  cb_i/processing_system7_0/inst/buffer_fclk_clk_0.FCLK_CLK_0_BUFG/O
                         net (fo=1118, routed)        0.597     0.933    cb_i/clk_wiz_0/inst/clk_in1
    MMCME2_ADV_X1Y0      MMCME2_ADV (Prop_mmcme2_adv_CLKIN1_CLKOUT1)
                                                     -1.150    -0.217 r  cb_i/clk_wiz_0/inst/mmcm_adv_inst/CLKOUT1
                         net (fo=1, routed)           0.529     0.312    cb_i/clk_wiz_0/inst/clk_out2_cb_clk_wiz_0_2
    BUFGCTRL_X0Y1        BUFG (Prop_bufg_I_O)         0.026     0.338 r  cb_i/clk_wiz_0/inst/clkout2_buf/O
                         net (fo=16, routed)          0.557     0.895    cb_i/vdp_native_slave_0/inst/clk
    SLICE_X42Y92         FDCE                                         r  cb_i/vdp_native_slave_0/inst/cfg_toggle_reg/C
  -------------------------------------------------------------------    -------------------
    SLICE_X42Y92         FDCE (Prop_fdce_C_Q)         0.164     1.059 r  cb_i/vdp_native_slave_0/inst/cfg_toggle_reg/Q
                         net (fo=2, routed)           0.235     1.294    cb_i/vdp_native_slave_0/inst/cfg_toggle
    SLICE_X42Y92         LUT6 (Prop_lut6_I5_O)        0.045     1.339 r  cb_i/vdp_native_slave_0/inst/cfg_toggle_i_1/O
                         net (fo=1, routed)           0.000     1.339    cb_i/vdp_native_slave_0/inst/cfg_toggle_i_1_n_0
    SLICE_X42Y92         FDCE                                         r  cb_i/vdp_native_slave_0/inst/cfg_toggle_reg/D
  -------------------------------------------------------------------    -------------------

                         (clock clk_out2_cb_clk_wiz_0_2 rise edge)
                                                      0.000     0.000 r  
    PS7_X0Y0             PS7                          0.000     0.000 r  cb_i/processing_system7_0/inst/PS7_i/FCLKCLK[0]
                         net (fo=1, routed)           0.337     0.337    cb_i/processing_system7_0/inst/FCLK_CLK_unbuffered[0]
    BUFGCTRL_X0Y16       BUFG (Prop_bufg_I_O)         0.029     0.366 r  cb_i/processing_system7_0/inst/buffer_fclk_clk_0.FCLK_CLK_0_BUFG/O
                         net (fo=1118, routed)        0.864     1.230    cb_i/clk_wiz_0/inst/clk_in1
    MMCME2_ADV_X1Y0      MMCME2_ADV (Prop_mmcme2_adv_CLKIN1_CLKOUT1)
                                                     -1.467    -0.237 r  cb_i/clk_wiz_0/inst/mmcm_adv_inst/CLKOUT1
                         net (fo=1, routed)           0.576     0.339    cb_i/clk_wiz_0/inst/clk_out2_cb_clk_wiz_0_2
    BUFGCTRL_X0Y1        BUFG (Prop_bufg_I_O)         0.029     0.368 r  cb_i/clk_wiz_0/inst/clkout2_buf/O
                         net (fo=16, routed)          0.825     1.193    cb_i/vdp_native_slave_0/inst/clk
    SLICE_X42Y92         FDCE                                         r  cb_i/vdp_native_slave_0/inst/cfg_toggle_reg/C
                         clock pessimism             -0.298     0.895    
    SLICE_X42Y92         FDCE (Hold_fdce_C_D)         0.121     1.016    cb_i/vdp_native_slave_0/inst/cfg_toggle_reg
  -------------------------------------------------------------------
                         required time                         -1.016    
                         arrival time                           1.339    
  -------------------------------------------------------------------
                         slack                                  0.323    





Pulse Width Checks
--------------------------------------------------------------------------------------
Clock Name:         clk_out2_cb_clk_wiz_0_2
Waveform(ns):       { 0.000 20.000 }
Period(ns):         40.000
Sources:            { cb_i/clk_wiz_0/inst/mmcm_adv_inst/CLKOUT1 }

Check Type        Corner  Lib Pin             Reference Pin  Required(ns)  Actual(ns)  Slack(ns)  Location         Pin
Min Period        n/a     BUFG/I              n/a            2.155         40.000      37.845     BUFGCTRL_X0Y1    cb_i/clk_wiz_0/inst/clkout2_buf/I
Min Period        n/a     MMCME2_ADV/CLKOUT1  n/a            1.249         40.000      38.751     MMCME2_ADV_X1Y0  cb_i/clk_wiz_0/inst/mmcm_adv_inst/CLKOUT1
Min Period        n/a     FDCE/C              n/a            1.000         40.000      39.000     SLICE_X42Y92     cb_i/vdp_native_slave_0/inst/cfg_toggle_reg/C
Min Period        n/a     FDCE/C              n/a            1.000         40.000      39.000     SLICE_X48Y93     cb_i/vdp_native_slave_0/inst/mem_ready_reg/C
Min Period        n/a     FDPE/C              n/a            1.000         40.000      39.000     SLICE_X39Y95     cb_i/vdp_native_slave_0/inst/reg_color_reg[12]/C
Min Period        n/a     FDPE/C              n/a            1.000         40.000      39.000     SLICE_X39Y95     cb_i/vdp_native_slave_0/inst/reg_color_reg[13]/C
Min Period        n/a     FDPE/C              n/a            1.000         40.000      39.000     SLICE_X39Y95     cb_i/vdp_native_slave_0/inst/reg_color_reg[14]/C
Min Period        n/a     FDPE/C              n/a            1.000         40.000      39.000     SLICE_X40Y97     cb_i/vdp_native_slave_0/inst/reg_color_reg[15]/C
Min Period        n/a     FDPE/C              n/a            1.000         40.000      39.000     SLICE_X39Y96     cb_i/vdp_native_slave_0/inst/reg_color_reg[20]/C
Min Period        n/a     FDPE/C              n/a            1.000         40.000      39.000     SLICE_X39Y96     cb_i/vdp_native_slave_0/inst/reg_color_reg[21]/C
Max Period        n/a     MMCME2_ADV/CLKOUT1  n/a            213.360       40.000      173.360    MMCME2_ADV_X1Y0  cb_i/clk_wiz_0/inst/mmcm_adv_inst/CLKOUT1
Low Pulse Width   Fast    FDPE/C              n/a            0.500         20.000      19.500     SLICE_X40Y97     cb_i/vdp_native_slave_0/inst/reg_color_reg[15]/C
Low Pulse Width   Slow    FDCE/C              n/a            0.500         20.000      19.500     SLICE_X48Y93     cb_i/vdp_native_slave_0/inst/mem_ready_reg/C
Low Pulse Width   Slow    FDPE/C              n/a            0.500         20.000      19.500     SLICE_X39Y95     cb_i/vdp_native_slave_0/inst/reg_color_reg[12]/C
Low Pulse Width   Fast    FDPE/C              n/a            0.500         20.000      19.500     SLICE_X39Y95     cb_i/vdp_native_slave_0/inst/reg_color_reg[12]/C
Low Pulse Width   Slow    FDPE/C              n/a            0.500         20.000      19.500     SLICE_X39Y95     cb_i/vdp_native_slave_0/inst/reg_color_reg[13]/C
Low Pulse Width   Fast    FDPE/C              n/a            0.500         20.000      19.500     SLICE_X39Y95     cb_i/vdp_native_slave_0/inst/reg_color_reg[13]/C
Low Pulse Width   Slow    FDPE/C              n/a            0.500         20.000      19.500     SLICE_X39Y95     cb_i/vdp_native_slave_0/inst/reg_color_reg[14]/C
Low Pulse Width   Fast    FDPE/C              n/a            0.500         20.000      19.500     SLICE_X39Y95     cb_i/vdp_native_slave_0/inst/reg_color_reg[14]/C
Low Pulse Width   Slow    FDPE/C              n/a            0.500         20.000      19.500     SLICE_X39Y96     cb_i/vdp_native_slave_0/inst/reg_color_reg[20]/C
Low Pulse Width   Fast    FDPE/C              n/a            0.500         20.000      19.500     SLICE_X39Y96     cb_i/vdp_native_slave_0/inst/reg_color_reg[20]/C
High Pulse Width  Slow    FDCE/C              n/a            0.500         20.000      19.500     SLICE_X42Y92     cb_i/vdp_native_slave_0/inst/cfg_toggle_reg/C
High Pulse Width  Fast    FDCE/C              n/a            0.500         20.000      19.500     SLICE_X42Y92     cb_i/vdp_native_slave_0/inst/cfg_toggle_reg/C
High Pulse Width  Slow    FDCE/C              n/a            0.500         20.000      19.500     SLICE_X48Y93     cb_i/vdp_native_slave_0/inst/mem_ready_reg/C
High Pulse Width  Fast    FDCE/C              n/a            0.500         20.000      19.500     SLICE_X48Y93     cb_i/vdp_native_slave_0/inst/mem_ready_reg/C
High Pulse Width  Slow    FDPE/C              n/a            0.500         20.000      19.500     SLICE_X39Y95     cb_i/vdp_native_slave_0/inst/reg_color_reg[12]/C
High Pulse Width  Fast    FDPE/C              n/a            0.500         20.000      19.500     SLICE_X39Y95     cb_i/vdp_native_slave_0/inst/reg_color_reg[12]/C
High Pulse Width  Slow    FDPE/C              n/a            0.500         20.000      19.500     SLICE_X39Y95     cb_i/vdp_native_slave_0/inst/reg_color_reg[13]/C
High Pulse Width  Fast    FDPE/C              n/a            0.500         20.000      19.500     SLICE_X39Y95     cb_i/vdp_native_slave_0/inst/reg_color_reg[13]/C
High Pulse Width  Slow    FDPE/C              n/a            0.500         20.000      19.500     SLICE_X39Y95     cb_i/vdp_native_slave_0/inst/reg_color_reg[14]/C
High Pulse Width  Fast    FDPE/C              n/a            0.500         20.000      19.500     SLICE_X39Y95     cb_i/vdp_native_slave_0/inst/reg_color_reg[14]/C



---------------------------------------------------------------------------------------------------
From Clock:  clkfbout_cb_clk_wiz_0_2
  To Clock:  clkfbout_cb_clk_wiz_0_2

Setup :           NA  Failing Endpoints,  Worst Slack           NA  ,  Total Violation           NA
Hold  :           NA  Failing Endpoints,  Worst Slack           NA  ,  Total Violation           NA
PW    :            0  Failing Endpoints,  Worst Slack        7.845ns,  Total Violation        0.000ns
---------------------------------------------------------------------------------------------------


Pulse Width Checks
--------------------------------------------------------------------------------------
Clock Name:         clkfbout_cb_clk_wiz_0_2
Waveform(ns):       { 0.000 5.000 }
Period(ns):         10.000
Sources:            { cb_i/clk_wiz_0/inst/mmcm_adv_inst/CLKFBOUT }

Check Type  Corner  Lib Pin              Reference Pin  Required(ns)  Actual(ns)  Slack(ns)  Location         Pin
Min Period  n/a     BUFG/I               n/a            2.155         10.000      7.845      BUFGCTRL_X0Y2    cb_i/clk_wiz_0/inst/clkf_buf/I
Min Period  n/a     MMCME2_ADV/CLKFBOUT  n/a            1.249         10.000      8.751      MMCME2_ADV_X1Y0  cb_i/clk_wiz_0/inst/mmcm_adv_inst/CLKFBOUT
Min Period  n/a     MMCME2_ADV/CLKFBIN   n/a            1.249         10.000      8.751      MMCME2_ADV_X1Y0  cb_i/clk_wiz_0/inst/mmcm_adv_inst/CLKFBIN
Max Period  n/a     MMCME2_ADV/CLKFBIN   n/a            100.000       10.000      90.000     MMCME2_ADV_X1Y0  cb_i/clk_wiz_0/inst/mmcm_adv_inst/CLKFBIN
Max Period  n/a     MMCME2_ADV/CLKFBOUT  n/a            213.360       10.000      203.360    MMCME2_ADV_X1Y0  cb_i/clk_wiz_0/inst/mmcm_adv_inst/CLKFBOUT



---------------------------------------------------------------------------------------------------
From Clock:  clk_fpga_0
  To Clock:  clk_out2_cb_clk_wiz_0_2

Setup :            0  Failing Endpoints,  Worst Slack        4.837ns,  Total Violation        0.000ns
Hold  :            0  Failing Endpoints,  Worst Slack        0.138ns,  Total Violation        0.000ns
---------------------------------------------------------------------------------------------------


Max Delay Paths
--------------------------------------------------------------------------------------
Slack (MET) :             4.837ns  (required time - arrival time)
  Source:                 cb_i/axi_gpio_1/U0/gpio_core_1/Not_Dual.gpio_Data_Out_reg[1]/C
                            (rising edge-triggered cell FDRE clocked by clk_fpga_0  {rise@0.000ns fall@5.000ns period=10.000ns})
  Destination:            cb_i/vdp_native_slave_0/inst/reg_color_reg[15]/CE
                            (rising edge-triggered cell FDPE clocked by clk_out2_cb_clk_wiz_0_2  {rise@0.000ns fall@20.000ns period=40.000ns})
  Path Group:             clk_out2_cb_clk_wiz_0_2
  Path Type:              Setup (Max at Slow Process Corner)
  Requirement:            10.000ns  (clk_out2_cb_clk_wiz_0_2 rise@40.000ns - clk_fpga_0 rise@30.000ns)
  Data Path Delay:        4.299ns  (logic 1.114ns (25.916%)  route 3.185ns (74.084%))
  Logic Levels:           3  (LUT3=1 LUT5=2)
  Clock Path Skew:        -0.166ns (DCD - SCD + CPR)
    Destination Clock Delay (DCD):    2.665ns = ( 42.665 - 40.000 ) 
    Source Clock Delay      (SCD):    2.946ns = ( 32.946 - 30.000 ) 
    Clock Pessimism Removal (CPR):    0.115ns
  Clock Uncertainty:      0.290ns  ((TSJ^2 + TIJ^2 + DJ^2)^1/2) / 2 + PE
    Total System Jitter     (TSJ):    0.071ns
    Total Input Jitter      (TIJ):    0.300ns
    Discrete Jitter          (DJ):    0.227ns
    Phase Error              (PE):    0.099ns

    Location             Delay type                Incr(ns)  Path(ns)    Netlist Resource(s)
  -------------------------------------------------------------------    -------------------
                         (clock clk_fpga_0 rise edge)
                                                     30.000    30.000 r  
    PS7_X0Y0             PS7                          0.000    30.000 r  cb_i/processing_system7_0/inst/PS7_i/FCLKCLK[0]
                         net (fo=1, routed)           1.193    31.193    cb_i/processing_system7_0/inst/FCLK_CLK_unbuffered[0]
    BUFGCTRL_X0Y16       BUFG (Prop_bufg_I_O)         0.101    31.294 r  cb_i/processing_system7_0/inst/buffer_fclk_clk_0.FCLK_CLK_0_BUFG/O
                         net (fo=1118, routed)        1.652    32.946    cb_i/axi_gpio_1/U0/gpio_core_1/s_axi_aclk
    SLICE_X36Y94         FDRE                                         r  cb_i/axi_gpio_1/U0/gpio_core_1/Not_Dual.gpio_Data_Out_reg[1]/C
  -------------------------------------------------------------------    -------------------
    SLICE_X36Y94         FDRE (Prop_fdre_C_Q)         0.518    33.464 f  cb_i/axi_gpio_1/U0/gpio_core_1/Not_Dual.gpio_Data_Out_reg[1]/Q
                         net (fo=2, routed)           1.010    34.474    cb_i/vdp_native_slave_0/inst/mem_addr[10]
    SLICE_X36Y93         LUT5 (Prop_lut5_I1_O)        0.124    34.598 f  cb_i/vdp_native_slave_0/inst/mem_rdata[23]_i_5/O
                         net (fo=2, routed)           0.852    35.450    cb_i/vdp_native_slave_0/inst/mem_rdata[23]_i_5_n_0
    SLICE_X36Y92         LUT5 (Prop_lut5_I2_O)        0.148    35.598 r  cb_i/vdp_native_slave_0/inst/mem_rdata[23]_i_3/O
                         net (fo=3, routed)           0.587    36.185    cb_i/vdp_native_slave_0/inst/mem_rdata[23]_i_3_n_0
    SLICE_X40Y91         LUT3 (Prop_lut3_I1_O)        0.324    36.509 r  cb_i/vdp_native_slave_0/inst/reg_color[15]_i_1/O
                         net (fo=4, routed)           0.736    37.245    cb_i/vdp_native_slave_0/inst/reg_color[15]_i_1_n_0
    SLICE_X40Y97         FDPE                                         r  cb_i/vdp_native_slave_0/inst/reg_color_reg[15]/CE
  -------------------------------------------------------------------    -------------------

                         (clock clk_out2_cb_clk_wiz_0_2 rise edge)
                                                     40.000    40.000 r  
    PS7_X0Y0             PS7                          0.000    40.000 r  cb_i/processing_system7_0/inst/PS7_i/FCLKCLK[0]
                         net (fo=1, routed)           1.088    41.088    cb_i/processing_system7_0/inst/FCLK_CLK_unbuffered[0]
    BUFGCTRL_X0Y16       BUFG (Prop_bufg_I_O)         0.091    41.179 r  cb_i/processing_system7_0/inst/buffer_fclk_clk_0.FCLK_CLK_0_BUFG/O
                         net (fo=1118, routed)        1.612    42.792    cb_i/clk_wiz_0/inst/clk_in1
    MMCME2_ADV_X1Y0      MMCME2_ADV (Prop_mmcme2_adv_CLKIN1_CLKOUT1)
                                                     -3.425    39.366 r  cb_i/clk_wiz_0/inst/mmcm_adv_inst/CLKOUT1
                         net (fo=1, routed)           1.725    41.091    cb_i/clk_wiz_0/inst/clk_out2_cb_clk_wiz_0_2
    BUFGCTRL_X0Y1        BUFG (Prop_bufg_I_O)         0.091    41.182 r  cb_i/clk_wiz_0/inst/clkout2_buf/O
                         net (fo=16, routed)          1.483    42.665    cb_i/vdp_native_slave_0/inst/clk
    SLICE_X40Y97         FDPE                                         r  cb_i/vdp_native_slave_0/inst/reg_color_reg[15]/C
                         clock pessimism              0.115    42.780    
                         clock uncertainty           -0.290    42.490    
    SLICE_X40Y97         FDPE (Setup_fdpe_C_CE)      -0.408    42.082    cb_i/vdp_native_slave_0/inst/reg_color_reg[15]
  -------------------------------------------------------------------
                         required time                         42.082    
                         arrival time                         -37.245    
  -------------------------------------------------------------------
                         slack                                  4.837    

Slack (MET) :             4.912ns  (required time - arrival time)
  Source:                 cb_i/axi_gpio_1/U0/gpio_core_1/Not_Dual.gpio_Data_Out_reg[1]/C
                            (rising edge-triggered cell FDRE clocked by clk_fpga_0  {rise@0.000ns fall@5.000ns period=10.000ns})
  Destination:            cb_i/vdp_native_slave_0/inst/reg_color_reg[4]/CE
                            (rising edge-triggered cell FDPE clocked by clk_out2_cb_clk_wiz_0_2  {rise@0.000ns fall@20.000ns period=40.000ns})
  Path Group:             clk_out2_cb_clk_wiz_0_2
  Path Type:              Setup (Max at Slow Process Corner)
  Requirement:            10.000ns  (clk_out2_cb_clk_wiz_0_2 rise@40.000ns - clk_fpga_0 rise@30.000ns)
  Data Path Delay:        4.218ns  (logic 1.144ns (27.124%)  route 3.074ns (72.876%))
  Logic Levels:           3  (LUT3=1 LUT5=2)
  Clock Path Skew:        -0.167ns (DCD - SCD + CPR)
    Destination Clock Delay (DCD):    2.664ns = ( 42.664 - 40.000 ) 
    Source Clock Delay      (SCD):    2.946ns = ( 32.946 - 30.000 ) 
    Clock Pessimism Removal (CPR):    0.115ns
  Clock Uncertainty:      0.290ns  ((TSJ^2 + TIJ^2 + DJ^2)^1/2) / 2 + PE
    Total System Jitter     (TSJ):    0.071ns
    Total Input Jitter      (TIJ):    0.300ns
    Discrete Jitter          (DJ):    0.227ns
    Phase Error              (PE):    0.099ns

    Location             Delay type                Incr(ns)  Path(ns)    Netlist Resource(s)
  -------------------------------------------------------------------    -------------------
                         (clock clk_fpga_0 rise edge)
                                                     30.000    30.000 r  
    PS7_X0Y0             PS7                          0.000    30.000 r  cb_i/processing_system7_0/inst/PS7_i/FCLKCLK[0]
                         net (fo=1, routed)           1.193    31.193    cb_i/processing_system7_0/inst/FCLK_CLK_unbuffered[0]
    BUFGCTRL_X0Y16       BUFG (Prop_bufg_I_O)         0.101    31.294 r  cb_i/processing_system7_0/inst/buffer_fclk_clk_0.FCLK_CLK_0_BUFG/O
                         net (fo=1118, routed)        1.652    32.946    cb_i/axi_gpio_1/U0/gpio_core_1/s_axi_aclk
    SLICE_X36Y94         FDRE                                         r  cb_i/axi_gpio_1/U0/gpio_core_1/Not_Dual.gpio_Data_Out_reg[1]/C
  -------------------------------------------------------------------    -------------------
    SLICE_X36Y94         FDRE (Prop_fdre_C_Q)         0.518    33.464 f  cb_i/axi_gpio_1/U0/gpio_core_1/Not_Dual.gpio_Data_Out_reg[1]/Q
                         net (fo=2, routed)           1.010    34.474    cb_i/vdp_native_slave_0/inst/mem_addr[10]
    SLICE_X36Y93         LUT5 (Prop_lut5_I1_O)        0.124    34.598 f  cb_i/vdp_native_slave_0/inst/mem_rdata[23]_i_5/O
                         net (fo=2, routed)           0.852    35.450    cb_i/vdp_native_slave_0/inst/mem_rdata[23]_i_5_n_0
    SLICE_X36Y92         LUT5 (Prop_lut5_I2_O)        0.148    35.598 r  cb_i/vdp_native_slave_0/inst/mem_rdata[23]_i_3/O
                         net (fo=3, routed)           0.723    36.321    cb_i/vdp_native_slave_0/inst/mem_rdata[23]_i_3_n_0
    SLICE_X40Y92         LUT3 (Prop_lut3_I0_O)        0.354    36.675 r  cb_i/vdp_native_slave_0/inst/reg_color[7]_i_1/O
                         net (fo=4, routed)           0.488    37.164    cb_i/vdp_native_slave_0/inst/reg_color[7]_i_1_n_0
    SLICE_X43Y94         FDPE                                         r  cb_i/vdp_native_slave_0/inst/reg_color_reg[4]/CE
  -------------------------------------------------------------------    -------------------

                         (clock clk_out2_cb_clk_wiz_0_2 rise edge)
                                                     40.000    40.000 r  
    PS7_X0Y0             PS7                          0.000    40.000 r  cb_i/processing_system7_0/inst/PS7_i/FCLKCLK[0]
                         net (fo=1, routed)           1.088    41.088    cb_i/processing_system7_0/inst/FCLK_CLK_unbuffered[0]
    BUFGCTRL_X0Y16       BUFG (Prop_bufg_I_O)         0.091    41.179 r  cb_i/processing_system7_0/inst/buffer_fclk_clk_0.FCLK_CLK_0_BUFG/O
                         net (fo=1118, routed)        1.612    42.792    cb_i/clk_wiz_0/inst/clk_in1
    MMCME2_ADV_X1Y0      MMCME2_ADV (Prop_mmcme2_adv_CLKIN1_CLKOUT1)
                                                     -3.425    39.366 r  cb_i/clk_wiz_0/inst/mmcm_adv_inst/CLKOUT1
                         net (fo=1, routed)           1.725    41.091    cb_i/clk_wiz_0/inst/clk_out2_cb_clk_wiz_0_2
    BUFGCTRL_X0Y1        BUFG (Prop_bufg_I_O)         0.091    41.182 r  cb_i/clk_wiz_0/inst/clkout2_buf/O
                         net (fo=16, routed)          1.482    42.664    cb_i/vdp_native_slave_0/inst/clk
    SLICE_X43Y94         FDPE                                         r  cb_i/vdp_native_slave_0/inst/reg_color_reg[4]/C
                         clock pessimism              0.115    42.779    
                         clock uncertainty           -0.290    42.489    
    SLICE_X43Y94         FDPE (Setup_fdpe_C_CE)      -0.413    42.076    cb_i/vdp_native_slave_0/inst/reg_color_reg[4]
  -------------------------------------------------------------------
                         required time                         42.076    
                         arrival time                         -37.164    
  -------------------------------------------------------------------
                         slack                                  4.912    

Slack (MET) :             4.912ns  (required time - arrival time)
  Source:                 cb_i/axi_gpio_1/U0/gpio_core_1/Not_Dual.gpio_Data_Out_reg[1]/C
                            (rising edge-triggered cell FDRE clocked by clk_fpga_0  {rise@0.000ns fall@5.000ns period=10.000ns})
  Destination:            cb_i/vdp_native_slave_0/inst/reg_color_reg[5]/CE
                            (rising edge-triggered cell FDPE clocked by clk_out2_cb_clk_wiz_0_2  {rise@0.000ns fall@20.000ns period=40.000ns})
  Path Group:             clk_out2_cb_clk_wiz_0_2
  Path Type:              Setup (Max at Slow Process Corner)
  Requirement:            10.000ns  (clk_out2_cb_clk_wiz_0_2 rise@40.000ns - clk_fpga_0 rise@30.000ns)
  Data Path Delay:        4.218ns  (logic 1.144ns (27.124%)  route 3.074ns (72.876%))
  Logic Levels:           3  (LUT3=1 LUT5=2)
  Clock Path Skew:        -0.167ns (DCD - SCD + CPR)
    Destination Clock Delay (DCD):    2.664ns = ( 42.664 - 40.000 ) 
    Source Clock Delay      (SCD):    2.946ns = ( 32.946 - 30.000 ) 
    Clock Pessimism Removal (CPR):    0.115ns
  Clock Uncertainty:      0.290ns  ((TSJ^2 + TIJ^2 + DJ^2)^1/2) / 2 + PE
    Total System Jitter     (TSJ):    0.071ns
    Total Input Jitter      (TIJ):    0.300ns
    Discrete Jitter          (DJ):    0.227ns
    Phase Error              (PE):    0.099ns

    Location             Delay type                Incr(ns)  Path(ns)    Netlist Resource(s)
  -------------------------------------------------------------------    -------------------
                         (clock clk_fpga_0 rise edge)
                                                     30.000    30.000 r  
    PS7_X0Y0             PS7                          0.000    30.000 r  cb_i/processing_system7_0/inst/PS7_i/FCLKCLK[0]
                         net (fo=1, routed)           1.193    31.193    cb_i/processing_system7_0/inst/FCLK_CLK_unbuffered[0]
    BUFGCTRL_X0Y16       BUFG (Prop_bufg_I_O)         0.101    31.294 r  cb_i/processing_system7_0/inst/buffer_fclk_clk_0.FCLK_CLK_0_BUFG/O
                         net (fo=1118, routed)        1.652    32.946    cb_i/axi_gpio_1/U0/gpio_core_1/s_axi_aclk
    SLICE_X36Y94         FDRE                                         r  cb_i/axi_gpio_1/U0/gpio_core_1/Not_Dual.gpio_Data_Out_reg[1]/C
  -------------------------------------------------------------------    -------------------
    SLICE_X36Y94         FDRE (Prop_fdre_C_Q)         0.518    33.464 f  cb_i/axi_gpio_1/U0/gpio_core_1/Not_Dual.gpio_Data_Out_reg[1]/Q
                         net (fo=2, routed)           1.010    34.474    cb_i/vdp_native_slave_0/inst/mem_addr[10]
    SLICE_X36Y93         LUT5 (Prop_lut5_I1_O)        0.124    34.598 f  cb_i/vdp_native_slave_0/inst/mem_rdata[23]_i_5/O
                         net (fo=2, routed)           0.852    35.450    cb_i/vdp_native_slave_0/inst/mem_rdata[23]_i_5_n_0
    SLICE_X36Y92         LUT5 (Prop_lut5_I2_O)        0.148    35.598 r  cb_i/vdp_native_slave_0/inst/mem_rdata[23]_i_3/O
                         net (fo=3, routed)           0.723    36.321    cb_i/vdp_native_slave_0/inst/mem_rdata[23]_i_3_n_0
    SLICE_X40Y92         LUT3 (Prop_lut3_I0_O)        0.354    36.675 r  cb_i/vdp_native_slave_0/inst/reg_color[7]_i_1/O
                         net (fo=4, routed)           0.488    37.164    cb_i/vdp_native_slave_0/inst/reg_color[7]_i_1_n_0
    SLICE_X43Y94         FDPE                                         r  cb_i/vdp_native_slave_0/inst/reg_color_reg[5]/CE
  -------------------------------------------------------------------    -------------------

                         (clock clk_out2_cb_clk_wiz_0_2 rise edge)
                                                     40.000    40.000 r  
    PS7_X0Y0             PS7                          0.000    40.000 r  cb_i/processing_system7_0/inst/PS7_i/FCLKCLK[0]
                         net (fo=1, routed)           1.088    41.088    cb_i/processing_system7_0/inst/FCLK_CLK_unbuffered[0]
    BUFGCTRL_X0Y16       BUFG (Prop_bufg_I_O)         0.091    41.179 r  cb_i/processing_system7_0/inst/buffer_fclk_clk_0.FCLK_CLK_0_BUFG/O
                         net (fo=1118, routed)        1.612    42.792    cb_i/clk_wiz_0/inst/clk_in1
    MMCME2_ADV_X1Y0      MMCME2_ADV (Prop_mmcme2_adv_CLKIN1_CLKOUT1)
                                                     -3.425    39.366 r  cb_i/clk_wiz_0/inst/mmcm_adv_inst/CLKOUT1
                         net (fo=1, routed)           1.725    41.091    cb_i/clk_wiz_0/inst/clk_out2_cb_clk_wiz_0_2
    BUFGCTRL_X0Y1        BUFG (Prop_bufg_I_O)         0.091    41.182 r  cb_i/clk_wiz_0/inst/clkout2_buf/O
                         net (fo=16, routed)          1.482    42.664    cb_i/vdp_native_slave_0/inst/clk
    SLICE_X43Y94         FDPE                                         r  cb_i/vdp_native_slave_0/inst/reg_color_reg[5]/C
                         clock pessimism              0.115    42.779    
                         clock uncertainty           -0.290    42.489    
    SLICE_X43Y94         FDPE (Setup_fdpe_C_CE)      -0.413    42.076    cb_i/vdp_native_slave_0/inst/reg_color_reg[5]
  -------------------------------------------------------------------
                         required time                         42.076    
                         arrival time                         -37.164    
  -------------------------------------------------------------------
                         slack                                  4.912    

Slack (MET) :             4.912ns  (required time - arrival time)
  Source:                 cb_i/axi_gpio_1/U0/gpio_core_1/Not_Dual.gpio_Data_Out_reg[1]/C
                            (rising edge-triggered cell FDRE clocked by clk_fpga_0  {rise@0.000ns fall@5.000ns period=10.000ns})
  Destination:            cb_i/vdp_native_slave_0/inst/reg_color_reg[6]/CE
                            (rising edge-triggered cell FDPE clocked by clk_out2_cb_clk_wiz_0_2  {rise@0.000ns fall@20.000ns period=40.000ns})
  Path Group:             clk_out2_cb_clk_wiz_0_2
  Path Type:              Setup (Max at Slow Process Corner)
  Requirement:            10.000ns  (clk_out2_cb_clk_wiz_0_2 rise@40.000ns - clk_fpga_0 rise@30.000ns)
  Data Path Delay:        4.218ns  (logic 1.144ns (27.124%)  route 3.074ns (72.876%))
  Logic Levels:           3  (LUT3=1 LUT5=2)
  Clock Path Skew:        -0.167ns (DCD - SCD + CPR)
    Destination Clock Delay (DCD):    2.664ns = ( 42.664 - 40.000 ) 
    Source Clock Delay      (SCD):    2.946ns = ( 32.946 - 30.000 ) 
    Clock Pessimism Removal (CPR):    0.115ns
  Clock Uncertainty:      0.290ns  ((TSJ^2 + TIJ^2 + DJ^2)^1/2) / 2 + PE
    Total System Jitter     (TSJ):    0.071ns
    Total Input Jitter      (TIJ):    0.300ns
    Discrete Jitter          (DJ):    0.227ns
    Phase Error              (PE):    0.099ns

    Location             Delay type                Incr(ns)  Path(ns)    Netlist Resource(s)
  -------------------------------------------------------------------    -------------------
                         (clock clk_fpga_0 rise edge)
                                                     30.000    30.000 r  
    PS7_X0Y0             PS7                          0.000    30.000 r  cb_i/processing_system7_0/inst/PS7_i/FCLKCLK[0]
                         net (fo=1, routed)           1.193    31.193    cb_i/processing_system7_0/inst/FCLK_CLK_unbuffered[0]
    BUFGCTRL_X0Y16       BUFG (Prop_bufg_I_O)         0.101    31.294 r  cb_i/processing_system7_0/inst/buffer_fclk_clk_0.FCLK_CLK_0_BUFG/O
                         net (fo=1118, routed)        1.652    32.946    cb_i/axi_gpio_1/U0/gpio_core_1/s_axi_aclk
    SLICE_X36Y94         FDRE                                         r  cb_i/axi_gpio_1/U0/gpio_core_1/Not_Dual.gpio_Data_Out_reg[1]/C
  -------------------------------------------------------------------    -------------------
    SLICE_X36Y94         FDRE (Prop_fdre_C_Q)         0.518    33.464 f  cb_i/axi_gpio_1/U0/gpio_core_1/Not_Dual.gpio_Data_Out_reg[1]/Q
                         net (fo=2, routed)           1.010    34.474    cb_i/vdp_native_slave_0/inst/mem_addr[10]
    SLICE_X36Y93         LUT5 (Prop_lut5_I1_O)        0.124    34.598 f  cb_i/vdp_native_slave_0/inst/mem_rdata[23]_i_5/O
                         net (fo=2, routed)           0.852    35.450    cb_i/vdp_native_slave_0/inst/mem_rdata[23]_i_5_n_0
    SLICE_X36Y92         LUT5 (Prop_lut5_I2_O)        0.148    35.598 r  cb_i/vdp_native_slave_0/inst/mem_rdata[23]_i_3/O
                         net (fo=3, routed)           0.723    36.321    cb_i/vdp_native_slave_0/inst/mem_rdata[23]_i_3_n_0
    SLICE_X40Y92         LUT3 (Prop_lut3_I0_O)        0.354    36.675 r  cb_i/vdp_native_slave_0/inst/reg_color[7]_i_1/O
                         net (fo=4, routed)           0.488    37.164    cb_i/vdp_native_slave_0/inst/reg_color[7]_i_1_n_0
    SLICE_X43Y94         FDPE                                         r  cb_i/vdp_native_slave_0/inst/reg_color_reg[6]/CE
  -------------------------------------------------------------------    -------------------

                         (clock clk_out2_cb_clk_wiz_0_2 rise edge)
                                                     40.000    40.000 r  
    PS7_X0Y0             PS7                          0.000    40.000 r  cb_i/processing_system7_0/inst/PS7_i/FCLKCLK[0]
                         net (fo=1, routed)           1.088    41.088    cb_i/processing_system7_0/inst/FCLK_CLK_unbuffered[0]
    BUFGCTRL_X0Y16       BUFG (Prop_bufg_I_O)         0.091    41.179 r  cb_i/processing_system7_0/inst/buffer_fclk_clk_0.FCLK_CLK_0_BUFG/O
                         net (fo=1118, routed)        1.612    42.792    cb_i/clk_wiz_0/inst/clk_in1
    MMCME2_ADV_X1Y0      MMCME2_ADV (Prop_mmcme2_adv_CLKIN1_CLKOUT1)
                                                     -3.425    39.366 r  cb_i/clk_wiz_0/inst/mmcm_adv_inst/CLKOUT1
                         net (fo=1, routed)           1.725    41.091    cb_i/clk_wiz_0/inst/clk_out2_cb_clk_wiz_0_2
    BUFGCTRL_X0Y1        BUFG (Prop_bufg_I_O)         0.091    41.182 r  cb_i/clk_wiz_0/inst/clkout2_buf/O
                         net (fo=16, routed)          1.482    42.664    cb_i/vdp_native_slave_0/inst/clk
    SLICE_X43Y94         FDPE                                         r  cb_i/vdp_native_slave_0/inst/reg_color_reg[6]/C
                         clock pessimism              0.115    42.779    
                         clock uncertainty           -0.290    42.489    
    SLICE_X43Y94         FDPE (Setup_fdpe_C_CE)      -0.413    42.076    cb_i/vdp_native_slave_0/inst/reg_color_reg[6]
  -------------------------------------------------------------------
                         required time                         42.076    
                         arrival time                         -37.164    
  -------------------------------------------------------------------
                         slack                                  4.912    

Slack (MET) :             4.912ns  (required time - arrival time)
  Source:                 cb_i/axi_gpio_1/U0/gpio_core_1/Not_Dual.gpio_Data_Out_reg[1]/C
                            (rising edge-triggered cell FDRE clocked by clk_fpga_0  {rise@0.000ns fall@5.000ns period=10.000ns})
  Destination:            cb_i/vdp_native_slave_0/inst/reg_color_reg[7]/CE
                            (rising edge-triggered cell FDPE clocked by clk_out2_cb_clk_wiz_0_2  {rise@0.000ns fall@20.000ns period=40.000ns})
  Path Group:             clk_out2_cb_clk_wiz_0_2
  Path Type:              Setup (Max at Slow Process Corner)
  Requirement:            10.000ns  (clk_out2_cb_clk_wiz_0_2 rise@40.000ns - clk_fpga_0 rise@30.000ns)
  Data Path Delay:        4.218ns  (logic 1.144ns (27.124%)  route 3.074ns (72.876%))
  Logic Levels:           3  (LUT3=1 LUT5=2)
  Clock Path Skew:        -0.167ns (DCD - SCD + CPR)
    Destination Clock Delay (DCD):    2.664ns = ( 42.664 - 40.000 ) 
    Source Clock Delay      (SCD):    2.946ns = ( 32.946 - 30.000 ) 
    Clock Pessimism Removal (CPR):    0.115ns
  Clock Uncertainty:      0.290ns  ((TSJ^2 + TIJ^2 + DJ^2)^1/2) / 2 + PE
    Total System Jitter     (TSJ):    0.071ns
    Total Input Jitter      (TIJ):    0.300ns
    Discrete Jitter          (DJ):    0.227ns
    Phase Error              (PE):    0.099ns

    Location             Delay type                Incr(ns)  Path(ns)    Netlist Resource(s)
  -------------------------------------------------------------------    -------------------
                         (clock clk_fpga_0 rise edge)
                                                     30.000    30.000 r  
    PS7_X0Y0             PS7                          0.000    30.000 r  cb_i/processing_system7_0/inst/PS7_i/FCLKCLK[0]
                         net (fo=1, routed)           1.193    31.193    cb_i/processing_system7_0/inst/FCLK_CLK_unbuffered[0]
    BUFGCTRL_X0Y16       BUFG (Prop_bufg_I_O)         0.101    31.294 r  cb_i/processing_system7_0/inst/buffer_fclk_clk_0.FCLK_CLK_0_BUFG/O
                         net (fo=1118, routed)        1.652    32.946    cb_i/axi_gpio_1/U0/gpio_core_1/s_axi_aclk
    SLICE_X36Y94         FDRE                                         r  cb_i/axi_gpio_1/U0/gpio_core_1/Not_Dual.gpio_Data_Out_reg[1]/C
  -------------------------------------------------------------------    -------------------
    SLICE_X36Y94         FDRE (Prop_fdre_C_Q)         0.518    33.464 f  cb_i/axi_gpio_1/U0/gpio_core_1/Not_Dual.gpio_Data_Out_reg[1]/Q
                         net (fo=2, routed)           1.010    34.474    cb_i/vdp_native_slave_0/inst/mem_addr[10]
    SLICE_X36Y93         LUT5 (Prop_lut5_I1_O)        0.124    34.598 f  cb_i/vdp_native_slave_0/inst/mem_rdata[23]_i_5/O
                         net (fo=2, routed)           0.852    35.450    cb_i/vdp_native_slave_0/inst/mem_rdata[23]_i_5_n_0
    SLICE_X36Y92         LUT5 (Prop_lut5_I2_O)        0.148    35.598 r  cb_i/vdp_native_slave_0/inst/mem_rdata[23]_i_3/O
                         net (fo=3, routed)           0.723    36.321    cb_i/vdp_native_slave_0/inst/mem_rdata[23]_i_3_n_0
    SLICE_X40Y92         LUT3 (Prop_lut3_I0_O)        0.354    36.675 r  cb_i/vdp_native_slave_0/inst/reg_color[7]_i_1/O
                         net (fo=4, routed)           0.488    37.164    cb_i/vdp_native_slave_0/inst/reg_color[7]_i_1_n_0
    SLICE_X43Y94         FDPE                                         r  cb_i/vdp_native_slave_0/inst/reg_color_reg[7]/CE
  -------------------------------------------------------------------    -------------------

                         (clock clk_out2_cb_clk_wiz_0_2 rise edge)
                                                     40.000    40.000 r  
    PS7_X0Y0             PS7                          0.000    40.000 r  cb_i/processing_system7_0/inst/PS7_i/FCLKCLK[0]
                         net (fo=1, routed)           1.088    41.088    cb_i/processing_system7_0/inst/FCLK_CLK_unbuffered[0]
    BUFGCTRL_X0Y16       BUFG (Prop_bufg_I_O)         0.091    41.179 r  cb_i/processing_system7_0/inst/buffer_fclk_clk_0.FCLK_CLK_0_BUFG/O
                         net (fo=1118, routed)        1.612    42.792    cb_i/clk_wiz_0/inst/clk_in1
    MMCME2_ADV_X1Y0      MMCME2_ADV (Prop_mmcme2_adv_CLKIN1_CLKOUT1)
                                                     -3.425    39.366 r  cb_i/clk_wiz_0/inst/mmcm_adv_inst/CLKOUT1
                         net (fo=1, routed)           1.725    41.091    cb_i/clk_wiz_0/inst/clk_out2_cb_clk_wiz_0_2
    BUFGCTRL_X0Y1        BUFG (Prop_bufg_I_O)         0.091    41.182 r  cb_i/clk_wiz_0/inst/clkout2_buf/O
                         net (fo=16, routed)          1.482    42.664    cb_i/vdp_native_slave_0/inst/clk
    SLICE_X43Y94         FDPE                                         r  cb_i/vdp_native_slave_0/inst/reg_color_reg[7]/C
                         clock pessimism              0.115    42.779    
                         clock uncertainty           -0.290    42.489    
    SLICE_X43Y94         FDPE (Setup_fdpe_C_CE)      -0.413    42.076    cb_i/vdp_native_slave_0/inst/reg_color_reg[7]
  -------------------------------------------------------------------
                         required time                         42.076    
                         arrival time                         -37.164    
  -------------------------------------------------------------------
                         slack                                  4.912    

Slack (MET) :             4.926ns  (required time - arrival time)
  Source:                 cb_i/axi_gpio_1/U0/gpio_core_1/Not_Dual.gpio_Data_Out_reg[1]/C
                            (rising edge-triggered cell FDRE clocked by clk_fpga_0  {rise@0.000ns fall@5.000ns period=10.000ns})
  Destination:            cb_i/vdp_native_slave_0/inst/reg_color_reg[12]/CE
                            (rising edge-triggered cell FDPE clocked by clk_out2_cb_clk_wiz_0_2  {rise@0.000ns fall@20.000ns period=40.000ns})
  Path Group:             clk_out2_cb_clk_wiz_0_2
  Path Type:              Setup (Max at Slow Process Corner)
  Requirement:            10.000ns  (clk_out2_cb_clk_wiz_0_2 rise@40.000ns - clk_fpga_0 rise@30.000ns)
  Data Path Delay:        4.208ns  (logic 1.114ns (26.470%)  route 3.094ns (73.530%))
  Logic Levels:           3  (LUT3=1 LUT5=2)
  Clock Path Skew:        -0.167ns (DCD - SCD + CPR)
    Destination Clock Delay (DCD):    2.664ns = ( 42.664 - 40.000 ) 
    Source Clock Delay      (SCD):    2.946ns = ( 32.946 - 30.000 ) 
    Clock Pessimism Removal (CPR):    0.115ns
  Clock Uncertainty:      0.290ns  ((TSJ^2 + TIJ^2 + DJ^2)^1/2) / 2 + PE
    Total System Jitter     (TSJ):    0.071ns
    Total Input Jitter      (TIJ):    0.300ns
    Discrete Jitter          (DJ):    0.227ns
    Phase Error              (PE):    0.099ns

    Location             Delay type                Incr(ns)  Path(ns)    Netlist Resource(s)
  -------------------------------------------------------------------    -------------------
                         (clock clk_fpga_0 rise edge)
                                                     30.000    30.000 r  
    PS7_X0Y0             PS7                          0.000    30.000 r  cb_i/processing_system7_0/inst/PS7_i/FCLKCLK[0]
                         net (fo=1, routed)           1.193    31.193    cb_i/processing_system7_0/inst/FCLK_CLK_unbuffered[0]
    BUFGCTRL_X0Y16       BUFG (Prop_bufg_I_O)         0.101    31.294 r  cb_i/processing_system7_0/inst/buffer_fclk_clk_0.FCLK_CLK_0_BUFG/O
                         net (fo=1118, routed)        1.652    32.946    cb_i/axi_gpio_1/U0/gpio_core_1/s_axi_aclk
    SLICE_X36Y94         FDRE                                         r  cb_i/axi_gpio_1/U0/gpio_core_1/Not_Dual.gpio_Data_Out_reg[1]/C
  -------------------------------------------------------------------    -------------------
    SLICE_X36Y94         FDRE (Prop_fdre_C_Q)         0.518    33.464 f  cb_i/axi_gpio_1/U0/gpio_core_1/Not_Dual.gpio_Data_Out_reg[1]/Q
                         net (fo=2, routed)           1.010    34.474    cb_i/vdp_native_slave_0/inst/mem_addr[10]
    SLICE_X36Y93         LUT5 (Prop_lut5_I1_O)        0.124    34.598 f  cb_i/vdp_native_slave_0/inst/mem_rdata[23]_i_5/O
                         net (fo=2, routed)           0.852    35.450    cb_i/vdp_native_slave_0/inst/mem_rdata[23]_i_5_n_0
    SLICE_X36Y92         LUT5 (Prop_lut5_I2_O)        0.148    35.598 r  cb_i/vdp_native_slave_0/inst/mem_rdata[23]_i_3/O
                         net (fo=3, routed)           0.587    36.185    cb_i/vdp_native_slave_0/inst/mem_rdata[23]_i_3_n_0
    SLICE_X40Y91         LUT3 (Prop_lut3_I1_O)        0.324    36.509 r  cb_i/vdp_native_slave_0/inst/reg_color[15]_i_1/O
                         net (fo=4, routed)           0.645    37.154    cb_i/vdp_native_slave_0/inst/reg_color[15]_i_1_n_0
    SLICE_X39Y95         FDPE                                         r  cb_i/vdp_native_slave_0/inst/reg_color_reg[12]/CE
  -------------------------------------------------------------------    -------------------

                         (clock clk_out2_cb_clk_wiz_0_2 rise edge)
                                                     40.000    40.000 r  
    PS7_X0Y0             PS7                          0.000    40.000 r  cb_i/processing_system7_0/inst/PS7_i/FCLKCLK[0]
                         net (fo=1, routed)           1.088    41.088    cb_i/processing_system7_0/inst/FCLK_CLK_unbuffered[0]
    BUFGCTRL_X0Y16       BUFG (Prop_bufg_I_O)         0.091    41.179 r  cb_i/processing_system7_0/inst/buffer_fclk_clk_0.FCLK_CLK_0_BUFG/O
                         net (fo=1118, routed)        1.612    42.792    cb_i/clk_wiz_0/inst/clk_in1
    MMCME2_ADV_X1Y0      MMCME2_ADV (Prop_mmcme2_adv_CLKIN1_CLKOUT1)
                                                     -3.425    39.366 r  cb_i/clk_wiz_0/inst/mmcm_adv_inst/CLKOUT1
                         net (fo=1, routed)           1.725    41.091    cb_i/clk_wiz_0/inst/clk_out2_cb_clk_wiz_0_2
    BUFGCTRL_X0Y1        BUFG (Prop_bufg_I_O)         0.091    41.182 r  cb_i/clk_wiz_0/inst/clkout2_buf/O
                         net (fo=16, routed)          1.482    42.664    cb_i/vdp_native_slave_0/inst/clk
    SLICE_X39Y95         FDPE                                         r  cb_i/vdp_native_slave_0/inst/reg_color_reg[12]/C
                         clock pessimism              0.115    42.779    
                         clock uncertainty           -0.290    42.489    
    SLICE_X39Y95         FDPE (Setup_fdpe_C_CE)      -0.408    42.081    cb_i/vdp_native_slave_0/inst/reg_color_reg[12]
  -------------------------------------------------------------------
                         required time                         42.081    
                         arrival time                         -37.154    
  -------------------------------------------------------------------
                         slack                                  4.926    

Slack (MET) :             4.926ns  (required time - arrival time)
  Source:                 cb_i/axi_gpio_1/U0/gpio_core_1/Not_Dual.gpio_Data_Out_reg[1]/C
                            (rising edge-triggered cell FDRE clocked by clk_fpga_0  {rise@0.000ns fall@5.000ns period=10.000ns})
  Destination:            cb_i/vdp_native_slave_0/inst/reg_color_reg[13]/CE
                            (rising edge-triggered cell FDPE clocked by clk_out2_cb_clk_wiz_0_2  {rise@0.000ns fall@20.000ns period=40.000ns})
  Path Group:             clk_out2_cb_clk_wiz_0_2
  Path Type:              Setup (Max at Slow Process Corner)
  Requirement:            10.000ns  (clk_out2_cb_clk_wiz_0_2 rise@40.000ns - clk_fpga_0 rise@30.000ns)
  Data Path Delay:        4.208ns  (logic 1.114ns (26.470%)  route 3.094ns (73.530%))
  Logic Levels:           3  (LUT3=1 LUT5=2)
  Clock Path Skew:        -0.167ns (DCD - SCD + CPR)
    Destination Clock Delay (DCD):    2.664ns = ( 42.664 - 40.000 ) 
    Source Clock Delay      (SCD):    2.946ns = ( 32.946 - 30.000 ) 
    Clock Pessimism Removal (CPR):    0.115ns
  Clock Uncertainty:      0.290ns  ((TSJ^2 + TIJ^2 + DJ^2)^1/2) / 2 + PE
    Total System Jitter     (TSJ):    0.071ns
    Total Input Jitter      (TIJ):    0.300ns
    Discrete Jitter          (DJ):    0.227ns
    Phase Error              (PE):    0.099ns

    Location             Delay type                Incr(ns)  Path(ns)    Netlist Resource(s)
  -------------------------------------------------------------------    -------------------
                         (clock clk_fpga_0 rise edge)
                                                     30.000    30.000 r  
    PS7_X0Y0             PS7                          0.000    30.000 r  cb_i/processing_system7_0/inst/PS7_i/FCLKCLK[0]
                         net (fo=1, routed)           1.193    31.193    cb_i/processing_system7_0/inst/FCLK_CLK_unbuffered[0]
    BUFGCTRL_X0Y16       BUFG (Prop_bufg_I_O)         0.101    31.294 r  cb_i/processing_system7_0/inst/buffer_fclk_clk_0.FCLK_CLK_0_BUFG/O
                         net (fo=1118, routed)        1.652    32.946    cb_i/axi_gpio_1/U0/gpio_core_1/s_axi_aclk
    SLICE_X36Y94         FDRE                                         r  cb_i/axi_gpio_1/U0/gpio_core_1/Not_Dual.gpio_Data_Out_reg[1]/C
  -------------------------------------------------------------------    -------------------
    SLICE_X36Y94         FDRE (Prop_fdre_C_Q)         0.518    33.464 f  cb_i/axi_gpio_1/U0/gpio_core_1/Not_Dual.gpio_Data_Out_reg[1]/Q
                         net (fo=2, routed)           1.010    34.474    cb_i/vdp_native_slave_0/inst/mem_addr[10]
    SLICE_X36Y93         LUT5 (Prop_lut5_I1_O)        0.124    34.598 f  cb_i/vdp_native_slave_0/inst/mem_rdata[23]_i_5/O
                         net (fo=2, routed)           0.852    35.450    cb_i/vdp_native_slave_0/inst/mem_rdata[23]_i_5_n_0
    SLICE_X36Y92         LUT5 (Prop_lut5_I2_O)        0.148    35.598 r  cb_i/vdp_native_slave_0/inst/mem_rdata[23]_i_3/O
                         net (fo=3, routed)           0.587    36.185    cb_i/vdp_native_slave_0/inst/mem_rdata[23]_i_3_n_0
    SLICE_X40Y91         LUT3 (Prop_lut3_I1_O)        0.324    36.509 r  cb_i/vdp_native_slave_0/inst/reg_color[15]_i_1/O
                         net (fo=4, routed)           0.645    37.154    cb_i/vdp_native_slave_0/inst/reg_color[15]_i_1_n_0
    SLICE_X39Y95         FDPE                                         r  cb_i/vdp_native_slave_0/inst/reg_color_reg[13]/CE
  -------------------------------------------------------------------    -------------------

                         (clock clk_out2_cb_clk_wiz_0_2 rise edge)
                                                     40.000    40.000 r  
    PS7_X0Y0             PS7                          0.000    40.000 r  cb_i/processing_system7_0/inst/PS7_i/FCLKCLK[0]
                         net (fo=1, routed)           1.088    41.088    cb_i/processing_system7_0/inst/FCLK_CLK_unbuffered[0]
    BUFGCTRL_X0Y16       BUFG (Prop_bufg_I_O)         0.091    41.179 r  cb_i/processing_system7_0/inst/buffer_fclk_clk_0.FCLK_CLK_0_BUFG/O
                         net (fo=1118, routed)        1.612    42.792    cb_i/clk_wiz_0/inst/clk_in1
    MMCME2_ADV_X1Y0      MMCME2_ADV (Prop_mmcme2_adv_CLKIN1_CLKOUT1)
                                                     -3.425    39.366 r  cb_i/clk_wiz_0/inst/mmcm_adv_inst/CLKOUT1
                         net (fo=1, routed)           1.725    41.091    cb_i/clk_wiz_0/inst/clk_out2_cb_clk_wiz_0_2
    BUFGCTRL_X0Y1        BUFG (Prop_bufg_I_O)         0.091    41.182 r  cb_i/clk_wiz_0/inst/clkout2_buf/O
                         net (fo=16, routed)          1.482    42.664    cb_i/vdp_native_slave_0/inst/clk
    SLICE_X39Y95         FDPE                                         r  cb_i/vdp_native_slave_0/inst/reg_color_reg[13]/C
                         clock pessimism              0.115    42.779    
                         clock uncertainty           -0.290    42.489    
    SLICE_X39Y95         FDPE (Setup_fdpe_C_CE)      -0.408    42.081    cb_i/vdp_native_slave_0/inst/reg_color_reg[13]
  -------------------------------------------------------------------
                         required time                         42.081    
                         arrival time                         -37.154    
  -------------------------------------------------------------------
                         slack                                  4.926    

Slack (MET) :             4.926ns  (required time - arrival time)
  Source:                 cb_i/axi_gpio_1/U0/gpio_core_1/Not_Dual.gpio_Data_Out_reg[1]/C
                            (rising edge-triggered cell FDRE clocked by clk_fpga_0  {rise@0.000ns fall@5.000ns period=10.000ns})
  Destination:            cb_i/vdp_native_slave_0/inst/reg_color_reg[14]/CE
                            (rising edge-triggered cell FDPE clocked by clk_out2_cb_clk_wiz_0_2  {rise@0.000ns fall@20.000ns period=40.000ns})
  Path Group:             clk_out2_cb_clk_wiz_0_2
  Path Type:              Setup (Max at Slow Process Corner)
  Requirement:            10.000ns  (clk_out2_cb_clk_wiz_0_2 rise@40.000ns - clk_fpga_0 rise@30.000ns)
  Data Path Delay:        4.208ns  (logic 1.114ns (26.470%)  route 3.094ns (73.530%))
  Logic Levels:           3  (LUT3=1 LUT5=2)
  Clock Path Skew:        -0.167ns (DCD - SCD + CPR)
    Destination Clock Delay (DCD):    2.664ns = ( 42.664 - 40.000 ) 
    Source Clock Delay      (SCD):    2.946ns = ( 32.946 - 30.000 ) 
    Clock Pessimism Removal (CPR):    0.115ns
  Clock Uncertainty:      0.290ns  ((TSJ^2 + TIJ^2 + DJ^2)^1/2) / 2 + PE
    Total System Jitter     (TSJ):    0.071ns
    Total Input Jitter      (TIJ):    0.300ns
    Discrete Jitter          (DJ):    0.227ns
    Phase Error              (PE):    0.099ns

    Location             Delay type                Incr(ns)  Path(ns)    Netlist Resource(s)
  -------------------------------------------------------------------    -------------------
                         (clock clk_fpga_0 rise edge)
                                                     30.000    30.000 r  
    PS7_X0Y0             PS7                          0.000    30.000 r  cb_i/processing_system7_0/inst/PS7_i/FCLKCLK[0]
                         net (fo=1, routed)           1.193    31.193    cb_i/processing_system7_0/inst/FCLK_CLK_unbuffered[0]
    BUFGCTRL_X0Y16       BUFG (Prop_bufg_I_O)         0.101    31.294 r  cb_i/processing_system7_0/inst/buffer_fclk_clk_0.FCLK_CLK_0_BUFG/O
                         net (fo=1118, routed)        1.652    32.946    cb_i/axi_gpio_1/U0/gpio_core_1/s_axi_aclk
    SLICE_X36Y94         FDRE                                         r  cb_i/axi_gpio_1/U0/gpio_core_1/Not_Dual.gpio_Data_Out_reg[1]/C
  -------------------------------------------------------------------    -------------------
    SLICE_X36Y94         FDRE (Prop_fdre_C_Q)         0.518    33.464 f  cb_i/axi_gpio_1/U0/gpio_core_1/Not_Dual.gpio_Data_Out_reg[1]/Q
                         net (fo=2, routed)           1.010    34.474    cb_i/vdp_native_slave_0/inst/mem_addr[10]
    SLICE_X36Y93         LUT5 (Prop_lut5_I1_O)        0.124    34.598 f  cb_i/vdp_native_slave_0/inst/mem_rdata[23]_i_5/O
                         net (fo=2, routed)           0.852    35.450    cb_i/vdp_native_slave_0/inst/mem_rdata[23]_i_5_n_0
    SLICE_X36Y92         LUT5 (Prop_lut5_I2_O)        0.148    35.598 r  cb_i/vdp_native_slave_0/inst/mem_rdata[23]_i_3/O
                         net (fo=3, routed)           0.587    36.185    cb_i/vdp_native_slave_0/inst/mem_rdata[23]_i_3_n_0
    SLICE_X40Y91         LUT3 (Prop_lut3_I1_O)        0.324    36.509 r  cb_i/vdp_native_slave_0/inst/reg_color[15]_i_1/O
                         net (fo=4, routed)           0.645    37.154    cb_i/vdp_native_slave_0/inst/reg_color[15]_i_1_n_0
    SLICE_X39Y95         FDPE                                         r  cb_i/vdp_native_slave_0/inst/reg_color_reg[14]/CE
  -------------------------------------------------------------------    -------------------

                         (clock clk_out2_cb_clk_wiz_0_2 rise edge)
                                                     40.000    40.000 r  
    PS7_X0Y0             PS7                          0.000    40.000 r  cb_i/processing_system7_0/inst/PS7_i/FCLKCLK[0]
                         net (fo=1, routed)           1.088    41.088    cb_i/processing_system7_0/inst/FCLK_CLK_unbuffered[0]
    BUFGCTRL_X0Y16       BUFG (Prop_bufg_I_O)         0.091    41.179 r  cb_i/processing_system7_0/inst/buffer_fclk_clk_0.FCLK_CLK_0_BUFG/O
                         net (fo=1118, routed)        1.612    42.792    cb_i/clk_wiz_0/inst/clk_in1
    MMCME2_ADV_X1Y0      MMCME2_ADV (Prop_mmcme2_adv_CLKIN1_CLKOUT1)
                                                     -3.425    39.366 r  cb_i/clk_wiz_0/inst/mmcm_adv_inst/CLKOUT1
                         net (fo=1, routed)           1.725    41.091    cb_i/clk_wiz_0/inst/clk_out2_cb_clk_wiz_0_2
    BUFGCTRL_X0Y1        BUFG (Prop_bufg_I_O)         0.091    41.182 r  cb_i/clk_wiz_0/inst/clkout2_buf/O
                         net (fo=16, routed)          1.482    42.664    cb_i/vdp_native_slave_0/inst/clk
    SLICE_X39Y95         FDPE                                         r  cb_i/vdp_native_slave_0/inst/reg_color_reg[14]/C
                         clock pessimism              0.115    42.779    
                         clock uncertainty           -0.290    42.489    
    SLICE_X39Y95         FDPE (Setup_fdpe_C_CE)      -0.408    42.081    cb_i/vdp_native_slave_0/inst/reg_color_reg[14]
  -------------------------------------------------------------------
                         required time                         42.081    
                         arrival time                         -37.154    
  -------------------------------------------------------------------
                         slack                                  4.926    

Slack (MET) :             4.998ns  (required time - arrival time)
  Source:                 cb_i/axi_gpio_1/U0/gpio_core_1/Not_Dual.gpio_Data_Out_reg[1]/C
                            (rising edge-triggered cell FDRE clocked by clk_fpga_0  {rise@0.000ns fall@5.000ns period=10.000ns})
  Destination:            cb_i/vdp_native_slave_0/inst/reg_color_reg[20]/CE
                            (rising edge-triggered cell FDPE clocked by clk_out2_cb_clk_wiz_0_2  {rise@0.000ns fall@20.000ns period=40.000ns})
  Path Group:             clk_out2_cb_clk_wiz_0_2
  Path Type:              Setup (Max at Slow Process Corner)
  Requirement:            10.000ns  (clk_out2_cb_clk_wiz_0_2 rise@40.000ns - clk_fpga_0 rise@30.000ns)
  Data Path Delay:        4.340ns  (logic 1.118ns (25.759%)  route 3.222ns (74.241%))
  Logic Levels:           3  (LUT3=1 LUT5=2)
  Clock Path Skew:        -0.167ns (DCD - SCD + CPR)
    Destination Clock Delay (DCD):    2.664ns = ( 42.664 - 40.000 ) 
    Source Clock Delay      (SCD):    2.946ns = ( 32.946 - 30.000 ) 
    Clock Pessimism Removal (CPR):    0.115ns
  Clock Uncertainty:      0.290ns  ((TSJ^2 + TIJ^2 + DJ^2)^1/2) / 2 + PE
    Total System Jitter     (TSJ):    0.071ns
    Total Input Jitter      (TIJ):    0.300ns
    Discrete Jitter          (DJ):    0.227ns
    Phase Error              (PE):    0.099ns

    Location             Delay type                Incr(ns)  Path(ns)    Netlist Resource(s)
  -------------------------------------------------------------------    -------------------
                         (clock clk_fpga_0 rise edge)
                                                     30.000    30.000 r  
    PS7_X0Y0             PS7                          0.000    30.000 r  cb_i/processing_system7_0/inst/PS7_i/FCLKCLK[0]
                         net (fo=1, routed)           1.193    31.193    cb_i/processing_system7_0/inst/FCLK_CLK_unbuffered[0]
    BUFGCTRL_X0Y16       BUFG (Prop_bufg_I_O)         0.101    31.294 r  cb_i/processing_system7_0/inst/buffer_fclk_clk_0.FCLK_CLK_0_BUFG/O
                         net (fo=1118, routed)        1.652    32.946    cb_i/axi_gpio_1/U0/gpio_core_1/s_axi_aclk
    SLICE_X36Y94         FDRE                                         r  cb_i/axi_gpio_1/U0/gpio_core_1/Not_Dual.gpio_Data_Out_reg[1]/C
  -------------------------------------------------------------------    -------------------
    SLICE_X36Y94         FDRE (Prop_fdre_C_Q)         0.518    33.464 f  cb_i/axi_gpio_1/U0/gpio_core_1/Not_Dual.gpio_Data_Out_reg[1]/Q
                         net (fo=2, routed)           1.010    34.474    cb_i/vdp_native_slave_0/inst/mem_addr[10]
    SLICE_X36Y93         LUT5 (Prop_lut5_I1_O)        0.124    34.598 f  cb_i/vdp_native_slave_0/inst/mem_rdata[23]_i_5/O
                         net (fo=2, routed)           0.852    35.450    cb_i/vdp_native_slave_0/inst/mem_rdata[23]_i_5_n_0
    SLICE_X36Y92         LUT5 (Prop_lut5_I2_O)        0.148    35.598 r  cb_i/vdp_native_slave_0/inst/mem_rdata[23]_i_3/O
                         net (fo=3, routed)           0.723    36.321    cb_i/vdp_native_slave_0/inst/mem_rdata[23]_i_3_n_0
    SLICE_X40Y92         LUT3 (Prop_lut3_I1_O)        0.328    36.649 r  cb_i/vdp_native_slave_0/inst/reg_color[23]_i_1/O
                         net (fo=4, routed)           0.637    37.286    cb_i/vdp_native_slave_0/inst/reg_color[23]_i_1_n_0
    SLICE_X39Y96         FDPE                                         r  cb_i/vdp_native_slave_0/inst/reg_color_reg[20]/CE
  -------------------------------------------------------------------    -------------------

                         (clock clk_out2_cb_clk_wiz_0_2 rise edge)
                                                     40.000    40.000 r  
    PS7_X0Y0             PS7                          0.000    40.000 r  cb_i/processing_system7_0/inst/PS7_i/FCLKCLK[0]
                         net (fo=1, routed)           1.088    41.088    cb_i/processing_system7_0/inst/FCLK_CLK_unbuffered[0]
    BUFGCTRL_X0Y16       BUFG (Prop_bufg_I_O)         0.091    41.179 r  cb_i/processing_system7_0/inst/buffer_fclk_clk_0.FCLK_CLK_0_BUFG/O
                         net (fo=1118, routed)        1.612    42.792    cb_i/clk_wiz_0/inst/clk_in1
    MMCME2_ADV_X1Y0      MMCME2_ADV (Prop_mmcme2_adv_CLKIN1_CLKOUT1)
                                                     -3.425    39.366 r  cb_i/clk_wiz_0/inst/mmcm_adv_inst/CLKOUT1
                         net (fo=1, routed)           1.725    41.091    cb_i/clk_wiz_0/inst/clk_out2_cb_clk_wiz_0_2
    BUFGCTRL_X0Y1        BUFG (Prop_bufg_I_O)         0.091    41.182 r  cb_i/clk_wiz_0/inst/clkout2_buf/O
                         net (fo=16, routed)          1.482    42.664    cb_i/vdp_native_slave_0/inst/clk
    SLICE_X39Y96         FDPE                                         r  cb_i/vdp_native_slave_0/inst/reg_color_reg[20]/C
                         clock pessimism              0.115    42.779    
                         clock uncertainty           -0.290    42.489    
    SLICE_X39Y96         FDPE (Setup_fdpe_C_CE)      -0.205    42.284    cb_i/vdp_native_slave_0/inst/reg_color_reg[20]
  -------------------------------------------------------------------
                         required time                         42.284    
                         arrival time                         -37.286    
  -------------------------------------------------------------------
                         slack                                  4.998    

Slack (MET) :             4.998ns  (required time - arrival time)
  Source:                 cb_i/axi_gpio_1/U0/gpio_core_1/Not_Dual.gpio_Data_Out_reg[1]/C
                            (rising edge-triggered cell FDRE clocked by clk_fpga_0  {rise@0.000ns fall@5.000ns period=10.000ns})
  Destination:            cb_i/vdp_native_slave_0/inst/reg_color_reg[21]/CE
                            (rising edge-triggered cell FDPE clocked by clk_out2_cb_clk_wiz_0_2  {rise@0.000ns fall@20.000ns period=40.000ns})
  Path Group:             clk_out2_cb_clk_wiz_0_2
  Path Type:              Setup (Max at Slow Process Corner)
  Requirement:            10.000ns  (clk_out2_cb_clk_wiz_0_2 rise@40.000ns - clk_fpga_0 rise@30.000ns)
  Data Path Delay:        4.340ns  (logic 1.118ns (25.759%)  route 3.222ns (74.241%))
  Logic Levels:           3  (LUT3=1 LUT5=2)
  Clock Path Skew:        -0.167ns (DCD - SCD + CPR)
    Destination Clock Delay (DCD):    2.664ns = ( 42.664 - 40.000 ) 
    Source Clock Delay      (SCD):    2.946ns = ( 32.946 - 30.000 ) 
    Clock Pessimism Removal (CPR):    0.115ns
  Clock Uncertainty:      0.290ns  ((TSJ^2 + TIJ^2 + DJ^2)^1/2) / 2 + PE
    Total System Jitter     (TSJ):    0.071ns
    Total Input Jitter      (TIJ):    0.300ns
    Discrete Jitter          (DJ):    0.227ns
    Phase Error              (PE):    0.099ns

    Location             Delay type                Incr(ns)  Path(ns)    Netlist Resource(s)
  -------------------------------------------------------------------    -------------------
                         (clock clk_fpga_0 rise edge)
                                                     30.000    30.000 r  
    PS7_X0Y0             PS7                          0.000    30.000 r  cb_i/processing_system7_0/inst/PS7_i/FCLKCLK[0]
                         net (fo=1, routed)           1.193    31.193    cb_i/processing_system7_0/inst/FCLK_CLK_unbuffered[0]
    BUFGCTRL_X0Y16       BUFG (Prop_bufg_I_O)         0.101    31.294 r  cb_i/processing_system7_0/inst/buffer_fclk_clk_0.FCLK_CLK_0_BUFG/O
                         net (fo=1118, routed)        1.652    32.946    cb_i/axi_gpio_1/U0/gpio_core_1/s_axi_aclk
    SLICE_X36Y94         FDRE                                         r  cb_i/axi_gpio_1/U0/gpio_core_1/Not_Dual.gpio_Data_Out_reg[1]/C
  -------------------------------------------------------------------    -------------------
    SLICE_X36Y94         FDRE (Prop_fdre_C_Q)         0.518    33.464 f  cb_i/axi_gpio_1/U0/gpio_core_1/Not_Dual.gpio_Data_Out_reg[1]/Q
                         net (fo=2, routed)           1.010    34.474    cb_i/vdp_native_slave_0/inst/mem_addr[10]
    SLICE_X36Y93         LUT5 (Prop_lut5_I1_O)        0.124    34.598 f  cb_i/vdp_native_slave_0/inst/mem_rdata[23]_i_5/O
                         net (fo=2, routed)           0.852    35.450    cb_i/vdp_native_slave_0/inst/mem_rdata[23]_i_5_n_0
    SLICE_X36Y92         LUT5 (Prop_lut5_I2_O)        0.148    35.598 r  cb_i/vdp_native_slave_0/inst/mem_rdata[23]_i_3/O
                         net (fo=3, routed)           0.723    36.321    cb_i/vdp_native_slave_0/inst/mem_rdata[23]_i_3_n_0
    SLICE_X40Y92         LUT3 (Prop_lut3_I1_O)        0.328    36.649 r  cb_i/vdp_native_slave_0/inst/reg_color[23]_i_1/O
                         net (fo=4, routed)           0.637    37.286    cb_i/vdp_native_slave_0/inst/reg_color[23]_i_1_n_0
    SLICE_X39Y96         FDPE                                         r  cb_i/vdp_native_slave_0/inst/reg_color_reg[21]/CE
  -------------------------------------------------------------------    -------------------

                         (clock clk_out2_cb_clk_wiz_0_2 rise edge)
                                                     40.000    40.000 r  
    PS7_X0Y0             PS7                          0.000    40.000 r  cb_i/processing_system7_0/inst/PS7_i/FCLKCLK[0]
                         net (fo=1, routed)           1.088    41.088    cb_i/processing_system7_0/inst/FCLK_CLK_unbuffered[0]
    BUFGCTRL_X0Y16       BUFG (Prop_bufg_I_O)         0.091    41.179 r  cb_i/processing_system7_0/inst/buffer_fclk_clk_0.FCLK_CLK_0_BUFG/O
                         net (fo=1118, routed)        1.612    42.792    cb_i/clk_wiz_0/inst/clk_in1
    MMCME2_ADV_X1Y0      MMCME2_ADV (Prop_mmcme2_adv_CLKIN1_CLKOUT1)
                                                     -3.425    39.366 r  cb_i/clk_wiz_0/inst/mmcm_adv_inst/CLKOUT1
                         net (fo=1, routed)           1.725    41.091    cb_i/clk_wiz_0/inst/clk_out2_cb_clk_wiz_0_2
    BUFGCTRL_X0Y1        BUFG (Prop_bufg_I_O)         0.091    41.182 r  cb_i/clk_wiz_0/inst/clkout2_buf/O
                         net (fo=16, routed)          1.482    42.664    cb_i/vdp_native_slave_0/inst/clk
    SLICE_X39Y96         FDPE                                         r  cb_i/vdp_native_slave_0/inst/reg_color_reg[21]/C
                         clock pessimism              0.115    42.779    
                         clock uncertainty           -0.290    42.489    
    SLICE_X39Y96         FDPE (Setup_fdpe_C_CE)      -0.205    42.284    cb_i/vdp_native_slave_0/inst/reg_color_reg[21]
  -------------------------------------------------------------------
                         required time                         42.284    
                         arrival time                         -37.286    
  -------------------------------------------------------------------
                         slack                                  4.998    





Min Delay Paths
--------------------------------------------------------------------------------------
Slack (MET) :             0.138ns  (arrival time - required time)
  Source:                 cb_i/axi_gpio_0/U0/gpio_core_1/Not_Dual.gpio_Data_Out_reg[30]/C
                            (rising edge-triggered cell FDRE clocked by clk_fpga_0  {rise@0.000ns fall@5.000ns period=10.000ns})
  Destination:            cb_i/vdp_native_slave_0/inst/reg_pattern_mode_reg/D
                            (rising edge-triggered cell FDCE clocked by clk_out2_cb_clk_wiz_0_2  {rise@0.000ns fall@20.000ns period=40.000ns})
  Path Group:             clk_out2_cb_clk_wiz_0_2
  Path Type:              Hold (Min at Fast Process Corner)
  Requirement:            0.000ns  (clk_out2_cb_clk_wiz_0_2 rise@0.000ns - clk_fpga_0 rise@0.000ns)
  Data Path Delay:        0.821ns  (logic 0.246ns (29.950%)  route 0.575ns (70.050%))
  Logic Levels:           1  (LUT6=1)
  Clock Path Skew:        0.272ns (DCD - SCD - CPR)
    Destination Clock Delay (DCD):    1.194ns
    Source Clock Delay      (SCD):    0.892ns
    Clock Pessimism Removal (CPR):    0.030ns
  Clock Uncertainty:      0.290ns  ((TSJ^2 + TIJ^2 + DJ^2)^1/2) / 2 + PE
    Total System Jitter     (TSJ):    0.071ns
    Total Input Jitter      (TIJ):    0.300ns
    Discrete Jitter          (DJ):    0.227ns
    Phase Error              (PE):    0.099ns

    Location             Delay type                Incr(ns)  Path(ns)    Netlist Resource(s)
  -------------------------------------------------------------------    -------------------
                         (clock clk_fpga_0 rise edge)
                                                      0.000     0.000 r  
    PS7_X0Y0             PS7                          0.000     0.000 r  cb_i/processing_system7_0/inst/PS7_i/FCLKCLK[0]
                         net (fo=1, routed)           0.310     0.310    cb_i/processing_system7_0/inst/FCLK_CLK_unbuffered[0]
    BUFGCTRL_X0Y16       BUFG (Prop_bufg_I_O)         0.026     0.336 r  cb_i/processing_system7_0/inst/buffer_fclk_clk_0.FCLK_CLK_0_BUFG/O
                         net (fo=1118, routed)        0.556     0.892    cb_i/axi_gpio_0/U0/gpio_core_1/s_axi_aclk
    SLICE_X38Y94         FDRE                                         r  cb_i/axi_gpio_0/U0/gpio_core_1/Not_Dual.gpio_Data_Out_reg[30]/C
  -------------------------------------------------------------------    -------------------
    SLICE_X38Y94         FDRE (Prop_fdre_C_Q)         0.148     1.040 r  cb_i/axi_gpio_0/U0/gpio_core_1/Not_Dual.gpio_Data_Out_reg[30]/Q
                         net (fo=2, routed)           0.575     1.615    cb_i/vdp_native_slave_0/inst/mem_wdata[1]
    SLICE_X42Y93         LUT6 (Prop_lut6_I0_O)        0.098     1.713 r  cb_i/vdp_native_slave_0/inst/reg_pattern_mode_i_1/O
                         net (fo=1, routed)           0.000     1.713    cb_i/vdp_native_slave_0/inst/reg_pattern_mode_i_1_n_0
    SLICE_X42Y93         FDCE                                         r  cb_i/vdp_native_slave_0/inst/reg_pattern_mode_reg/D
  -------------------------------------------------------------------    -------------------

                         (clock clk_out2_cb_clk_wiz_0_2 rise edge)
                                                      0.000     0.000 r  
    PS7_X0Y0             PS7                          0.000     0.000 r  cb_i/processing_system7_0/inst/PS7_i/FCLKCLK[0]
                         net (fo=1, routed)           0.337     0.337    cb_i/processing_system7_0/inst/FCLK_CLK_unbuffered[0]
    BUFGCTRL_X0Y16       BUFG (Prop_bufg_I_O)         0.029     0.366 r  cb_i/processing_system7_0/inst/buffer_fclk_clk_0.FCLK_CLK_0_BUFG/O
                         net (fo=1118, routed)        0.864     1.230    cb_i/clk_wiz_0/inst/clk_in1
    MMCME2_ADV_X1Y0      MMCME2_ADV (Prop_mmcme2_adv_CLKIN1_CLKOUT1)
                                                     -1.467    -0.237 r  cb_i/clk_wiz_0/inst/mmcm_adv_inst/CLKOUT1
                         net (fo=1, routed)           0.576     0.339    cb_i/clk_wiz_0/inst/clk_out2_cb_clk_wiz_0_2
    BUFGCTRL_X0Y1        BUFG (Prop_bufg_I_O)         0.029     0.368 r  cb_i/clk_wiz_0/inst/clkout2_buf/O
                         net (fo=16, routed)          0.826     1.194    cb_i/vdp_native_slave_0/inst/clk
    SLICE_X42Y93         FDCE                                         r  cb_i/vdp_native_slave_0/inst/reg_pattern_mode_reg/C
                         clock pessimism             -0.030     1.164    
                         clock uncertainty            0.290     1.454    
    SLICE_X42Y93         FDCE (Hold_fdce_C_D)         0.121     1.575    cb_i/vdp_native_slave_0/inst/reg_pattern_mode_reg
  -------------------------------------------------------------------
                         required time                         -1.575    
                         arrival time                           1.713    
  -------------------------------------------------------------------
                         slack                                  0.138    

Slack (MET) :             0.177ns  (arrival time - required time)
  Source:                 cb_i/axi_gpio_0/U0/gpio_core_1/Not_Dual.gpio_Data_Out_reg[10]/C
                            (rising edge-triggered cell FDRE clocked by clk_fpga_0  {rise@0.000ns fall@5.000ns period=10.000ns})
  Destination:            cb_i/vdp_native_slave_0/inst/reg_color_reg[21]/D
                            (rising edge-triggered cell FDPE clocked by clk_out2_cb_clk_wiz_0_2  {rise@0.000ns fall@20.000ns period=40.000ns})
  Path Group:             clk_out2_cb_clk_wiz_0_2
  Path Type:              Hold (Min at Fast Process Corner)
  Requirement:            0.000ns  (clk_out2_cb_clk_wiz_0_2 rise@0.000ns - clk_fpga_0 rise@0.000ns)
  Data Path Delay:        0.806ns  (logic 0.141ns (17.504%)  route 0.665ns (82.496%))
  Logic Levels:           0  
  Clock Path Skew:        0.272ns (DCD - SCD - CPR)
    Destination Clock Delay (DCD):    1.194ns
    Source Clock Delay      (SCD):    0.892ns
    Clock Pessimism Removal (CPR):    0.030ns
  Clock Uncertainty:      0.290ns  ((TSJ^2 + TIJ^2 + DJ^2)^1/2) / 2 + PE
    Total System Jitter     (TSJ):    0.071ns
    Total Input Jitter      (TIJ):    0.300ns
    Discrete Jitter          (DJ):    0.227ns
    Phase Error              (PE):    0.099ns

    Location             Delay type                Incr(ns)  Path(ns)    Netlist Resource(s)
  -------------------------------------------------------------------    -------------------
                         (clock clk_fpga_0 rise edge)
                                                      0.000     0.000 r  
    PS7_X0Y0             PS7                          0.000     0.000 r  cb_i/processing_system7_0/inst/PS7_i/FCLKCLK[0]
                         net (fo=1, routed)           0.310     0.310    cb_i/processing_system7_0/inst/FCLK_CLK_unbuffered[0]
    BUFGCTRL_X0Y16       BUFG (Prop_bufg_I_O)         0.026     0.336 r  cb_i/processing_system7_0/inst/buffer_fclk_clk_0.FCLK_CLK_0_BUFG/O
                         net (fo=1118, routed)        0.556     0.892    cb_i/axi_gpio_0/U0/gpio_core_1/s_axi_aclk
    SLICE_X37Y96         FDRE                                         r  cb_i/axi_gpio_0/U0/gpio_core_1/Not_Dual.gpio_Data_Out_reg[10]/C
  -------------------------------------------------------------------    -------------------
    SLICE_X37Y96         FDRE (Prop_fdre_C_Q)         0.141     1.033 r  cb_i/axi_gpio_0/U0/gpio_core_1/Not_Dual.gpio_Data_Out_reg[10]/Q
                         net (fo=2, routed)           0.665     1.697    cb_i/vdp_native_slave_0/inst/mem_wdata[21]
    SLICE_X39Y96         FDPE                                         r  cb_i/vdp_native_slave_0/inst/reg_color_reg[21]/D
  -------------------------------------------------------------------    -------------------

                         (clock clk_out2_cb_clk_wiz_0_2 rise edge)
                                                      0.000     0.000 r  
    PS7_X0Y0             PS7                          0.000     0.000 r  cb_i/processing_system7_0/inst/PS7_i/FCLKCLK[0]
                         net (fo=1, routed)           0.337     0.337    cb_i/processing_system7_0/inst/FCLK_CLK_unbuffered[0]
    BUFGCTRL_X0Y16       BUFG (Prop_bufg_I_O)         0.029     0.366 r  cb_i/processing_system7_0/inst/buffer_fclk_clk_0.FCLK_CLK_0_BUFG/O
                         net (fo=1118, routed)        0.864     1.230    cb_i/clk_wiz_0/inst/clk_in1
    MMCME2_ADV_X1Y0      MMCME2_ADV (Prop_mmcme2_adv_CLKIN1_CLKOUT1)
                                                     -1.467    -0.237 r  cb_i/clk_wiz_0/inst/mmcm_adv_inst/CLKOUT1
                         net (fo=1, routed)           0.576     0.339    cb_i/clk_wiz_0/inst/clk_out2_cb_clk_wiz_0_2
    BUFGCTRL_X0Y1        BUFG (Prop_bufg_I_O)         0.029     0.368 r  cb_i/clk_wiz_0/inst/clkout2_buf/O
                         net (fo=16, routed)          0.826     1.194    cb_i/vdp_native_slave_0/inst/clk
    SLICE_X39Y96         FDPE                                         r  cb_i/vdp_native_slave_0/inst/reg_color_reg[21]/C
                         clock pessimism             -0.030     1.164    
                         clock uncertainty            0.290     1.454    
    SLICE_X39Y96         FDPE (Hold_fdpe_C_D)         0.066     1.520    cb_i/vdp_native_slave_0/inst/reg_color_reg[21]
  -------------------------------------------------------------------
                         required time                         -1.520    
                         arrival time                           1.697    
  -------------------------------------------------------------------
                         slack                                  0.177    

Slack (MET) :             0.178ns  (arrival time - required time)
  Source:                 cb_i/axi_gpio_0/U0/gpio_core_1/Not_Dual.gpio_Data_Out_reg[11]/C
                            (rising edge-triggered cell FDRE clocked by clk_fpga_0  {rise@0.000ns fall@5.000ns period=10.000ns})
  Destination:            cb_i/vdp_native_slave_0/inst/reg_color_reg[20]/D
                            (rising edge-triggered cell FDPE clocked by clk_out2_cb_clk_wiz_0_2  {rise@0.000ns fall@20.000ns period=40.000ns})
  Path Group:             clk_out2_cb_clk_wiz_0_2
  Path Type:              Hold (Min at Fast Process Corner)
  Requirement:            0.000ns  (clk_out2_cb_clk_wiz_0_2 rise@0.000ns - clk_fpga_0 rise@0.000ns)
  Data Path Delay:        0.810ns  (logic 0.141ns (17.414%)  route 0.669ns (82.586%))
  Logic Levels:           0  
  Clock Path Skew:        0.272ns (DCD - SCD - CPR)
    Destination Clock Delay (DCD):    1.194ns
    Source Clock Delay      (SCD):    0.892ns
    Clock Pessimism Removal (CPR):    0.030ns
  Clock Uncertainty:      0.290ns  ((TSJ^2 + TIJ^2 + DJ^2)^1/2) / 2 + PE
    Total System Jitter     (TSJ):    0.071ns
    Total Input Jitter      (TIJ):    0.300ns
    Discrete Jitter          (DJ):    0.227ns
    Phase Error              (PE):    0.099ns

    Location             Delay type                Incr(ns)  Path(ns)    Netlist Resource(s)
  -------------------------------------------------------------------    -------------------
                         (clock clk_fpga_0 rise edge)
                                                      0.000     0.000 r  
    PS7_X0Y0             PS7                          0.000     0.000 r  cb_i/processing_system7_0/inst/PS7_i/FCLKCLK[0]
                         net (fo=1, routed)           0.310     0.310    cb_i/processing_system7_0/inst/FCLK_CLK_unbuffered[0]
    BUFGCTRL_X0Y16       BUFG (Prop_bufg_I_O)         0.026     0.336 r  cb_i/processing_system7_0/inst/buffer_fclk_clk_0.FCLK_CLK_0_BUFG/O
                         net (fo=1118, routed)        0.556     0.892    cb_i/axi_gpio_0/U0/gpio_core_1/s_axi_aclk
    SLICE_X37Y96         FDRE                                         r  cb_i/axi_gpio_0/U0/gpio_core_1/Not_Dual.gpio_Data_Out_reg[11]/C
  -------------------------------------------------------------------    -------------------
    SLICE_X37Y96         FDRE (Prop_fdre_C_Q)         0.141     1.033 r  cb_i/axi_gpio_0/U0/gpio_core_1/Not_Dual.gpio_Data_Out_reg[11]/Q
                         net (fo=2, routed)           0.669     1.701    cb_i/vdp_native_slave_0/inst/mem_wdata[20]
    SLICE_X39Y96         FDPE                                         r  cb_i/vdp_native_slave_0/inst/reg_color_reg[20]/D
  -------------------------------------------------------------------    -------------------

                         (clock clk_out2_cb_clk_wiz_0_2 rise edge)
                                                      0.000     0.000 r  
    PS7_X0Y0             PS7                          0.000     0.000 r  cb_i/processing_system7_0/inst/PS7_i/FCLKCLK[0]
                         net (fo=1, routed)           0.337     0.337    cb_i/processing_system7_0/inst/FCLK_CLK_unbuffered[0]
    BUFGCTRL_X0Y16       BUFG (Prop_bufg_I_O)         0.029     0.366 r  cb_i/processing_system7_0/inst/buffer_fclk_clk_0.FCLK_CLK_0_BUFG/O
                         net (fo=1118, routed)        0.864     1.230    cb_i/clk_wiz_0/inst/clk_in1
    MMCME2_ADV_X1Y0      MMCME2_ADV (Prop_mmcme2_adv_CLKIN1_CLKOUT1)
                                                     -1.467    -0.237 r  cb_i/clk_wiz_0/inst/mmcm_adv_inst/CLKOUT1
                         net (fo=1, routed)           0.576     0.339    cb_i/clk_wiz_0/inst/clk_out2_cb_clk_wiz_0_2
    BUFGCTRL_X0Y1        BUFG (Prop_bufg_I_O)         0.029     0.368 r  cb_i/clk_wiz_0/inst/clkout2_buf/O
                         net (fo=16, routed)          0.826     1.194    cb_i/vdp_native_slave_0/inst/clk
    SLICE_X39Y96         FDPE                                         r  cb_i/vdp_native_slave_0/inst/reg_color_reg[20]/C
                         clock pessimism             -0.030     1.164    
                         clock uncertainty            0.290     1.454    
    SLICE_X39Y96         FDPE (Hold_fdpe_C_D)         0.070     1.524    cb_i/vdp_native_slave_0/inst/reg_color_reg[20]
  -------------------------------------------------------------------
                         required time                         -1.524    
                         arrival time                           1.701    
  -------------------------------------------------------------------
                         slack                                  0.178    

Slack (MET) :             0.181ns  (arrival time - required time)
  Source:                 cb_i/axi_gpio_3/U0/gpio_core_1/Dual.gpio_Data_Out_reg[3]/C
                            (rising edge-triggered cell FDRE clocked by clk_fpga_0  {rise@0.000ns fall@5.000ns period=10.000ns})
  Destination:            cb_i/vdp_native_slave_0/inst/reg_color_reg[4]/CE
                            (rising edge-triggered cell FDPE clocked by clk_out2_cb_clk_wiz_0_2  {rise@0.000ns fall@20.000ns period=40.000ns})
  Path Group:             clk_out2_cb_clk_wiz_0_2
  Path Type:              Hold (Min at Fast Process Corner)
  Requirement:            0.000ns  (clk_out2_cb_clk_wiz_0_2 rise@0.000ns - clk_fpga_0 rise@0.000ns)
  Data Path Delay:        0.638ns  (logic 0.184ns (28.826%)  route 0.454ns (71.174%))
  Logic Levels:           1  (LUT3=1)
  Clock Path Skew:        0.273ns (DCD - SCD - CPR)
    Destination Clock Delay (DCD):    1.194ns
    Source Clock Delay      (SCD):    0.891ns
    Clock Pessimism Removal (CPR):    0.030ns
  Clock Uncertainty:      0.290ns  ((TSJ^2 + TIJ^2 + DJ^2)^1/2) / 2 + PE
    Total System Jitter     (TSJ):    0.071ns
    Total Input Jitter      (TIJ):    0.300ns
    Discrete Jitter          (DJ):    0.227ns
    Phase Error              (PE):    0.099ns

    Location             Delay type                Incr(ns)  Path(ns)    Netlist Resource(s)
  -------------------------------------------------------------------    -------------------
                         (clock clk_fpga_0 rise edge)
                                                      0.000     0.000 r  
    PS7_X0Y0             PS7                          0.000     0.000 r  cb_i/processing_system7_0/inst/PS7_i/FCLKCLK[0]
                         net (fo=1, routed)           0.310     0.310    cb_i/processing_system7_0/inst/FCLK_CLK_unbuffered[0]
    BUFGCTRL_X0Y16       BUFG (Prop_bufg_I_O)         0.026     0.336 r  cb_i/processing_system7_0/inst/buffer_fclk_clk_0.FCLK_CLK_0_BUFG/O
                         net (fo=1118, routed)        0.555     0.891    cb_i/axi_gpio_3/U0/gpio_core_1/s_axi_aclk
    SLICE_X40Y91         FDRE                                         r  cb_i/axi_gpio_3/U0/gpio_core_1/Dual.gpio_Data_Out_reg[3]/C
  -------------------------------------------------------------------    -------------------
    SLICE_X40Y91         FDRE (Prop_fdre_C_Q)         0.141     1.032 r  cb_i/axi_gpio_3/U0/gpio_core_1/Dual.gpio_Data_Out_reg[3]/Q
                         net (fo=5, routed)           0.292     1.323    cb_i/vdp_native_slave_0/inst/mem_wstrb[0]
    SLICE_X40Y92         LUT3 (Prop_lut3_I2_O)        0.043     1.366 r  cb_i/vdp_native_slave_0/inst/reg_color[7]_i_1/O
                         net (fo=4, routed)           0.162     1.529    cb_i/vdp_native_slave_0/inst/reg_color[7]_i_1_n_0
    SLICE_X43Y94         FDPE                                         r  cb_i/vdp_native_slave_0/inst/reg_color_reg[4]/CE
  -------------------------------------------------------------------    -------------------

                         (clock clk_out2_cb_clk_wiz_0_2 rise edge)
                                                      0.000     0.000 r  
    PS7_X0Y0             PS7                          0.000     0.000 r  cb_i/processing_system7_0/inst/PS7_i/FCLKCLK[0]
                         net (fo=1, routed)           0.337     0.337    cb_i/processing_system7_0/inst/FCLK_CLK_unbuffered[0]
    BUFGCTRL_X0Y16       BUFG (Prop_bufg_I_O)         0.029     0.366 r  cb_i/processing_system7_0/inst/buffer_fclk_clk_0.FCLK_CLK_0_BUFG/O
                         net (fo=1118, routed)        0.864     1.230    cb_i/clk_wiz_0/inst/clk_in1
    MMCME2_ADV_X1Y0      MMCME2_ADV (Prop_mmcme2_adv_CLKIN1_CLKOUT1)
                                                     -1.467    -0.237 r  cb_i/clk_wiz_0/inst/mmcm_adv_inst/CLKOUT1
                         net (fo=1, routed)           0.576     0.339    cb_i/clk_wiz_0/inst/clk_out2_cb_clk_wiz_0_2
    BUFGCTRL_X0Y1        BUFG (Prop_bufg_I_O)         0.029     0.368 r  cb_i/clk_wiz_0/inst/clkout2_buf/O
                         net (fo=16, routed)          0.826     1.194    cb_i/vdp_native_slave_0/inst/clk
    SLICE_X43Y94         FDPE                                         r  cb_i/vdp_native_slave_0/inst/reg_color_reg[4]/C
                         clock pessimism             -0.030     1.164    
                         clock uncertainty            0.290     1.454    
    SLICE_X43Y94         FDPE (Hold_fdpe_C_CE)       -0.106     1.348    cb_i/vdp_native_slave_0/inst/reg_color_reg[4]
  -------------------------------------------------------------------
                         required time                         -1.348    
                         arrival time                           1.529    
  -------------------------------------------------------------------
                         slack                                  0.181    

Slack (MET) :             0.181ns  (arrival time - required time)
  Source:                 cb_i/axi_gpio_3/U0/gpio_core_1/Dual.gpio_Data_Out_reg[3]/C
                            (rising edge-triggered cell FDRE clocked by clk_fpga_0  {rise@0.000ns fall@5.000ns period=10.000ns})
  Destination:            cb_i/vdp_native_slave_0/inst/reg_color_reg[5]/CE
                            (rising edge-triggered cell FDPE clocked by clk_out2_cb_clk_wiz_0_2  {rise@0.000ns fall@20.000ns period=40.000ns})
  Path Group:             clk_out2_cb_clk_wiz_0_2
  Path Type:              Hold (Min at Fast Process Corner)
  Requirement:            0.000ns  (clk_out2_cb_clk_wiz_0_2 rise@0.000ns - clk_fpga_0 rise@0.000ns)
  Data Path Delay:        0.638ns  (logic 0.184ns (28.826%)  route 0.454ns (71.174%))
  Logic Levels:           1  (LUT3=1)
  Clock Path Skew:        0.273ns (DCD - SCD - CPR)
    Destination Clock Delay (DCD):    1.194ns
    Source Clock Delay      (SCD):    0.891ns
    Clock Pessimism Removal (CPR):    0.030ns
  Clock Uncertainty:      0.290ns  ((TSJ^2 + TIJ^2 + DJ^2)^1/2) / 2 + PE
    Total System Jitter     (TSJ):    0.071ns
    Total Input Jitter      (TIJ):    0.300ns
    Discrete Jitter          (DJ):    0.227ns
    Phase Error              (PE):    0.099ns

    Location             Delay type                Incr(ns)  Path(ns)    Netlist Resource(s)
  -------------------------------------------------------------------    -------------------
                         (clock clk_fpga_0 rise edge)
                                                      0.000     0.000 r  
    PS7_X0Y0             PS7                          0.000     0.000 r  cb_i/processing_system7_0/inst/PS7_i/FCLKCLK[0]
                         net (fo=1, routed)           0.310     0.310    cb_i/processing_system7_0/inst/FCLK_CLK_unbuffered[0]
    BUFGCTRL_X0Y16       BUFG (Prop_bufg_I_O)         0.026     0.336 r  cb_i/processing_system7_0/inst/buffer_fclk_clk_0.FCLK_CLK_0_BUFG/O
                         net (fo=1118, routed)        0.555     0.891    cb_i/axi_gpio_3/U0/gpio_core_1/s_axi_aclk
    SLICE_X40Y91         FDRE                                         r  cb_i/axi_gpio_3/U0/gpio_core_1/Dual.gpio_Data_Out_reg[3]/C
  -------------------------------------------------------------------    -------------------
    SLICE_X40Y91         FDRE (Prop_fdre_C_Q)         0.141     1.032 r  cb_i/axi_gpio_3/U0/gpio_core_1/Dual.gpio_Data_Out_reg[3]/Q
                         net (fo=5, routed)           0.292     1.323    cb_i/vdp_native_slave_0/inst/mem_wstrb[0]
    SLICE_X40Y92         LUT3 (Prop_lut3_I2_O)        0.043     1.366 r  cb_i/vdp_native_slave_0/inst/reg_color[7]_i_1/O
                         net (fo=4, routed)           0.162     1.529    cb_i/vdp_native_slave_0/inst/reg_color[7]_i_1_n_0
    SLICE_X43Y94         FDPE                                         r  cb_i/vdp_native_slave_0/inst/reg_color_reg[5]/CE
  -------------------------------------------------------------------    -------------------

                         (clock clk_out2_cb_clk_wiz_0_2 rise edge)
                                                      0.000     0.000 r  
    PS7_X0Y0             PS7                          0.000     0.000 r  cb_i/processing_system7_0/inst/PS7_i/FCLKCLK[0]
                         net (fo=1, routed)           0.337     0.337    cb_i/processing_system7_0/inst/FCLK_CLK_unbuffered[0]
    BUFGCTRL_X0Y16       BUFG (Prop_bufg_I_O)         0.029     0.366 r  cb_i/processing_system7_0/inst/buffer_fclk_clk_0.FCLK_CLK_0_BUFG/O
                         net (fo=1118, routed)        0.864     1.230    cb_i/clk_wiz_0/inst/clk_in1
    MMCME2_ADV_X1Y0      MMCME2_ADV (Prop_mmcme2_adv_CLKIN1_CLKOUT1)
                                                     -1.467    -0.237 r  cb_i/clk_wiz_0/inst/mmcm_adv_inst/CLKOUT1
                         net (fo=1, routed)           0.576     0.339    cb_i/clk_wiz_0/inst/clk_out2_cb_clk_wiz_0_2
    BUFGCTRL_X0Y1        BUFG (Prop_bufg_I_O)         0.029     0.368 r  cb_i/clk_wiz_0/inst/clkout2_buf/O
                         net (fo=16, routed)          0.826     1.194    cb_i/vdp_native_slave_0/inst/clk
    SLICE_X43Y94         FDPE                                         r  cb_i/vdp_native_slave_0/inst/reg_color_reg[5]/C
                         clock pessimism             -0.030     1.164    
                         clock uncertainty            0.290     1.454    
    SLICE_X43Y94         FDPE (Hold_fdpe_C_CE)       -0.106     1.348    cb_i/vdp_native_slave_0/inst/reg_color_reg[5]
  -------------------------------------------------------------------
                         required time                         -1.348    
                         arrival time                           1.529    
  -------------------------------------------------------------------
                         slack                                  0.181    

Slack (MET) :             0.181ns  (arrival time - required time)
  Source:                 cb_i/axi_gpio_3/U0/gpio_core_1/Dual.gpio_Data_Out_reg[3]/C
                            (rising edge-triggered cell FDRE clocked by clk_fpga_0  {rise@0.000ns fall@5.000ns period=10.000ns})
  Destination:            cb_i/vdp_native_slave_0/inst/reg_color_reg[6]/CE
                            (rising edge-triggered cell FDPE clocked by clk_out2_cb_clk_wiz_0_2  {rise@0.000ns fall@20.000ns period=40.000ns})
  Path Group:             clk_out2_cb_clk_wiz_0_2
  Path Type:              Hold (Min at Fast Process Corner)
  Requirement:            0.000ns  (clk_out2_cb_clk_wiz_0_2 rise@0.000ns - clk_fpga_0 rise@0.000ns)
  Data Path Delay:        0.638ns  (logic 0.184ns (28.826%)  route 0.454ns (71.174%))
  Logic Levels:           1  (LUT3=1)
  Clock Path Skew:        0.273ns (DCD - SCD - CPR)
    Destination Clock Delay (DCD):    1.194ns
    Source Clock Delay      (SCD):    0.891ns
    Clock Pessimism Removal (CPR):    0.030ns
  Clock Uncertainty:      0.290ns  ((TSJ^2 + TIJ^2 + DJ^2)^1/2) / 2 + PE
    Total System Jitter     (TSJ):    0.071ns
    Total Input Jitter      (TIJ):    0.300ns
    Discrete Jitter          (DJ):    0.227ns
    Phase Error              (PE):    0.099ns

    Location             Delay type                Incr(ns)  Path(ns)    Netlist Resource(s)
  -------------------------------------------------------------------    -------------------
                         (clock clk_fpga_0 rise edge)
                                                      0.000     0.000 r  
    PS7_X0Y0             PS7                          0.000     0.000 r  cb_i/processing_system7_0/inst/PS7_i/FCLKCLK[0]
                         net (fo=1, routed)           0.310     0.310    cb_i/processing_system7_0/inst/FCLK_CLK_unbuffered[0]
    BUFGCTRL_X0Y16       BUFG (Prop_bufg_I_O)         0.026     0.336 r  cb_i/processing_system7_0/inst/buffer_fclk_clk_0.FCLK_CLK_0_BUFG/O
                         net (fo=1118, routed)        0.555     0.891    cb_i/axi_gpio_3/U0/gpio_core_1/s_axi_aclk
    SLICE_X40Y91         FDRE                                         r  cb_i/axi_gpio_3/U0/gpio_core_1/Dual.gpio_Data_Out_reg[3]/C
  -------------------------------------------------------------------    -------------------
    SLICE_X40Y91         FDRE (Prop_fdre_C_Q)         0.141     1.032 r  cb_i/axi_gpio_3/U0/gpio_core_1/Dual.gpio_Data_Out_reg[3]/Q
                         net (fo=5, routed)           0.292     1.323    cb_i/vdp_native_slave_0/inst/mem_wstrb[0]
    SLICE_X40Y92         LUT3 (Prop_lut3_I2_O)        0.043     1.366 r  cb_i/vdp_native_slave_0/inst/reg_color[7]_i_1/O
                         net (fo=4, routed)           0.162     1.529    cb_i/vdp_native_slave_0/inst/reg_color[7]_i_1_n_0
    SLICE_X43Y94         FDPE                                         r  cb_i/vdp_native_slave_0/inst/reg_color_reg[6]/CE
  -------------------------------------------------------------------    -------------------

                         (clock clk_out2_cb_clk_wiz_0_2 rise edge)
                                                      0.000     0.000 r  
    PS7_X0Y0             PS7                          0.000     0.000 r  cb_i/processing_system7_0/inst/PS7_i/FCLKCLK[0]
                         net (fo=1, routed)           0.337     0.337    cb_i/processing_system7_0/inst/FCLK_CLK_unbuffered[0]
    BUFGCTRL_X0Y16       BUFG (Prop_bufg_I_O)         0.029     0.366 r  cb_i/processing_system7_0/inst/buffer_fclk_clk_0.FCLK_CLK_0_BUFG/O
                         net (fo=1118, routed)        0.864     1.230    cb_i/clk_wiz_0/inst/clk_in1
    MMCME2_ADV_X1Y0      MMCME2_ADV (Prop_mmcme2_adv_CLKIN1_CLKOUT1)
                                                     -1.467    -0.237 r  cb_i/clk_wiz_0/inst/mmcm_adv_inst/CLKOUT1
                         net (fo=1, routed)           0.576     0.339    cb_i/clk_wiz_0/inst/clk_out2_cb_clk_wiz_0_2
    BUFGCTRL_X0Y1        BUFG (Prop_bufg_I_O)         0.029     0.368 r  cb_i/clk_wiz_0/inst/clkout2_buf/O
                         net (fo=16, routed)          0.826     1.194    cb_i/vdp_native_slave_0/inst/clk
    SLICE_X43Y94         FDPE                                         r  cb_i/vdp_native_slave_0/inst/reg_color_reg[6]/C
                         clock pessimism             -0.030     1.164    
                         clock uncertainty            0.290     1.454    
    SLICE_X43Y94         FDPE (Hold_fdpe_C_CE)       -0.106     1.348    cb_i/vdp_native_slave_0/inst/reg_color_reg[6]
  -------------------------------------------------------------------
                         required time                         -1.348    
                         arrival time                           1.529    
  -------------------------------------------------------------------
                         slack                                  0.181    

Slack (MET) :             0.181ns  (arrival time - required time)
  Source:                 cb_i/axi_gpio_3/U0/gpio_core_1/Dual.gpio_Data_Out_reg[3]/C
                            (rising edge-triggered cell FDRE clocked by clk_fpga_0  {rise@0.000ns fall@5.000ns period=10.000ns})
  Destination:            cb_i/vdp_native_slave_0/inst/reg_color_reg[7]/CE
                            (rising edge-triggered cell FDPE clocked by clk_out2_cb_clk_wiz_0_2  {rise@0.000ns fall@20.000ns period=40.000ns})
  Path Group:             clk_out2_cb_clk_wiz_0_2
  Path Type:              Hold (Min at Fast Process Corner)
  Requirement:            0.000ns  (clk_out2_cb_clk_wiz_0_2 rise@0.000ns - clk_fpga_0 rise@0.000ns)
  Data Path Delay:        0.638ns  (logic 0.184ns (28.826%)  route 0.454ns (71.174%))
  Logic Levels:           1  (LUT3=1)
  Clock Path Skew:        0.273ns (DCD - SCD - CPR)
    Destination Clock Delay (DCD):    1.194ns
    Source Clock Delay      (SCD):    0.891ns
    Clock Pessimism Removal (CPR):    0.030ns
  Clock Uncertainty:      0.290ns  ((TSJ^2 + TIJ^2 + DJ^2)^1/2) / 2 + PE
    Total System Jitter     (TSJ):    0.071ns
    Total Input Jitter      (TIJ):    0.300ns
    Discrete Jitter          (DJ):    0.227ns
    Phase Error              (PE):    0.099ns

    Location             Delay type                Incr(ns)  Path(ns)    Netlist Resource(s)
  -------------------------------------------------------------------    -------------------
                         (clock clk_fpga_0 rise edge)
                                                      0.000     0.000 r  
    PS7_X0Y0             PS7                          0.000     0.000 r  cb_i/processing_system7_0/inst/PS7_i/FCLKCLK[0]
                         net (fo=1, routed)           0.310     0.310    cb_i/processing_system7_0/inst/FCLK_CLK_unbuffered[0]
    BUFGCTRL_X0Y16       BUFG (Prop_bufg_I_O)         0.026     0.336 r  cb_i/processing_system7_0/inst/buffer_fclk_clk_0.FCLK_CLK_0_BUFG/O
                         net (fo=1118, routed)        0.555     0.891    cb_i/axi_gpio_3/U0/gpio_core_1/s_axi_aclk
    SLICE_X40Y91         FDRE                                         r  cb_i/axi_gpio_3/U0/gpio_core_1/Dual.gpio_Data_Out_reg[3]/C
  -------------------------------------------------------------------    -------------------
    SLICE_X40Y91         FDRE (Prop_fdre_C_Q)         0.141     1.032 r  cb_i/axi_gpio_3/U0/gpio_core_1/Dual.gpio_Data_Out_reg[3]/Q
                         net (fo=5, routed)           0.292     1.323    cb_i/vdp_native_slave_0/inst/mem_wstrb[0]
    SLICE_X40Y92         LUT3 (Prop_lut3_I2_O)        0.043     1.366 r  cb_i/vdp_native_slave_0/inst/reg_color[7]_i_1/O
                         net (fo=4, routed)           0.162     1.529    cb_i/vdp_native_slave_0/inst/reg_color[7]_i_1_n_0
    SLICE_X43Y94         FDPE                                         r  cb_i/vdp_native_slave_0/inst/reg_color_reg[7]/CE
  -------------------------------------------------------------------    -------------------

                         (clock clk_out2_cb_clk_wiz_0_2 rise edge)
                                                      0.000     0.000 r  
    PS7_X0Y0             PS7                          0.000     0.000 r  cb_i/processing_system7_0/inst/PS7_i/FCLKCLK[0]
                         net (fo=1, routed)           0.337     0.337    cb_i/processing_system7_0/inst/FCLK_CLK_unbuffered[0]
    BUFGCTRL_X0Y16       BUFG (Prop_bufg_I_O)         0.029     0.366 r  cb_i/processing_system7_0/inst/buffer_fclk_clk_0.FCLK_CLK_0_BUFG/O
                         net (fo=1118, routed)        0.864     1.230    cb_i/clk_wiz_0/inst/clk_in1
    MMCME2_ADV_X1Y0      MMCME2_ADV (Prop_mmcme2_adv_CLKIN1_CLKOUT1)
                                                     -1.467    -0.237 r  cb_i/clk_wiz_0/inst/mmcm_adv_inst/CLKOUT1
                         net (fo=1, routed)           0.576     0.339    cb_i/clk_wiz_0/inst/clk_out2_cb_clk_wiz_0_2
    BUFGCTRL_X0Y1        BUFG (Prop_bufg_I_O)         0.029     0.368 r  cb_i/clk_wiz_0/inst/clkout2_buf/O
                         net (fo=16, routed)          0.826     1.194    cb_i/vdp_native_slave_0/inst/clk
    SLICE_X43Y94         FDPE                                         r  cb_i/vdp_native_slave_0/inst/reg_color_reg[7]/C
                         clock pessimism             -0.030     1.164    
                         clock uncertainty            0.290     1.454    
    SLICE_X43Y94         FDPE (Hold_fdpe_C_CE)       -0.106     1.348    cb_i/vdp_native_slave_0/inst/reg_color_reg[7]
  -------------------------------------------------------------------
                         required time                         -1.348    
                         arrival time                           1.529    
  -------------------------------------------------------------------
                         slack                                  0.181    

Slack (MET) :             0.185ns  (arrival time - required time)
  Source:                 cb_i/axi_gpio_0/U0/gpio_core_1/Not_Dual.gpio_Data_Out_reg[9]/C
                            (rising edge-triggered cell FDRE clocked by clk_fpga_0  {rise@0.000ns fall@5.000ns period=10.000ns})
  Destination:            cb_i/vdp_native_slave_0/inst/reg_color_reg[22]/D
                            (rising edge-triggered cell FDPE clocked by clk_out2_cb_clk_wiz_0_2  {rise@0.000ns fall@20.000ns period=40.000ns})
  Path Group:             clk_out2_cb_clk_wiz_0_2
  Path Type:              Hold (Min at Fast Process Corner)
  Requirement:            0.000ns  (clk_out2_cb_clk_wiz_0_2 rise@0.000ns - clk_fpga_0 rise@0.000ns)
  Data Path Delay:        0.818ns  (logic 0.141ns (17.246%)  route 0.677ns (82.754%))
  Logic Levels:           0  
  Clock Path Skew:        0.272ns (DCD - SCD - CPR)
    Destination Clock Delay (DCD):    1.194ns
    Source Clock Delay      (SCD):    0.892ns
    Clock Pessimism Removal (CPR):    0.030ns
  Clock Uncertainty:      0.290ns  ((TSJ^2 + TIJ^2 + DJ^2)^1/2) / 2 + PE
    Total System Jitter     (TSJ):    0.071ns
    Total Input Jitter      (TIJ):    0.300ns
    Discrete Jitter          (DJ):    0.227ns
    Phase Error              (PE):    0.099ns

    Location             Delay type                Incr(ns)  Path(ns)    Netlist Resource(s)
  -------------------------------------------------------------------    -------------------
                         (clock clk_fpga_0 rise edge)
                                                      0.000     0.000 r  
    PS7_X0Y0             PS7                          0.000     0.000 r  cb_i/processing_system7_0/inst/PS7_i/FCLKCLK[0]
                         net (fo=1, routed)           0.310     0.310    cb_i/processing_system7_0/inst/FCLK_CLK_unbuffered[0]
    BUFGCTRL_X0Y16       BUFG (Prop_bufg_I_O)         0.026     0.336 r  cb_i/processing_system7_0/inst/buffer_fclk_clk_0.FCLK_CLK_0_BUFG/O
                         net (fo=1118, routed)        0.556     0.892    cb_i/axi_gpio_0/U0/gpio_core_1/s_axi_aclk
    SLICE_X37Y96         FDRE                                         r  cb_i/axi_gpio_0/U0/gpio_core_1/Not_Dual.gpio_Data_Out_reg[9]/C
  -------------------------------------------------------------------    -------------------
    SLICE_X37Y96         FDRE (Prop_fdre_C_Q)         0.141     1.033 r  cb_i/axi_gpio_0/U0/gpio_core_1/Not_Dual.gpio_Data_Out_reg[9]/Q
                         net (fo=2, routed)           0.677     1.709    cb_i/vdp_native_slave_0/inst/mem_wdata[22]
    SLICE_X39Y96         FDPE                                         r  cb_i/vdp_native_slave_0/inst/reg_color_reg[22]/D
  -------------------------------------------------------------------    -------------------

                         (clock clk_out2_cb_clk_wiz_0_2 rise edge)
                                                      0.000     0.000 r  
    PS7_X0Y0             PS7                          0.000     0.000 r  cb_i/processing_system7_0/inst/PS7_i/FCLKCLK[0]
                         net (fo=1, routed)           0.337     0.337    cb_i/processing_system7_0/inst/FCLK_CLK_unbuffered[0]
    BUFGCTRL_X0Y16       BUFG (Prop_bufg_I_O)         0.029     0.366 r  cb_i/processing_system7_0/inst/buffer_fclk_clk_0.FCLK_CLK_0_BUFG/O
                         net (fo=1118, routed)        0.864     1.230    cb_i/clk_wiz_0/inst/clk_in1
    MMCME2_ADV_X1Y0      MMCME2_ADV (Prop_mmcme2_adv_CLKIN1_CLKOUT1)
                                                     -1.467    -0.237 r  cb_i/clk_wiz_0/inst/mmcm_adv_inst/CLKOUT1
                         net (fo=1, routed)           0.576     0.339    cb_i/clk_wiz_0/inst/clk_out2_cb_clk_wiz_0_2
    BUFGCTRL_X0Y1        BUFG (Prop_bufg_I_O)         0.029     0.368 r  cb_i/clk_wiz_0/inst/clkout2_buf/O
                         net (fo=16, routed)          0.826     1.194    cb_i/vdp_native_slave_0/inst/clk
    SLICE_X39Y96         FDPE                                         r  cb_i/vdp_native_slave_0/inst/reg_color_reg[22]/C
                         clock pessimism             -0.030     1.164    
                         clock uncertainty            0.290     1.454    
    SLICE_X39Y96         FDPE (Hold_fdpe_C_D)         0.070     1.524    cb_i/vdp_native_slave_0/inst/reg_color_reg[22]
  -------------------------------------------------------------------
                         required time                         -1.524    
                         arrival time                           1.709    
  -------------------------------------------------------------------
                         slack                                  0.185    

Slack (MET) :             0.189ns  (arrival time - required time)
  Source:                 cb_i/axi_gpio_0/U0/gpio_core_1/Not_Dual.gpio_Data_Out_reg[16]/C
                            (rising edge-triggered cell FDRE clocked by clk_fpga_0  {rise@0.000ns fall@5.000ns period=10.000ns})
  Destination:            cb_i/vdp_native_slave_0/inst/reg_color_reg[15]/D
                            (rising edge-triggered cell FDPE clocked by clk_out2_cb_clk_wiz_0_2  {rise@0.000ns fall@20.000ns period=40.000ns})
  Path Group:             clk_out2_cb_clk_wiz_0_2
  Path Type:              Hold (Min at Fast Process Corner)
  Requirement:            0.000ns  (clk_out2_cb_clk_wiz_0_2 rise@0.000ns - clk_fpga_0 rise@0.000ns)
  Data Path Delay:        0.822ns  (logic 0.164ns (19.949%)  route 0.658ns (80.051%))
  Logic Levels:           0  
  Clock Path Skew:        0.273ns (DCD - SCD - CPR)
    Destination Clock Delay (DCD):    1.195ns
    Source Clock Delay      (SCD):    0.892ns
    Clock Pessimism Removal (CPR):    0.030ns
  Clock Uncertainty:      0.290ns  ((TSJ^2 + TIJ^2 + DJ^2)^1/2) / 2 + PE
    Total System Jitter     (TSJ):    0.071ns
    Total Input Jitter      (TIJ):    0.300ns
    Discrete Jitter          (DJ):    0.227ns
    Phase Error              (PE):    0.099ns

    Location             Delay type                Incr(ns)  Path(ns)    Netlist Resource(s)
  -------------------------------------------------------------------    -------------------
                         (clock clk_fpga_0 rise edge)
                                                      0.000     0.000 r  
    PS7_X0Y0             PS7                          0.000     0.000 r  cb_i/processing_system7_0/inst/PS7_i/FCLKCLK[0]
                         net (fo=1, routed)           0.310     0.310    cb_i/processing_system7_0/inst/FCLK_CLK_unbuffered[0]
    BUFGCTRL_X0Y16       BUFG (Prop_bufg_I_O)         0.026     0.336 r  cb_i/processing_system7_0/inst/buffer_fclk_clk_0.FCLK_CLK_0_BUFG/O
                         net (fo=1118, routed)        0.556     0.892    cb_i/axi_gpio_0/U0/gpio_core_1/s_axi_aclk
    SLICE_X36Y96         FDRE                                         r  cb_i/axi_gpio_0/U0/gpio_core_1/Not_Dual.gpio_Data_Out_reg[16]/C
  -------------------------------------------------------------------    -------------------
    SLICE_X36Y96         FDRE (Prop_fdre_C_Q)         0.164     1.056 r  cb_i/axi_gpio_0/U0/gpio_core_1/Not_Dual.gpio_Data_Out_reg[16]/Q
                         net (fo=2, routed)           0.658     1.714    cb_i/vdp_native_slave_0/inst/mem_wdata[15]
    SLICE_X40Y97         FDPE                                         r  cb_i/vdp_native_slave_0/inst/reg_color_reg[15]/D
  -------------------------------------------------------------------    -------------------

                         (clock clk_out2_cb_clk_wiz_0_2 rise edge)
                                                      0.000     0.000 r  
    PS7_X0Y0             PS7                          0.000     0.000 r  cb_i/processing_system7_0/inst/PS7_i/FCLKCLK[0]
                         net (fo=1, routed)           0.337     0.337    cb_i/processing_system7_0/inst/FCLK_CLK_unbuffered[0]
    BUFGCTRL_X0Y16       BUFG (Prop_bufg_I_O)         0.029     0.366 r  cb_i/processing_system7_0/inst/buffer_fclk_clk_0.FCLK_CLK_0_BUFG/O
                         net (fo=1118, routed)        0.864     1.230    cb_i/clk_wiz_0/inst/clk_in1
    MMCME2_ADV_X1Y0      MMCME2_ADV (Prop_mmcme2_adv_CLKIN1_CLKOUT1)
                                                     -1.467    -0.237 r  cb_i/clk_wiz_0/inst/mmcm_adv_inst/CLKOUT1
                         net (fo=1, routed)           0.576     0.339    cb_i/clk_wiz_0/inst/clk_out2_cb_clk_wiz_0_2
    BUFGCTRL_X0Y1        BUFG (Prop_bufg_I_O)         0.029     0.368 r  cb_i/clk_wiz_0/inst/clkout2_buf/O
                         net (fo=16, routed)          0.827     1.195    cb_i/vdp_native_slave_0/inst/clk
    SLICE_X40Y97         FDPE                                         r  cb_i/vdp_native_slave_0/inst/reg_color_reg[15]/C
                         clock pessimism             -0.030     1.165    
                         clock uncertainty            0.290     1.455    
    SLICE_X40Y97         FDPE (Hold_fdpe_C_D)         0.070     1.525    cb_i/vdp_native_slave_0/inst/reg_color_reg[15]
  -------------------------------------------------------------------
                         required time                         -1.525    
                         arrival time                           1.714    
  -------------------------------------------------------------------
                         slack                                  0.189    

Slack (MET) :             0.197ns  (arrival time - required time)
  Source:                 cb_i/axi_gpio_0/U0/gpio_core_1/Not_Dual.gpio_Data_Out_reg[18]/C
                            (rising edge-triggered cell FDRE clocked by clk_fpga_0  {rise@0.000ns fall@5.000ns period=10.000ns})
  Destination:            cb_i/vdp_native_slave_0/inst/reg_color_reg[13]/D
                            (rising edge-triggered cell FDPE clocked by clk_out2_cb_clk_wiz_0_2  {rise@0.000ns fall@20.000ns period=40.000ns})
  Path Group:             clk_out2_cb_clk_wiz_0_2
  Path Type:              Hold (Min at Fast Process Corner)
  Requirement:            0.000ns  (clk_out2_cb_clk_wiz_0_2 rise@0.000ns - clk_fpga_0 rise@0.000ns)
  Data Path Delay:        0.823ns  (logic 0.164ns (19.922%)  route 0.659ns (80.078%))
  Logic Levels:           0  
  Clock Path Skew:        0.270ns (DCD - SCD - CPR)
    Destination Clock Delay (DCD):    1.194ns
    Source Clock Delay      (SCD):    0.894ns
    Clock Pessimism Removal (CPR):    0.030ns
  Clock Uncertainty:      0.290ns  ((TSJ^2 + TIJ^2 + DJ^2)^1/2) / 2 + PE
    Total System Jitter     (TSJ):    0.071ns
    Total Input Jitter      (TIJ):    0.300ns
    Discrete Jitter          (DJ):    0.227ns
    Phase Error              (PE):    0.099ns

    Location             Delay type                Incr(ns)  Path(ns)    Netlist Resource(s)
  -------------------------------------------------------------------    -------------------
                         (clock clk_fpga_0 rise edge)
                                                      0.000     0.000 r  
    PS7_X0Y0             PS7                          0.000     0.000 r  cb_i/processing_system7_0/inst/PS7_i/FCLKCLK[0]
                         net (fo=1, routed)           0.310     0.310    cb_i/processing_system7_0/inst/FCLK_CLK_unbuffered[0]
    BUFGCTRL_X0Y16       BUFG (Prop_bufg_I_O)         0.026     0.336 r  cb_i/processing_system7_0/inst/buffer_fclk_clk_0.FCLK_CLK_0_BUFG/O
                         net (fo=1118, routed)        0.558     0.894    cb_i/axi_gpio_0/U0/gpio_core_1/s_axi_aclk
    SLICE_X34Y95         FDRE                                         r  cb_i/axi_gpio_0/U0/gpio_core_1/Not_Dual.gpio_Data_Out_reg[18]/C
  -------------------------------------------------------------------    -------------------
    SLICE_X34Y95         FDRE (Prop_fdre_C_Q)         0.164     1.058 r  cb_i/axi_gpio_0/U0/gpio_core_1/Not_Dual.gpio_Data_Out_reg[18]/Q
                         net (fo=2, routed)           0.659     1.717    cb_i/vdp_native_slave_0/inst/mem_wdata[13]
    SLICE_X39Y95         FDPE                                         r  cb_i/vdp_native_slave_0/inst/reg_color_reg[13]/D
  -------------------------------------------------------------------    -------------------

                         (clock clk_out2_cb_clk_wiz_0_2 rise edge)
                                                      0.000     0.000 r  
    PS7_X0Y0             PS7                          0.000     0.000 r  cb_i/processing_system7_0/inst/PS7_i/FCLKCLK[0]
                         net (fo=1, routed)           0.337     0.337    cb_i/processing_system7_0/inst/FCLK_CLK_unbuffered[0]
    BUFGCTRL_X0Y16       BUFG (Prop_bufg_I_O)         0.029     0.366 r  cb_i/processing_system7_0/inst/buffer_fclk_clk_0.FCLK_CLK_0_BUFG/O
                         net (fo=1118, routed)        0.864     1.230    cb_i/clk_wiz_0/inst/clk_in1
    MMCME2_ADV_X1Y0      MMCME2_ADV (Prop_mmcme2_adv_CLKIN1_CLKOUT1)
                                                     -1.467    -0.237 r  cb_i/clk_wiz_0/inst/mmcm_adv_inst/CLKOUT1
                         net (fo=1, routed)           0.576     0.339    cb_i/clk_wiz_0/inst/clk_out2_cb_clk_wiz_0_2
    BUFGCTRL_X0Y1        BUFG (Prop_bufg_I_O)         0.029     0.368 r  cb_i/clk_wiz_0/inst/clkout2_buf/O
                         net (fo=16, routed)          0.826     1.194    cb_i/vdp_native_slave_0/inst/clk
    SLICE_X39Y95         FDPE                                         r  cb_i/vdp_native_slave_0/inst/reg_color_reg[13]/C
                         clock pessimism             -0.030     1.164    
                         clock uncertainty            0.290     1.454    
    SLICE_X39Y95         FDPE (Hold_fdpe_C_D)         0.066     1.520    cb_i/vdp_native_slave_0/inst/reg_color_reg[13]
  -------------------------------------------------------------------
                         required time                         -1.520    
                         arrival time                           1.717    
  -------------------------------------------------------------------
                         slack                                  0.197    





---------------------------------------------------------------------------------------------------
Path Group:  **async_default**
From Clock:  clk_fpga_0
  To Clock:  clk_out1_cb_clk_wiz_0_2

Setup :            0  Failing Endpoints,  Worst Slack        6.247ns,  Total Violation        0.000ns
Hold  :            0  Failing Endpoints,  Worst Slack        0.289ns,  Total Violation        0.000ns
---------------------------------------------------------------------------------------------------


Max Delay Paths
--------------------------------------------------------------------------------------
Slack (MET) :             6.247ns  (required time - arrival time)
  Source:                 cb_i/axi_gpio_resetn/U0/gpio_core_1/Not_Dual.gpio_Data_Out_reg[0]/C
                            (rising edge-triggered cell FDRE clocked by clk_fpga_0  {rise@0.000ns fall@5.000ns period=10.000ns})
  Destination:            cb_i/vdp_native_slave_0/inst/u_vga_timing/h_cnt_reg[10]/CLR
                            (recovery check against rising-edge clock clk_out1_cb_clk_wiz_0_2  {rise@0.000ns fall@5.000ns period=10.000ns})
  Path Group:             **async_default**
  Path Type:              Recovery (Max at Slow Process Corner)
  Requirement:            10.000ns  (clk_out1_cb_clk_wiz_0_2 rise@10.000ns - clk_fpga_0 rise@0.000ns)
  Data Path Delay:        2.913ns  (logic 0.580ns (19.912%)  route 2.333ns (80.088%))
  Logic Levels:           1  (LUT1=1)
  Clock Path Skew:        -0.166ns (DCD - SCD + CPR)
    Destination Clock Delay (DCD):    2.664ns = ( 12.664 - 10.000 ) 
    Source Clock Delay      (SCD):    2.945ns
    Clock Pessimism Removal (CPR):    0.115ns
  Clock Uncertainty:      0.269ns  ((TSJ^2 + TIJ^2 + DJ^2)^1/2) / 2 + PE
    Total System Jitter     (TSJ):    0.071ns
    Total Input Jitter      (TIJ):    0.300ns
    Discrete Jitter          (DJ):    0.146ns
    Phase Error              (PE):    0.099ns

    Location             Delay type                Incr(ns)  Path(ns)    Netlist Resource(s)
  -------------------------------------------------------------------    -------------------
                         (clock clk_fpga_0 rise edge)
                                                      0.000     0.000 r  
    PS7_X0Y0             PS7                          0.000     0.000 r  cb_i/processing_system7_0/inst/PS7_i/FCLKCLK[0]
                         net (fo=1, routed)           1.193     1.193    cb_i/processing_system7_0/inst/FCLK_CLK_unbuffered[0]
    BUFGCTRL_X0Y16       BUFG (Prop_bufg_I_O)         0.101     1.294 r  cb_i/processing_system7_0/inst/buffer_fclk_clk_0.FCLK_CLK_0_BUFG/O
                         net (fo=1118, routed)        1.651     2.945    cb_i/axi_gpio_resetn/U0/gpio_core_1/s_axi_aclk
    SLICE_X45Y93         FDRE                                         r  cb_i/axi_gpio_resetn/U0/gpio_core_1/Not_Dual.gpio_Data_Out_reg[0]/C
  -------------------------------------------------------------------    -------------------
    SLICE_X45Y93         FDRE (Prop_fdre_C_Q)         0.456     3.401 r  cb_i/axi_gpio_resetn/U0/gpio_core_1/Not_Dual.gpio_Data_Out_reg[0]/Q
                         net (fo=3, routed)           0.693     4.094    cb_i/vdp_native_slave_0/inst/u_vga_timing/resetn
    SLICE_X44Y93         LUT1 (Prop_lut1_I0_O)        0.124     4.218 f  cb_i/vdp_native_slave_0/inst/u_vga_timing/mem_ready_i_1/O
                         net (fo=58, routed)          1.640     5.858    cb_i/vdp_native_slave_0/inst/u_vga_timing/Not_Dual.gpio_Data_Out_reg[0]
    SLICE_X45Y99         FDCE                                         f  cb_i/vdp_native_slave_0/inst/u_vga_timing/h_cnt_reg[10]/CLR
  -------------------------------------------------------------------    -------------------

                         (clock clk_out1_cb_clk_wiz_0_2 rise edge)
                                                     10.000    10.000 r  
    PS7_X0Y0             PS7                          0.000    10.000 r  cb_i/processing_system7_0/inst/PS7_i/FCLKCLK[0]
                         net (fo=1, routed)           1.088    11.088    cb_i/processing_system7_0/inst/FCLK_CLK_unbuffered[0]
    BUFGCTRL_X0Y16       BUFG (Prop_bufg_I_O)         0.091    11.179 r  cb_i/processing_system7_0/inst/buffer_fclk_clk_0.FCLK_CLK_0_BUFG/O
                         net (fo=1118, routed)        1.612    12.792    cb_i/clk_wiz_0/inst/clk_in1
    MMCME2_ADV_X1Y0      MMCME2_ADV (Prop_mmcme2_adv_CLKIN1_CLKOUT0)
                                                     -3.425     9.366 r  cb_i/clk_wiz_0/inst/mmcm_adv_inst/CLKOUT0
                         net (fo=1, routed)           1.725    11.091    cb_i/clk_wiz_0/inst/clk_out1_cb_clk_wiz_0_2
    BUFGCTRL_X0Y0        BUFG (Prop_bufg_I_O)         0.091    11.182 r  cb_i/clk_wiz_0/inst/clkout1_buf/O
                         net (fo=42, routed)          1.482    12.664    cb_i/vdp_native_slave_0/inst/u_vga_timing/pixel_clk
    SLICE_X45Y99         FDCE                                         r  cb_i/vdp_native_slave_0/inst/u_vga_timing/h_cnt_reg[10]/C
                         clock pessimism              0.115    12.779    
                         clock uncertainty           -0.269    12.510    
    SLICE_X45Y99         FDCE (Recov_fdce_C_CLR)     -0.405    12.105    cb_i/vdp_native_slave_0/inst/u_vga_timing/h_cnt_reg[10]
  -------------------------------------------------------------------
                         required time                         12.105    
                         arrival time                          -5.858    
  -------------------------------------------------------------------
                         slack                                  6.247    

Slack (MET) :             6.247ns  (required time - arrival time)
  Source:                 cb_i/axi_gpio_resetn/U0/gpio_core_1/Not_Dual.gpio_Data_Out_reg[0]/C
                            (rising edge-triggered cell FDRE clocked by clk_fpga_0  {rise@0.000ns fall@5.000ns period=10.000ns})
  Destination:            cb_i/vdp_native_slave_0/inst/u_vga_timing/h_cnt_reg[11]/CLR
                            (recovery check against rising-edge clock clk_out1_cb_clk_wiz_0_2  {rise@0.000ns fall@5.000ns period=10.000ns})
  Path Group:             **async_default**
  Path Type:              Recovery (Max at Slow Process Corner)
  Requirement:            10.000ns  (clk_out1_cb_clk_wiz_0_2 rise@10.000ns - clk_fpga_0 rise@0.000ns)
  Data Path Delay:        2.913ns  (logic 0.580ns (19.912%)  route 2.333ns (80.088%))
  Logic Levels:           1  (LUT1=1)
  Clock Path Skew:        -0.166ns (DCD - SCD + CPR)
    Destination Clock Delay (DCD):    2.664ns = ( 12.664 - 10.000 ) 
    Source Clock Delay      (SCD):    2.945ns
    Clock Pessimism Removal (CPR):    0.115ns
  Clock Uncertainty:      0.269ns  ((TSJ^2 + TIJ^2 + DJ^2)^1/2) / 2 + PE
    Total System Jitter     (TSJ):    0.071ns
    Total Input Jitter      (TIJ):    0.300ns
    Discrete Jitter          (DJ):    0.146ns
    Phase Error              (PE):    0.099ns

    Location             Delay type                Incr(ns)  Path(ns)    Netlist Resource(s)
  -------------------------------------------------------------------    -------------------
                         (clock clk_fpga_0 rise edge)
                                                      0.000     0.000 r  
    PS7_X0Y0             PS7                          0.000     0.000 r  cb_i/processing_system7_0/inst/PS7_i/FCLKCLK[0]
                         net (fo=1, routed)           1.193     1.193    cb_i/processing_system7_0/inst/FCLK_CLK_unbuffered[0]
    BUFGCTRL_X0Y16       BUFG (Prop_bufg_I_O)         0.101     1.294 r  cb_i/processing_system7_0/inst/buffer_fclk_clk_0.FCLK_CLK_0_BUFG/O
                         net (fo=1118, routed)        1.651     2.945    cb_i/axi_gpio_resetn/U0/gpio_core_1/s_axi_aclk
    SLICE_X45Y93         FDRE                                         r  cb_i/axi_gpio_resetn/U0/gpio_core_1/Not_Dual.gpio_Data_Out_reg[0]/C
  -------------------------------------------------------------------    -------------------
    SLICE_X45Y93         FDRE (Prop_fdre_C_Q)         0.456     3.401 r  cb_i/axi_gpio_resetn/U0/gpio_core_1/Not_Dual.gpio_Data_Out_reg[0]/Q
                         net (fo=3, routed)           0.693     4.094    cb_i/vdp_native_slave_0/inst/u_vga_timing/resetn
    SLICE_X44Y93         LUT1 (Prop_lut1_I0_O)        0.124     4.218 f  cb_i/vdp_native_slave_0/inst/u_vga_timing/mem_ready_i_1/O
                         net (fo=58, routed)          1.640     5.858    cb_i/vdp_native_slave_0/inst/u_vga_timing/Not_Dual.gpio_Data_Out_reg[0]
    SLICE_X45Y99         FDCE                                         f  cb_i/vdp_native_slave_0/inst/u_vga_timing/h_cnt_reg[11]/CLR
  -------------------------------------------------------------------    -------------------

                         (clock clk_out1_cb_clk_wiz_0_2 rise edge)
                                                     10.000    10.000 r  
    PS7_X0Y0             PS7                          0.000    10.000 r  cb_i/processing_system7_0/inst/PS7_i/FCLKCLK[0]
                         net (fo=1, routed)           1.088    11.088    cb_i/processing_system7_0/inst/FCLK_CLK_unbuffered[0]
    BUFGCTRL_X0Y16       BUFG (Prop_bufg_I_O)         0.091    11.179 r  cb_i/processing_system7_0/inst/buffer_fclk_clk_0.FCLK_CLK_0_BUFG/O
                         net (fo=1118, routed)        1.612    12.792    cb_i/clk_wiz_0/inst/clk_in1
    MMCME2_ADV_X1Y0      MMCME2_ADV (Prop_mmcme2_adv_CLKIN1_CLKOUT0)
                                                     -3.425     9.366 r  cb_i/clk_wiz_0/inst/mmcm_adv_inst/CLKOUT0
                         net (fo=1, routed)           1.725    11.091    cb_i/clk_wiz_0/inst/clk_out1_cb_clk_wiz_0_2
    BUFGCTRL_X0Y0        BUFG (Prop_bufg_I_O)         0.091    11.182 r  cb_i/clk_wiz_0/inst/clkout1_buf/O
                         net (fo=42, routed)          1.482    12.664    cb_i/vdp_native_slave_0/inst/u_vga_timing/pixel_clk
    SLICE_X45Y99         FDCE                                         r  cb_i/vdp_native_slave_0/inst/u_vga_timing/h_cnt_reg[11]/C
                         clock pessimism              0.115    12.779    
                         clock uncertainty           -0.269    12.510    
    SLICE_X45Y99         FDCE (Recov_fdce_C_CLR)     -0.405    12.105    cb_i/vdp_native_slave_0/inst/u_vga_timing/h_cnt_reg[11]
  -------------------------------------------------------------------
                         required time                         12.105    
                         arrival time                          -5.858    
  -------------------------------------------------------------------
                         slack                                  6.247    

Slack (MET) :             6.247ns  (required time - arrival time)
  Source:                 cb_i/axi_gpio_resetn/U0/gpio_core_1/Not_Dual.gpio_Data_Out_reg[0]/C
                            (rising edge-triggered cell FDRE clocked by clk_fpga_0  {rise@0.000ns fall@5.000ns period=10.000ns})
  Destination:            cb_i/vdp_native_slave_0/inst/u_vga_timing/h_cnt_reg[6]/CLR
                            (recovery check against rising-edge clock clk_out1_cb_clk_wiz_0_2  {rise@0.000ns fall@5.000ns period=10.000ns})
  Path Group:             **async_default**
  Path Type:              Recovery (Max at Slow Process Corner)
  Requirement:            10.000ns  (clk_out1_cb_clk_wiz_0_2 rise@10.000ns - clk_fpga_0 rise@0.000ns)
  Data Path Delay:        2.913ns  (logic 0.580ns (19.912%)  route 2.333ns (80.088%))
  Logic Levels:           1  (LUT1=1)
  Clock Path Skew:        -0.166ns (DCD - SCD + CPR)
    Destination Clock Delay (DCD):    2.664ns = ( 12.664 - 10.000 ) 
    Source Clock Delay      (SCD):    2.945ns
    Clock Pessimism Removal (CPR):    0.115ns
  Clock Uncertainty:      0.269ns  ((TSJ^2 + TIJ^2 + DJ^2)^1/2) / 2 + PE
    Total System Jitter     (TSJ):    0.071ns
    Total Input Jitter      (TIJ):    0.300ns
    Discrete Jitter          (DJ):    0.146ns
    Phase Error              (PE):    0.099ns

    Location             Delay type                Incr(ns)  Path(ns)    Netlist Resource(s)
  -------------------------------------------------------------------    -------------------
                         (clock clk_fpga_0 rise edge)
                                                      0.000     0.000 r  
    PS7_X0Y0             PS7                          0.000     0.000 r  cb_i/processing_system7_0/inst/PS7_i/FCLKCLK[0]
                         net (fo=1, routed)           1.193     1.193    cb_i/processing_system7_0/inst/FCLK_CLK_unbuffered[0]
    BUFGCTRL_X0Y16       BUFG (Prop_bufg_I_O)         0.101     1.294 r  cb_i/processing_system7_0/inst/buffer_fclk_clk_0.FCLK_CLK_0_BUFG/O
                         net (fo=1118, routed)        1.651     2.945    cb_i/axi_gpio_resetn/U0/gpio_core_1/s_axi_aclk
    SLICE_X45Y93         FDRE                                         r  cb_i/axi_gpio_resetn/U0/gpio_core_1/Not_Dual.gpio_Data_Out_reg[0]/C
  -------------------------------------------------------------------    -------------------
    SLICE_X45Y93         FDRE (Prop_fdre_C_Q)         0.456     3.401 r  cb_i/axi_gpio_resetn/U0/gpio_core_1/Not_Dual.gpio_Data_Out_reg[0]/Q
                         net (fo=3, routed)           0.693     4.094    cb_i/vdp_native_slave_0/inst/u_vga_timing/resetn
    SLICE_X44Y93         LUT1 (Prop_lut1_I0_O)        0.124     4.218 f  cb_i/vdp_native_slave_0/inst/u_vga_timing/mem_ready_i_1/O
                         net (fo=58, routed)          1.640     5.858    cb_i/vdp_native_slave_0/inst/u_vga_timing/Not_Dual.gpio_Data_Out_reg[0]
    SLICE_X45Y99         FDCE                                         f  cb_i/vdp_native_slave_0/inst/u_vga_timing/h_cnt_reg[6]/CLR
  -------------------------------------------------------------------    -------------------

                         (clock clk_out1_cb_clk_wiz_0_2 rise edge)
                                                     10.000    10.000 r  
    PS7_X0Y0             PS7                          0.000    10.000 r  cb_i/processing_system7_0/inst/PS7_i/FCLKCLK[0]
                         net (fo=1, routed)           1.088    11.088    cb_i/processing_system7_0/inst/FCLK_CLK_unbuffered[0]
    BUFGCTRL_X0Y16       BUFG (Prop_bufg_I_O)         0.091    11.179 r  cb_i/processing_system7_0/inst/buffer_fclk_clk_0.FCLK_CLK_0_BUFG/O
                         net (fo=1118, routed)        1.612    12.792    cb_i/clk_wiz_0/inst/clk_in1
    MMCME2_ADV_X1Y0      MMCME2_ADV (Prop_mmcme2_adv_CLKIN1_CLKOUT0)
                                                     -3.425     9.366 r  cb_i/clk_wiz_0/inst/mmcm_adv_inst/CLKOUT0
                         net (fo=1, routed)           1.725    11.091    cb_i/clk_wiz_0/inst/clk_out1_cb_clk_wiz_0_2
    BUFGCTRL_X0Y0        BUFG (Prop_bufg_I_O)         0.091    11.182 r  cb_i/clk_wiz_0/inst/clkout1_buf/O
                         net (fo=42, routed)          1.482    12.664    cb_i/vdp_native_slave_0/inst/u_vga_timing/pixel_clk
    SLICE_X45Y99         FDCE                                         r  cb_i/vdp_native_slave_0/inst/u_vga_timing/h_cnt_reg[6]/C
                         clock pessimism              0.115    12.779    
                         clock uncertainty           -0.269    12.510    
    SLICE_X45Y99         FDCE (Recov_fdce_C_CLR)     -0.405    12.105    cb_i/vdp_native_slave_0/inst/u_vga_timing/h_cnt_reg[6]
  -------------------------------------------------------------------
                         required time                         12.105    
                         arrival time                          -5.858    
  -------------------------------------------------------------------
                         slack                                  6.247    

Slack (MET) :             6.247ns  (required time - arrival time)
  Source:                 cb_i/axi_gpio_resetn/U0/gpio_core_1/Not_Dual.gpio_Data_Out_reg[0]/C
                            (rising edge-triggered cell FDRE clocked by clk_fpga_0  {rise@0.000ns fall@5.000ns period=10.000ns})
  Destination:            cb_i/vdp_native_slave_0/inst/u_vga_timing/h_cnt_reg[7]/CLR
                            (recovery check against rising-edge clock clk_out1_cb_clk_wiz_0_2  {rise@0.000ns fall@5.000ns period=10.000ns})
  Path Group:             **async_default**
  Path Type:              Recovery (Max at Slow Process Corner)
  Requirement:            10.000ns  (clk_out1_cb_clk_wiz_0_2 rise@10.000ns - clk_fpga_0 rise@0.000ns)
  Data Path Delay:        2.913ns  (logic 0.580ns (19.912%)  route 2.333ns (80.088%))
  Logic Levels:           1  (LUT1=1)
  Clock Path Skew:        -0.166ns (DCD - SCD + CPR)
    Destination Clock Delay (DCD):    2.664ns = ( 12.664 - 10.000 ) 
    Source Clock Delay      (SCD):    2.945ns
    Clock Pessimism Removal (CPR):    0.115ns
  Clock Uncertainty:      0.269ns  ((TSJ^2 + TIJ^2 + DJ^2)^1/2) / 2 + PE
    Total System Jitter     (TSJ):    0.071ns
    Total Input Jitter      (TIJ):    0.300ns
    Discrete Jitter          (DJ):    0.146ns
    Phase Error              (PE):    0.099ns

    Location             Delay type                Incr(ns)  Path(ns)    Netlist Resource(s)
  -------------------------------------------------------------------    -------------------
                         (clock clk_fpga_0 rise edge)
                                                      0.000     0.000 r  
    PS7_X0Y0             PS7                          0.000     0.000 r  cb_i/processing_system7_0/inst/PS7_i/FCLKCLK[0]
                         net (fo=1, routed)           1.193     1.193    cb_i/processing_system7_0/inst/FCLK_CLK_unbuffered[0]
    BUFGCTRL_X0Y16       BUFG (Prop_bufg_I_O)         0.101     1.294 r  cb_i/processing_system7_0/inst/buffer_fclk_clk_0.FCLK_CLK_0_BUFG/O
                         net (fo=1118, routed)        1.651     2.945    cb_i/axi_gpio_resetn/U0/gpio_core_1/s_axi_aclk
    SLICE_X45Y93         FDRE                                         r  cb_i/axi_gpio_resetn/U0/gpio_core_1/Not_Dual.gpio_Data_Out_reg[0]/C
  -------------------------------------------------------------------    -------------------
    SLICE_X45Y93         FDRE (Prop_fdre_C_Q)         0.456     3.401 r  cb_i/axi_gpio_resetn/U0/gpio_core_1/Not_Dual.gpio_Data_Out_reg[0]/Q
                         net (fo=3, routed)           0.693     4.094    cb_i/vdp_native_slave_0/inst/u_vga_timing/resetn
    SLICE_X44Y93         LUT1 (Prop_lut1_I0_O)        0.124     4.218 f  cb_i/vdp_native_slave_0/inst/u_vga_timing/mem_ready_i_1/O
                         net (fo=58, routed)          1.640     5.858    cb_i/vdp_native_slave_0/inst/u_vga_timing/Not_Dual.gpio_Data_Out_reg[0]
    SLICE_X45Y99         FDCE                                         f  cb_i/vdp_native_slave_0/inst/u_vga_timing/h_cnt_reg[7]/CLR
  -------------------------------------------------------------------    -------------------

                         (clock clk_out1_cb_clk_wiz_0_2 rise edge)
                                                     10.000    10.000 r  
    PS7_X0Y0             PS7                          0.000    10.000 r  cb_i/processing_system7_0/inst/PS7_i/FCLKCLK[0]
                         net (fo=1, routed)           1.088    11.088    cb_i/processing_system7_0/inst/FCLK_CLK_unbuffered[0]
    BUFGCTRL_X0Y16       BUFG (Prop_bufg_I_O)         0.091    11.179 r  cb_i/processing_system7_0/inst/buffer_fclk_clk_0.FCLK_CLK_0_BUFG/O
                         net (fo=1118, routed)        1.612    12.792    cb_i/clk_wiz_0/inst/clk_in1
    MMCME2_ADV_X1Y0      MMCME2_ADV (Prop_mmcme2_adv_CLKIN1_CLKOUT0)
                                                     -3.425     9.366 r  cb_i/clk_wiz_0/inst/mmcm_adv_inst/CLKOUT0
                         net (fo=1, routed)           1.725    11.091    cb_i/clk_wiz_0/inst/clk_out1_cb_clk_wiz_0_2
    BUFGCTRL_X0Y0        BUFG (Prop_bufg_I_O)         0.091    11.182 r  cb_i/clk_wiz_0/inst/clkout1_buf/O
                         net (fo=42, routed)          1.482    12.664    cb_i/vdp_native_slave_0/inst/u_vga_timing/pixel_clk
    SLICE_X45Y99         FDCE                                         r  cb_i/vdp_native_slave_0/inst/u_vga_timing/h_cnt_reg[7]/C
                         clock pessimism              0.115    12.779    
                         clock uncertainty           -0.269    12.510    
    SLICE_X45Y99         FDCE (Recov_fdce_C_CLR)     -0.405    12.105    cb_i/vdp_native_slave_0/inst/u_vga_timing/h_cnt_reg[7]
  -------------------------------------------------------------------
                         required time                         12.105    
                         arrival time                          -5.858    
  -------------------------------------------------------------------
                         slack                                  6.247    

Slack (MET) :             6.247ns  (required time - arrival time)
  Source:                 cb_i/axi_gpio_resetn/U0/gpio_core_1/Not_Dual.gpio_Data_Out_reg[0]/C
                            (rising edge-triggered cell FDRE clocked by clk_fpga_0  {rise@0.000ns fall@5.000ns period=10.000ns})
  Destination:            cb_i/vdp_native_slave_0/inst/u_vga_timing/h_cnt_reg[8]/CLR
                            (recovery check against rising-edge clock clk_out1_cb_clk_wiz_0_2  {rise@0.000ns fall@5.000ns period=10.000ns})
  Path Group:             **async_default**
  Path Type:              Recovery (Max at Slow Process Corner)
  Requirement:            10.000ns  (clk_out1_cb_clk_wiz_0_2 rise@10.000ns - clk_fpga_0 rise@0.000ns)
  Data Path Delay:        2.913ns  (logic 0.580ns (19.912%)  route 2.333ns (80.088%))
  Logic Levels:           1  (LUT1=1)
  Clock Path Skew:        -0.166ns (DCD - SCD + CPR)
    Destination Clock Delay (DCD):    2.664ns = ( 12.664 - 10.000 ) 
    Source Clock Delay      (SCD):    2.945ns
    Clock Pessimism Removal (CPR):    0.115ns
  Clock Uncertainty:      0.269ns  ((TSJ^2 + TIJ^2 + DJ^2)^1/2) / 2 + PE
    Total System Jitter     (TSJ):    0.071ns
    Total Input Jitter      (TIJ):    0.300ns
    Discrete Jitter          (DJ):    0.146ns
    Phase Error              (PE):    0.099ns

    Location             Delay type                Incr(ns)  Path(ns)    Netlist Resource(s)
  -------------------------------------------------------------------    -------------------
                         (clock clk_fpga_0 rise edge)
                                                      0.000     0.000 r  
    PS7_X0Y0             PS7                          0.000     0.000 r  cb_i/processing_system7_0/inst/PS7_i/FCLKCLK[0]
                         net (fo=1, routed)           1.193     1.193    cb_i/processing_system7_0/inst/FCLK_CLK_unbuffered[0]
    BUFGCTRL_X0Y16       BUFG (Prop_bufg_I_O)         0.101     1.294 r  cb_i/processing_system7_0/inst/buffer_fclk_clk_0.FCLK_CLK_0_BUFG/O
                         net (fo=1118, routed)        1.651     2.945    cb_i/axi_gpio_resetn/U0/gpio_core_1/s_axi_aclk
    SLICE_X45Y93         FDRE                                         r  cb_i/axi_gpio_resetn/U0/gpio_core_1/Not_Dual.gpio_Data_Out_reg[0]/C
  -------------------------------------------------------------------    -------------------
    SLICE_X45Y93         FDRE (Prop_fdre_C_Q)         0.456     3.401 r  cb_i/axi_gpio_resetn/U0/gpio_core_1/Not_Dual.gpio_Data_Out_reg[0]/Q
                         net (fo=3, routed)           0.693     4.094    cb_i/vdp_native_slave_0/inst/u_vga_timing/resetn
    SLICE_X44Y93         LUT1 (Prop_lut1_I0_O)        0.124     4.218 f  cb_i/vdp_native_slave_0/inst/u_vga_timing/mem_ready_i_1/O
                         net (fo=58, routed)          1.640     5.858    cb_i/vdp_native_slave_0/inst/u_vga_timing/Not_Dual.gpio_Data_Out_reg[0]
    SLICE_X45Y99         FDCE                                         f  cb_i/vdp_native_slave_0/inst/u_vga_timing/h_cnt_reg[8]/CLR
  -------------------------------------------------------------------    -------------------

                         (clock clk_out1_cb_clk_wiz_0_2 rise edge)
                                                     10.000    10.000 r  
    PS7_X0Y0             PS7                          0.000    10.000 r  cb_i/processing_system7_0/inst/PS7_i/FCLKCLK[0]
                         net (fo=1, routed)           1.088    11.088    cb_i/processing_system7_0/inst/FCLK_CLK_unbuffered[0]
    BUFGCTRL_X0Y16       BUFG (Prop_bufg_I_O)         0.091    11.179 r  cb_i/processing_system7_0/inst/buffer_fclk_clk_0.FCLK_CLK_0_BUFG/O
                         net (fo=1118, routed)        1.612    12.792    cb_i/clk_wiz_0/inst/clk_in1
    MMCME2_ADV_X1Y0      MMCME2_ADV (Prop_mmcme2_adv_CLKIN1_CLKOUT0)
                                                     -3.425     9.366 r  cb_i/clk_wiz_0/inst/mmcm_adv_inst/CLKOUT0
                         net (fo=1, routed)           1.725    11.091    cb_i/clk_wiz_0/inst/clk_out1_cb_clk_wiz_0_2
    BUFGCTRL_X0Y0        BUFG (Prop_bufg_I_O)         0.091    11.182 r  cb_i/clk_wiz_0/inst/clkout1_buf/O
                         net (fo=42, routed)          1.482    12.664    cb_i/vdp_native_slave_0/inst/u_vga_timing/pixel_clk
    SLICE_X45Y99         FDCE                                         r  cb_i/vdp_native_slave_0/inst/u_vga_timing/h_cnt_reg[8]/C
                         clock pessimism              0.115    12.779    
                         clock uncertainty           -0.269    12.510    
    SLICE_X45Y99         FDCE (Recov_fdce_C_CLR)     -0.405    12.105    cb_i/vdp_native_slave_0/inst/u_vga_timing/h_cnt_reg[8]
  -------------------------------------------------------------------
                         required time                         12.105    
                         arrival time                          -5.858    
  -------------------------------------------------------------------
                         slack                                  6.247    

Slack (MET) :             6.247ns  (required time - arrival time)
  Source:                 cb_i/axi_gpio_resetn/U0/gpio_core_1/Not_Dual.gpio_Data_Out_reg[0]/C
                            (rising edge-triggered cell FDRE clocked by clk_fpga_0  {rise@0.000ns fall@5.000ns period=10.000ns})
  Destination:            cb_i/vdp_native_slave_0/inst/u_vga_timing/h_cnt_reg[9]/CLR
                            (recovery check against rising-edge clock clk_out1_cb_clk_wiz_0_2  {rise@0.000ns fall@5.000ns period=10.000ns})
  Path Group:             **async_default**
  Path Type:              Recovery (Max at Slow Process Corner)
  Requirement:            10.000ns  (clk_out1_cb_clk_wiz_0_2 rise@10.000ns - clk_fpga_0 rise@0.000ns)
  Data Path Delay:        2.913ns  (logic 0.580ns (19.912%)  route 2.333ns (80.088%))
  Logic Levels:           1  (LUT1=1)
  Clock Path Skew:        -0.166ns (DCD - SCD + CPR)
    Destination Clock Delay (DCD):    2.664ns = ( 12.664 - 10.000 ) 
    Source Clock Delay      (SCD):    2.945ns
    Clock Pessimism Removal (CPR):    0.115ns
  Clock Uncertainty:      0.269ns  ((TSJ^2 + TIJ^2 + DJ^2)^1/2) / 2 + PE
    Total System Jitter     (TSJ):    0.071ns
    Total Input Jitter      (TIJ):    0.300ns
    Discrete Jitter          (DJ):    0.146ns
    Phase Error              (PE):    0.099ns

    Location             Delay type                Incr(ns)  Path(ns)    Netlist Resource(s)
  -------------------------------------------------------------------    -------------------
                         (clock clk_fpga_0 rise edge)
                                                      0.000     0.000 r  
    PS7_X0Y0             PS7                          0.000     0.000 r  cb_i/processing_system7_0/inst/PS7_i/FCLKCLK[0]
                         net (fo=1, routed)           1.193     1.193    cb_i/processing_system7_0/inst/FCLK_CLK_unbuffered[0]
    BUFGCTRL_X0Y16       BUFG (Prop_bufg_I_O)         0.101     1.294 r  cb_i/processing_system7_0/inst/buffer_fclk_clk_0.FCLK_CLK_0_BUFG/O
                         net (fo=1118, routed)        1.651     2.945    cb_i/axi_gpio_resetn/U0/gpio_core_1/s_axi_aclk
    SLICE_X45Y93         FDRE                                         r  cb_i/axi_gpio_resetn/U0/gpio_core_1/Not_Dual.gpio_Data_Out_reg[0]/C
  -------------------------------------------------------------------    -------------------
    SLICE_X45Y93         FDRE (Prop_fdre_C_Q)         0.456     3.401 r  cb_i/axi_gpio_resetn/U0/gpio_core_1/Not_Dual.gpio_Data_Out_reg[0]/Q
                         net (fo=3, routed)           0.693     4.094    cb_i/vdp_native_slave_0/inst/u_vga_timing/resetn
    SLICE_X44Y93         LUT1 (Prop_lut1_I0_O)        0.124     4.218 f  cb_i/vdp_native_slave_0/inst/u_vga_timing/mem_ready_i_1/O
                         net (fo=58, routed)          1.640     5.858    cb_i/vdp_native_slave_0/inst/u_vga_timing/Not_Dual.gpio_Data_Out_reg[0]
    SLICE_X45Y99         FDCE                                         f  cb_i/vdp_native_slave_0/inst/u_vga_timing/h_cnt_reg[9]/CLR
  -------------------------------------------------------------------    -------------------

                         (clock clk_out1_cb_clk_wiz_0_2 rise edge)
                                                     10.000    10.000 r  
    PS7_X0Y0             PS7                          0.000    10.000 r  cb_i/processing_system7_0/inst/PS7_i/FCLKCLK[0]
                         net (fo=1, routed)           1.088    11.088    cb_i/processing_system7_0/inst/FCLK_CLK_unbuffered[0]
    BUFGCTRL_X0Y16       BUFG (Prop_bufg_I_O)         0.091    11.179 r  cb_i/processing_system7_0/inst/buffer_fclk_clk_0.FCLK_CLK_0_BUFG/O
                         net (fo=1118, routed)        1.612    12.792    cb_i/clk_wiz_0/inst/clk_in1
    MMCME2_ADV_X1Y0      MMCME2_ADV (Prop_mmcme2_adv_CLKIN1_CLKOUT0)
                                                     -3.425     9.366 r  cb_i/clk_wiz_0/inst/mmcm_adv_inst/CLKOUT0
                         net (fo=1, routed)           1.725    11.091    cb_i/clk_wiz_0/inst/clk_out1_cb_clk_wiz_0_2
    BUFGCTRL_X0Y0        BUFG (Prop_bufg_I_O)         0.091    11.182 r  cb_i/clk_wiz_0/inst/clkout1_buf/O
                         net (fo=42, routed)          1.482    12.664    cb_i/vdp_native_slave_0/inst/u_vga_timing/pixel_clk
    SLICE_X45Y99         FDCE                                         r  cb_i/vdp_native_slave_0/inst/u_vga_timing/h_cnt_reg[9]/C
                         clock pessimism              0.115    12.779    
                         clock uncertainty           -0.269    12.510    
    SLICE_X45Y99         FDCE (Recov_fdce_C_CLR)     -0.405    12.105    cb_i/vdp_native_slave_0/inst/u_vga_timing/h_cnt_reg[9]
  -------------------------------------------------------------------
                         required time                         12.105    
                         arrival time                          -5.858    
  -------------------------------------------------------------------
                         slack                                  6.247    

Slack (MET) :             6.352ns  (required time - arrival time)
  Source:                 cb_i/axi_gpio_resetn/U0/gpio_core_1/Not_Dual.gpio_Data_Out_reg[0]/C
                            (rising edge-triggered cell FDRE clocked by clk_fpga_0  {rise@0.000ns fall@5.000ns period=10.000ns})
  Destination:            cb_i/vdp_native_slave_0/inst/u_vga_timing/h_cnt_reg[0]/CLR
                            (recovery check against rising-edge clock clk_out1_cb_clk_wiz_0_2  {rise@0.000ns fall@5.000ns period=10.000ns})
  Path Group:             **async_default**
  Path Type:              Recovery (Max at Slow Process Corner)
  Requirement:            10.000ns  (clk_out1_cb_clk_wiz_0_2 rise@10.000ns - clk_fpga_0 rise@0.000ns)
  Data Path Delay:        2.807ns  (logic 0.580ns (20.660%)  route 2.227ns (79.340%))
  Logic Levels:           1  (LUT1=1)
  Clock Path Skew:        -0.166ns (DCD - SCD + CPR)
    Destination Clock Delay (DCD):    2.664ns = ( 12.664 - 10.000 ) 
    Source Clock Delay      (SCD):    2.945ns
    Clock Pessimism Removal (CPR):    0.115ns
  Clock Uncertainty:      0.269ns  ((TSJ^2 + TIJ^2 + DJ^2)^1/2) / 2 + PE
    Total System Jitter     (TSJ):    0.071ns
    Total Input Jitter      (TIJ):    0.300ns
    Discrete Jitter          (DJ):    0.146ns
    Phase Error              (PE):    0.099ns

    Location             Delay type                Incr(ns)  Path(ns)    Netlist Resource(s)
  -------------------------------------------------------------------    -------------------
                         (clock clk_fpga_0 rise edge)
                                                      0.000     0.000 r  
    PS7_X0Y0             PS7                          0.000     0.000 r  cb_i/processing_system7_0/inst/PS7_i/FCLKCLK[0]
                         net (fo=1, routed)           1.193     1.193    cb_i/processing_system7_0/inst/FCLK_CLK_unbuffered[0]
    BUFGCTRL_X0Y16       BUFG (Prop_bufg_I_O)         0.101     1.294 r  cb_i/processing_system7_0/inst/buffer_fclk_clk_0.FCLK_CLK_0_BUFG/O
                         net (fo=1118, routed)        1.651     2.945    cb_i/axi_gpio_resetn/U0/gpio_core_1/s_axi_aclk
    SLICE_X45Y93         FDRE                                         r  cb_i/axi_gpio_resetn/U0/gpio_core_1/Not_Dual.gpio_Data_Out_reg[0]/C
  -------------------------------------------------------------------    -------------------
    SLICE_X45Y93         FDRE (Prop_fdre_C_Q)         0.456     3.401 r  cb_i/axi_gpio_resetn/U0/gpio_core_1/Not_Dual.gpio_Data_Out_reg[0]/Q
                         net (fo=3, routed)           0.693     4.094    cb_i/vdp_native_slave_0/inst/u_vga_timing/resetn
    SLICE_X44Y93         LUT1 (Prop_lut1_I0_O)        0.124     4.218 f  cb_i/vdp_native_slave_0/inst/u_vga_timing/mem_ready_i_1/O
                         net (fo=58, routed)          1.534     5.752    cb_i/vdp_native_slave_0/inst/u_vga_timing/Not_Dual.gpio_Data_Out_reg[0]
    SLICE_X45Y98         FDCE                                         f  cb_i/vdp_native_slave_0/inst/u_vga_timing/h_cnt_reg[0]/CLR
  -------------------------------------------------------------------    -------------------

                         (clock clk_out1_cb_clk_wiz_0_2 rise edge)
                                                     10.000    10.000 r  
    PS7_X0Y0             PS7                          0.000    10.000 r  cb_i/processing_system7_0/inst/PS7_i/FCLKCLK[0]
                         net (fo=1, routed)           1.088    11.088    cb_i/processing_system7_0/inst/FCLK_CLK_unbuffered[0]
    BUFGCTRL_X0Y16       BUFG (Prop_bufg_I_O)         0.091    11.179 r  cb_i/processing_system7_0/inst/buffer_fclk_clk_0.FCLK_CLK_0_BUFG/O
                         net (fo=1118, routed)        1.612    12.792    cb_i/clk_wiz_0/inst/clk_in1
    MMCME2_ADV_X1Y0      MMCME2_ADV (Prop_mmcme2_adv_CLKIN1_CLKOUT0)
                                                     -3.425     9.366 r  cb_i/clk_wiz_0/inst/mmcm_adv_inst/CLKOUT0
                         net (fo=1, routed)           1.725    11.091    cb_i/clk_wiz_0/inst/clk_out1_cb_clk_wiz_0_2
    BUFGCTRL_X0Y0        BUFG (Prop_bufg_I_O)         0.091    11.182 r  cb_i/clk_wiz_0/inst/clkout1_buf/O
                         net (fo=42, routed)          1.482    12.664    cb_i/vdp_native_slave_0/inst/u_vga_timing/pixel_clk
    SLICE_X45Y98         FDCE                                         r  cb_i/vdp_native_slave_0/inst/u_vga_timing/h_cnt_reg[0]/C
                         clock pessimism              0.115    12.779    
                         clock uncertainty           -0.269    12.510    
    SLICE_X45Y98         FDCE (Recov_fdce_C_CLR)     -0.405    12.105    cb_i/vdp_native_slave_0/inst/u_vga_timing/h_cnt_reg[0]
  -------------------------------------------------------------------
                         required time                         12.105    
                         arrival time                          -5.752    
  -------------------------------------------------------------------
                         slack                                  6.352    

Slack (MET) :             6.352ns  (required time - arrival time)
  Source:                 cb_i/axi_gpio_resetn/U0/gpio_core_1/Not_Dual.gpio_Data_Out_reg[0]/C
                            (rising edge-triggered cell FDRE clocked by clk_fpga_0  {rise@0.000ns fall@5.000ns period=10.000ns})
  Destination:            cb_i/vdp_native_slave_0/inst/u_vga_timing/h_cnt_reg[1]/CLR
                            (recovery check against rising-edge clock clk_out1_cb_clk_wiz_0_2  {rise@0.000ns fall@5.000ns period=10.000ns})
  Path Group:             **async_default**
  Path Type:              Recovery (Max at Slow Process Corner)
  Requirement:            10.000ns  (clk_out1_cb_clk_wiz_0_2 rise@10.000ns - clk_fpga_0 rise@0.000ns)
  Data Path Delay:        2.807ns  (logic 0.580ns (20.660%)  route 2.227ns (79.340%))
  Logic Levels:           1  (LUT1=1)
  Clock Path Skew:        -0.166ns (DCD - SCD + CPR)
    Destination Clock Delay (DCD):    2.664ns = ( 12.664 - 10.000 ) 
    Source Clock Delay      (SCD):    2.945ns
    Clock Pessimism Removal (CPR):    0.115ns
  Clock Uncertainty:      0.269ns  ((TSJ^2 + TIJ^2 + DJ^2)^1/2) / 2 + PE
    Total System Jitter     (TSJ):    0.071ns
    Total Input Jitter      (TIJ):    0.300ns
    Discrete Jitter          (DJ):    0.146ns
    Phase Error              (PE):    0.099ns

    Location             Delay type                Incr(ns)  Path(ns)    Netlist Resource(s)
  -------------------------------------------------------------------    -------------------
                         (clock clk_fpga_0 rise edge)
                                                      0.000     0.000 r  
    PS7_X0Y0             PS7                          0.000     0.000 r  cb_i/processing_system7_0/inst/PS7_i/FCLKCLK[0]
                         net (fo=1, routed)           1.193     1.193    cb_i/processing_system7_0/inst/FCLK_CLK_unbuffered[0]
    BUFGCTRL_X0Y16       BUFG (Prop_bufg_I_O)         0.101     1.294 r  cb_i/processing_system7_0/inst/buffer_fclk_clk_0.FCLK_CLK_0_BUFG/O
                         net (fo=1118, routed)        1.651     2.945    cb_i/axi_gpio_resetn/U0/gpio_core_1/s_axi_aclk
    SLICE_X45Y93         FDRE                                         r  cb_i/axi_gpio_resetn/U0/gpio_core_1/Not_Dual.gpio_Data_Out_reg[0]/C
  -------------------------------------------------------------------    -------------------
    SLICE_X45Y93         FDRE (Prop_fdre_C_Q)         0.456     3.401 r  cb_i/axi_gpio_resetn/U0/gpio_core_1/Not_Dual.gpio_Data_Out_reg[0]/Q
                         net (fo=3, routed)           0.693     4.094    cb_i/vdp_native_slave_0/inst/u_vga_timing/resetn
    SLICE_X44Y93         LUT1 (Prop_lut1_I0_O)        0.124     4.218 f  cb_i/vdp_native_slave_0/inst/u_vga_timing/mem_ready_i_1/O
                         net (fo=58, routed)          1.534     5.752    cb_i/vdp_native_slave_0/inst/u_vga_timing/Not_Dual.gpio_Data_Out_reg[0]
    SLICE_X45Y98         FDCE                                         f  cb_i/vdp_native_slave_0/inst/u_vga_timing/h_cnt_reg[1]/CLR
  -------------------------------------------------------------------    -------------------

                         (clock clk_out1_cb_clk_wiz_0_2 rise edge)
                                                     10.000    10.000 r  
    PS7_X0Y0             PS7                          0.000    10.000 r  cb_i/processing_system7_0/inst/PS7_i/FCLKCLK[0]
                         net (fo=1, routed)           1.088    11.088    cb_i/processing_system7_0/inst/FCLK_CLK_unbuffered[0]
    BUFGCTRL_X0Y16       BUFG (Prop_bufg_I_O)         0.091    11.179 r  cb_i/processing_system7_0/inst/buffer_fclk_clk_0.FCLK_CLK_0_BUFG/O
                         net (fo=1118, routed)        1.612    12.792    cb_i/clk_wiz_0/inst/clk_in1
    MMCME2_ADV_X1Y0      MMCME2_ADV (Prop_mmcme2_adv_CLKIN1_CLKOUT0)
                                                     -3.425     9.366 r  cb_i/clk_wiz_0/inst/mmcm_adv_inst/CLKOUT0
                         net (fo=1, routed)           1.725    11.091    cb_i/clk_wiz_0/inst/clk_out1_cb_clk_wiz_0_2
    BUFGCTRL_X0Y0        BUFG (Prop_bufg_I_O)         0.091    11.182 r  cb_i/clk_wiz_0/inst/clkout1_buf/O
                         net (fo=42, routed)          1.482    12.664    cb_i/vdp_native_slave_0/inst/u_vga_timing/pixel_clk
    SLICE_X45Y98         FDCE                                         r  cb_i/vdp_native_slave_0/inst/u_vga_timing/h_cnt_reg[1]/C
                         clock pessimism              0.115    12.779    
                         clock uncertainty           -0.269    12.510    
    SLICE_X45Y98         FDCE (Recov_fdce_C_CLR)     -0.405    12.105    cb_i/vdp_native_slave_0/inst/u_vga_timing/h_cnt_reg[1]
  -------------------------------------------------------------------
                         required time                         12.105    
                         arrival time                          -5.752    
  -------------------------------------------------------------------
                         slack                                  6.352    

Slack (MET) :             6.352ns  (required time - arrival time)
  Source:                 cb_i/axi_gpio_resetn/U0/gpio_core_1/Not_Dual.gpio_Data_Out_reg[0]/C
                            (rising edge-triggered cell FDRE clocked by clk_fpga_0  {rise@0.000ns fall@5.000ns period=10.000ns})
  Destination:            cb_i/vdp_native_slave_0/inst/u_vga_timing/h_cnt_reg[2]/CLR
                            (recovery check against rising-edge clock clk_out1_cb_clk_wiz_0_2  {rise@0.000ns fall@5.000ns period=10.000ns})
  Path Group:             **async_default**
  Path Type:              Recovery (Max at Slow Process Corner)
  Requirement:            10.000ns  (clk_out1_cb_clk_wiz_0_2 rise@10.000ns - clk_fpga_0 rise@0.000ns)
  Data Path Delay:        2.807ns  (logic 0.580ns (20.660%)  route 2.227ns (79.340%))
  Logic Levels:           1  (LUT1=1)
  Clock Path Skew:        -0.166ns (DCD - SCD + CPR)
    Destination Clock Delay (DCD):    2.664ns = ( 12.664 - 10.000 ) 
    Source Clock Delay      (SCD):    2.945ns
    Clock Pessimism Removal (CPR):    0.115ns
  Clock Uncertainty:      0.269ns  ((TSJ^2 + TIJ^2 + DJ^2)^1/2) / 2 + PE
    Total System Jitter     (TSJ):    0.071ns
    Total Input Jitter      (TIJ):    0.300ns
    Discrete Jitter          (DJ):    0.146ns
    Phase Error              (PE):    0.099ns

    Location             Delay type                Incr(ns)  Path(ns)    Netlist Resource(s)
  -------------------------------------------------------------------    -------------------
                         (clock clk_fpga_0 rise edge)
                                                      0.000     0.000 r  
    PS7_X0Y0             PS7                          0.000     0.000 r  cb_i/processing_system7_0/inst/PS7_i/FCLKCLK[0]
                         net (fo=1, routed)           1.193     1.193    cb_i/processing_system7_0/inst/FCLK_CLK_unbuffered[0]
    BUFGCTRL_X0Y16       BUFG (Prop_bufg_I_O)         0.101     1.294 r  cb_i/processing_system7_0/inst/buffer_fclk_clk_0.FCLK_CLK_0_BUFG/O
                         net (fo=1118, routed)        1.651     2.945    cb_i/axi_gpio_resetn/U0/gpio_core_1/s_axi_aclk
    SLICE_X45Y93         FDRE                                         r  cb_i/axi_gpio_resetn/U0/gpio_core_1/Not_Dual.gpio_Data_Out_reg[0]/C
  -------------------------------------------------------------------    -------------------
    SLICE_X45Y93         FDRE (Prop_fdre_C_Q)         0.456     3.401 r  cb_i/axi_gpio_resetn/U0/gpio_core_1/Not_Dual.gpio_Data_Out_reg[0]/Q
                         net (fo=3, routed)           0.693     4.094    cb_i/vdp_native_slave_0/inst/u_vga_timing/resetn
    SLICE_X44Y93         LUT1 (Prop_lut1_I0_O)        0.124     4.218 f  cb_i/vdp_native_slave_0/inst/u_vga_timing/mem_ready_i_1/O
                         net (fo=58, routed)          1.534     5.752    cb_i/vdp_native_slave_0/inst/u_vga_timing/Not_Dual.gpio_Data_Out_reg[0]
    SLICE_X45Y98         FDCE                                         f  cb_i/vdp_native_slave_0/inst/u_vga_timing/h_cnt_reg[2]/CLR
  -------------------------------------------------------------------    -------------------

                         (clock clk_out1_cb_clk_wiz_0_2 rise edge)
                                                     10.000    10.000 r  
    PS7_X0Y0             PS7                          0.000    10.000 r  cb_i/processing_system7_0/inst/PS7_i/FCLKCLK[0]
                         net (fo=1, routed)           1.088    11.088    cb_i/processing_system7_0/inst/FCLK_CLK_unbuffered[0]
    BUFGCTRL_X0Y16       BUFG (Prop_bufg_I_O)         0.091    11.179 r  cb_i/processing_system7_0/inst/buffer_fclk_clk_0.FCLK_CLK_0_BUFG/O
                         net (fo=1118, routed)        1.612    12.792    cb_i/clk_wiz_0/inst/clk_in1
    MMCME2_ADV_X1Y0      MMCME2_ADV (Prop_mmcme2_adv_CLKIN1_CLKOUT0)
                                                     -3.425     9.366 r  cb_i/clk_wiz_0/inst/mmcm_adv_inst/CLKOUT0
                         net (fo=1, routed)           1.725    11.091    cb_i/clk_wiz_0/inst/clk_out1_cb_clk_wiz_0_2
    BUFGCTRL_X0Y0        BUFG (Prop_bufg_I_O)         0.091    11.182 r  cb_i/clk_wiz_0/inst/clkout1_buf/O
                         net (fo=42, routed)          1.482    12.664    cb_i/vdp_native_slave_0/inst/u_vga_timing/pixel_clk
    SLICE_X45Y98         FDCE                                         r  cb_i/vdp_native_slave_0/inst/u_vga_timing/h_cnt_reg[2]/C
                         clock pessimism              0.115    12.779    
                         clock uncertainty           -0.269    12.510    
    SLICE_X45Y98         FDCE (Recov_fdce_C_CLR)     -0.405    12.105    cb_i/vdp_native_slave_0/inst/u_vga_timing/h_cnt_reg[2]
  -------------------------------------------------------------------
                         required time                         12.105    
                         arrival time                          -5.752    
  -------------------------------------------------------------------
                         slack                                  6.352    

Slack (MET) :             6.352ns  (required time - arrival time)
  Source:                 cb_i/axi_gpio_resetn/U0/gpio_core_1/Not_Dual.gpio_Data_Out_reg[0]/C
                            (rising edge-triggered cell FDRE clocked by clk_fpga_0  {rise@0.000ns fall@5.000ns period=10.000ns})
  Destination:            cb_i/vdp_native_slave_0/inst/u_vga_timing/h_cnt_reg[3]/CLR
                            (recovery check against rising-edge clock clk_out1_cb_clk_wiz_0_2  {rise@0.000ns fall@5.000ns period=10.000ns})
  Path Group:             **async_default**
  Path Type:              Recovery (Max at Slow Process Corner)
  Requirement:            10.000ns  (clk_out1_cb_clk_wiz_0_2 rise@10.000ns - clk_fpga_0 rise@0.000ns)
  Data Path Delay:        2.807ns  (logic 0.580ns (20.660%)  route 2.227ns (79.340%))
  Logic Levels:           1  (LUT1=1)
  Clock Path Skew:        -0.166ns (DCD - SCD + CPR)
    Destination Clock Delay (DCD):    2.664ns = ( 12.664 - 10.000 ) 
    Source Clock Delay      (SCD):    2.945ns
    Clock Pessimism Removal (CPR):    0.115ns
  Clock Uncertainty:      0.269ns  ((TSJ^2 + TIJ^2 + DJ^2)^1/2) / 2 + PE
    Total System Jitter     (TSJ):    0.071ns
    Total Input Jitter      (TIJ):    0.300ns
    Discrete Jitter          (DJ):    0.146ns
    Phase Error              (PE):    0.099ns

    Location             Delay type                Incr(ns)  Path(ns)    Netlist Resource(s)
  -------------------------------------------------------------------    -------------------
                         (clock clk_fpga_0 rise edge)
                                                      0.000     0.000 r  
    PS7_X0Y0             PS7                          0.000     0.000 r  cb_i/processing_system7_0/inst/PS7_i/FCLKCLK[0]
                         net (fo=1, routed)           1.193     1.193    cb_i/processing_system7_0/inst/FCLK_CLK_unbuffered[0]
    BUFGCTRL_X0Y16       BUFG (Prop_bufg_I_O)         0.101     1.294 r  cb_i/processing_system7_0/inst/buffer_fclk_clk_0.FCLK_CLK_0_BUFG/O
                         net (fo=1118, routed)        1.651     2.945    cb_i/axi_gpio_resetn/U0/gpio_core_1/s_axi_aclk
    SLICE_X45Y93         FDRE                                         r  cb_i/axi_gpio_resetn/U0/gpio_core_1/Not_Dual.gpio_Data_Out_reg[0]/C
  -------------------------------------------------------------------    -------------------
    SLICE_X45Y93         FDRE (Prop_fdre_C_Q)         0.456     3.401 r  cb_i/axi_gpio_resetn/U0/gpio_core_1/Not_Dual.gpio_Data_Out_reg[0]/Q
                         net (fo=3, routed)           0.693     4.094    cb_i/vdp_native_slave_0/inst/u_vga_timing/resetn
    SLICE_X44Y93         LUT1 (Prop_lut1_I0_O)        0.124     4.218 f  cb_i/vdp_native_slave_0/inst/u_vga_timing/mem_ready_i_1/O
                         net (fo=58, routed)          1.534     5.752    cb_i/vdp_native_slave_0/inst/u_vga_timing/Not_Dual.gpio_Data_Out_reg[0]
    SLICE_X45Y98         FDCE                                         f  cb_i/vdp_native_slave_0/inst/u_vga_timing/h_cnt_reg[3]/CLR
  -------------------------------------------------------------------    -------------------

                         (clock clk_out1_cb_clk_wiz_0_2 rise edge)
                                                     10.000    10.000 r  
    PS7_X0Y0             PS7                          0.000    10.000 r  cb_i/processing_system7_0/inst/PS7_i/FCLKCLK[0]
                         net (fo=1, routed)           1.088    11.088    cb_i/processing_system7_0/inst/FCLK_CLK_unbuffered[0]
    BUFGCTRL_X0Y16       BUFG (Prop_bufg_I_O)         0.091    11.179 r  cb_i/processing_system7_0/inst/buffer_fclk_clk_0.FCLK_CLK_0_BUFG/O
                         net (fo=1118, routed)        1.612    12.792    cb_i/clk_wiz_0/inst/clk_in1
    MMCME2_ADV_X1Y0      MMCME2_ADV (Prop_mmcme2_adv_CLKIN1_CLKOUT0)
                                                     -3.425     9.366 r  cb_i/clk_wiz_0/inst/mmcm_adv_inst/CLKOUT0
                         net (fo=1, routed)           1.725    11.091    cb_i/clk_wiz_0/inst/clk_out1_cb_clk_wiz_0_2
    BUFGCTRL_X0Y0        BUFG (Prop_bufg_I_O)         0.091    11.182 r  cb_i/clk_wiz_0/inst/clkout1_buf/O
                         net (fo=42, routed)          1.482    12.664    cb_i/vdp_native_slave_0/inst/u_vga_timing/pixel_clk
    SLICE_X45Y98         FDCE                                         r  cb_i/vdp_native_slave_0/inst/u_vga_timing/h_cnt_reg[3]/C
                         clock pessimism              0.115    12.779    
                         clock uncertainty           -0.269    12.510    
    SLICE_X45Y98         FDCE (Recov_fdce_C_CLR)     -0.405    12.105    cb_i/vdp_native_slave_0/inst/u_vga_timing/h_cnt_reg[3]
  -------------------------------------------------------------------
                         required time                         12.105    
                         arrival time                          -5.752    
  -------------------------------------------------------------------
                         slack                                  6.352    





Min Delay Paths
--------------------------------------------------------------------------------------
Slack (MET) :             0.289ns  (arrival time - required time)
  Source:                 cb_i/axi_gpio_resetn/U0/gpio_core_1/Not_Dual.gpio_Data_Out_reg[0]/C
                            (rising edge-triggered cell FDRE clocked by clk_fpga_0  {rise@0.000ns fall@5.000ns period=10.000ns})
  Destination:            cb_i/vdp_native_slave_0/inst/pattern_mode_pclk_reg/CLR
                            (removal check against rising-edge clock clk_out1_cb_clk_wiz_0_2  {rise@0.000ns fall@5.000ns period=10.000ns})
  Path Group:             **async_default**
  Path Type:              Removal (Min at Fast Process Corner)
  Requirement:            0.000ns  (clk_out1_cb_clk_wiz_0_2 rise@0.000ns - clk_fpga_0 rise@0.000ns)
  Data Path Delay:        0.738ns  (logic 0.186ns (25.193%)  route 0.552ns (74.807%))
  Logic Levels:           1  (LUT1=1)
  Clock Path Skew:        0.272ns (DCD - SCD - CPR)
    Destination Clock Delay (DCD):    1.194ns
    Source Clock Delay      (SCD):    0.892ns
    Clock Pessimism Removal (CPR):    0.030ns
  Clock Uncertainty:      0.269ns  ((TSJ^2 + TIJ^2 + DJ^2)^1/2) / 2 + PE
    Total System Jitter     (TSJ):    0.071ns
    Total Input Jitter      (TIJ):    0.300ns
    Discrete Jitter          (DJ):    0.146ns
    Phase Error              (PE):    0.099ns

    Location             Delay type                Incr(ns)  Path(ns)    Netlist Resource(s)
  -------------------------------------------------------------------    -------------------
                         (clock clk_fpga_0 rise edge)
                                                      0.000     0.000 r  
    PS7_X0Y0             PS7                          0.000     0.000 r  cb_i/processing_system7_0/inst/PS7_i/FCLKCLK[0]
                         net (fo=1, routed)           0.310     0.310    cb_i/processing_system7_0/inst/FCLK_CLK_unbuffered[0]
    BUFGCTRL_X0Y16       BUFG (Prop_bufg_I_O)         0.026     0.336 r  cb_i/processing_system7_0/inst/buffer_fclk_clk_0.FCLK_CLK_0_BUFG/O
                         net (fo=1118, routed)        0.556     0.892    cb_i/axi_gpio_resetn/U0/gpio_core_1/s_axi_aclk
    SLICE_X45Y93         FDRE                                         r  cb_i/axi_gpio_resetn/U0/gpio_core_1/Not_Dual.gpio_Data_Out_reg[0]/C
  -------------------------------------------------------------------    -------------------
    SLICE_X45Y93         FDRE (Prop_fdre_C_Q)         0.141     1.033 r  cb_i/axi_gpio_resetn/U0/gpio_core_1/Not_Dual.gpio_Data_Out_reg[0]/Q
                         net (fo=3, routed)           0.245     1.278    cb_i/vdp_native_slave_0/inst/u_vga_timing/resetn
    SLICE_X44Y93         LUT1 (Prop_lut1_I0_O)        0.045     1.323 f  cb_i/vdp_native_slave_0/inst/u_vga_timing/mem_ready_i_1/O
                         net (fo=58, routed)          0.307     1.630    cb_i/vdp_native_slave_0/inst/u_vga_timing_n_25
    SLICE_X44Y94         FDCE                                         f  cb_i/vdp_native_slave_0/inst/pattern_mode_pclk_reg/CLR
  -------------------------------------------------------------------    -------------------

                         (clock clk_out1_cb_clk_wiz_0_2 rise edge)
                                                      0.000     0.000 r  
    PS7_X0Y0             PS7                          0.000     0.000 r  cb_i/processing_system7_0/inst/PS7_i/FCLKCLK[0]
                         net (fo=1, routed)           0.337     0.337    cb_i/processing_system7_0/inst/FCLK_CLK_unbuffered[0]
    BUFGCTRL_X0Y16       BUFG (Prop_bufg_I_O)         0.029     0.366 r  cb_i/processing_system7_0/inst/buffer_fclk_clk_0.FCLK_CLK_0_BUFG/O
                         net (fo=1118, routed)        0.864     1.230    cb_i/clk_wiz_0/inst/clk_in1
    MMCME2_ADV_X1Y0      MMCME2_ADV (Prop_mmcme2_adv_CLKIN1_CLKOUT0)
                                                     -1.467    -0.237 r  cb_i/clk_wiz_0/inst/mmcm_adv_inst/CLKOUT0
                         net (fo=1, routed)           0.576     0.339    cb_i/clk_wiz_0/inst/clk_out1_cb_clk_wiz_0_2
    BUFGCTRL_X0Y0        BUFG (Prop_bufg_I_O)         0.029     0.368 r  cb_i/clk_wiz_0/inst/clkout1_buf/O
                         net (fo=42, routed)          0.826     1.194    cb_i/vdp_native_slave_0/inst/pixel_clk
    SLICE_X44Y94         FDCE                                         r  cb_i/vdp_native_slave_0/inst/pattern_mode_pclk_reg/C
                         clock pessimism             -0.030     1.164    
                         clock uncertainty            0.269     1.433    
    SLICE_X44Y94         FDCE (Remov_fdce_C_CLR)     -0.092     1.341    cb_i/vdp_native_slave_0/inst/pattern_mode_pclk_reg
  -------------------------------------------------------------------
                         required time                         -1.341    
                         arrival time                           1.630    
  -------------------------------------------------------------------
                         slack                                  0.289    

Slack (MET) :             0.292ns  (arrival time - required time)
  Source:                 cb_i/axi_gpio_resetn/U0/gpio_core_1/Not_Dual.gpio_Data_Out_reg[0]/C
                            (rising edge-triggered cell FDRE clocked by clk_fpga_0  {rise@0.000ns fall@5.000ns period=10.000ns})
  Destination:            cb_i/vdp_native_slave_0/inst/color_pclk_reg[13]/PRE
                            (removal check against rising-edge clock clk_out1_cb_clk_wiz_0_2  {rise@0.000ns fall@5.000ns period=10.000ns})
  Path Group:             **async_default**
  Path Type:              Removal (Min at Fast Process Corner)
  Requirement:            0.000ns  (clk_out1_cb_clk_wiz_0_2 rise@0.000ns - clk_fpga_0 rise@0.000ns)
  Data Path Delay:        0.738ns  (logic 0.186ns (25.193%)  route 0.552ns (74.807%))
  Logic Levels:           1  (LUT1=1)
  Clock Path Skew:        0.272ns (DCD - SCD - CPR)
    Destination Clock Delay (DCD):    1.194ns
    Source Clock Delay      (SCD):    0.892ns
    Clock Pessimism Removal (CPR):    0.030ns
  Clock Uncertainty:      0.269ns  ((TSJ^2 + TIJ^2 + DJ^2)^1/2) / 2 + PE
    Total System Jitter     (TSJ):    0.071ns
    Total Input Jitter      (TIJ):    0.300ns
    Discrete Jitter          (DJ):    0.146ns
    Phase Error              (PE):    0.099ns

    Location             Delay type                Incr(ns)  Path(ns)    Netlist Resource(s)
  -------------------------------------------------------------------    -------------------
                         (clock clk_fpga_0 rise edge)
                                                      0.000     0.000 r  
    PS7_X0Y0             PS7                          0.000     0.000 r  cb_i/processing_system7_0/inst/PS7_i/FCLKCLK[0]
                         net (fo=1, routed)           0.310     0.310    cb_i/processing_system7_0/inst/FCLK_CLK_unbuffered[0]
    BUFGCTRL_X0Y16       BUFG (Prop_bufg_I_O)         0.026     0.336 r  cb_i/processing_system7_0/inst/buffer_fclk_clk_0.FCLK_CLK_0_BUFG/O
                         net (fo=1118, routed)        0.556     0.892    cb_i/axi_gpio_resetn/U0/gpio_core_1/s_axi_aclk
    SLICE_X45Y93         FDRE                                         r  cb_i/axi_gpio_resetn/U0/gpio_core_1/Not_Dual.gpio_Data_Out_reg[0]/C
  -------------------------------------------------------------------    -------------------
    SLICE_X45Y93         FDRE (Prop_fdre_C_Q)         0.141     1.033 r  cb_i/axi_gpio_resetn/U0/gpio_core_1/Not_Dual.gpio_Data_Out_reg[0]/Q
                         net (fo=3, routed)           0.245     1.278    cb_i/vdp_native_slave_0/inst/u_vga_timing/resetn
    SLICE_X44Y93         LUT1 (Prop_lut1_I0_O)        0.045     1.323 f  cb_i/vdp_native_slave_0/inst/u_vga_timing/mem_ready_i_1/O
                         net (fo=58, routed)          0.307     1.630    cb_i/vdp_native_slave_0/inst/u_vga_timing_n_25
    SLICE_X44Y94         FDPE                                         f  cb_i/vdp_native_slave_0/inst/color_pclk_reg[13]/PRE
  -------------------------------------------------------------------    -------------------

                         (clock clk_out1_cb_clk_wiz_0_2 rise edge)
                                                      0.000     0.000 r  
    PS7_X0Y0             PS7                          0.000     0.000 r  cb_i/processing_system7_0/inst/PS7_i/FCLKCLK[0]
                         net (fo=1, routed)           0.337     0.337    cb_i/processing_system7_0/inst/FCLK_CLK_unbuffered[0]
    BUFGCTRL_X0Y16       BUFG (Prop_bufg_I_O)         0.029     0.366 r  cb_i/processing_system7_0/inst/buffer_fclk_clk_0.FCLK_CLK_0_BUFG/O
                         net (fo=1118, routed)        0.864     1.230    cb_i/clk_wiz_0/inst/clk_in1
    MMCME2_ADV_X1Y0      MMCME2_ADV (Prop_mmcme2_adv_CLKIN1_CLKOUT0)
                                                     -1.467    -0.237 r  cb_i/clk_wiz_0/inst/mmcm_adv_inst/CLKOUT0
                         net (fo=1, routed)           0.576     0.339    cb_i/clk_wiz_0/inst/clk_out1_cb_clk_wiz_0_2
    BUFGCTRL_X0Y0        BUFG (Prop_bufg_I_O)         0.029     0.368 r  cb_i/clk_wiz_0/inst/clkout1_buf/O
                         net (fo=42, routed)          0.826     1.194    cb_i/vdp_native_slave_0/inst/pixel_clk
    SLICE_X44Y94         FDPE                                         r  cb_i/vdp_native_slave_0/inst/color_pclk_reg[13]/C
                         clock pessimism             -0.030     1.164    
                         clock uncertainty            0.269     1.433    
    SLICE_X44Y94         FDPE (Remov_fdpe_C_PRE)     -0.095     1.338    cb_i/vdp_native_slave_0/inst/color_pclk_reg[13]
  -------------------------------------------------------------------
                         required time                         -1.338    
                         arrival time                           1.630    
  -------------------------------------------------------------------
                         slack                                  0.292    

Slack (MET) :             0.292ns  (arrival time - required time)
  Source:                 cb_i/axi_gpio_resetn/U0/gpio_core_1/Not_Dual.gpio_Data_Out_reg[0]/C
                            (rising edge-triggered cell FDRE clocked by clk_fpga_0  {rise@0.000ns fall@5.000ns period=10.000ns})
  Destination:            cb_i/vdp_native_slave_0/inst/color_pclk_reg[15]/PRE
                            (removal check against rising-edge clock clk_out1_cb_clk_wiz_0_2  {rise@0.000ns fall@5.000ns period=10.000ns})
  Path Group:             **async_default**
  Path Type:              Removal (Min at Fast Process Corner)
  Requirement:            0.000ns  (clk_out1_cb_clk_wiz_0_2 rise@0.000ns - clk_fpga_0 rise@0.000ns)
  Data Path Delay:        0.738ns  (logic 0.186ns (25.193%)  route 0.552ns (74.807%))
  Logic Levels:           1  (LUT1=1)
  Clock Path Skew:        0.272ns (DCD - SCD - CPR)
    Destination Clock Delay (DCD):    1.194ns
    Source Clock Delay      (SCD):    0.892ns
    Clock Pessimism Removal (CPR):    0.030ns
  Clock Uncertainty:      0.269ns  ((TSJ^2 + TIJ^2 + DJ^2)^1/2) / 2 + PE
    Total System Jitter     (TSJ):    0.071ns
    Total Input Jitter      (TIJ):    0.300ns
    Discrete Jitter          (DJ):    0.146ns
    Phase Error              (PE):    0.099ns

    Location             Delay type                Incr(ns)  Path(ns)    Netlist Resource(s)
  -------------------------------------------------------------------    -------------------
                         (clock clk_fpga_0 rise edge)
                                                      0.000     0.000 r  
    PS7_X0Y0             PS7                          0.000     0.000 r  cb_i/processing_system7_0/inst/PS7_i/FCLKCLK[0]
                         net (fo=1, routed)           0.310     0.310    cb_i/processing_system7_0/inst/FCLK_CLK_unbuffered[0]
    BUFGCTRL_X0Y16       BUFG (Prop_bufg_I_O)         0.026     0.336 r  cb_i/processing_system7_0/inst/buffer_fclk_clk_0.FCLK_CLK_0_BUFG/O
                         net (fo=1118, routed)        0.556     0.892    cb_i/axi_gpio_resetn/U0/gpio_core_1/s_axi_aclk
    SLICE_X45Y93         FDRE                                         r  cb_i/axi_gpio_resetn/U0/gpio_core_1/Not_Dual.gpio_Data_Out_reg[0]/C
  -------------------------------------------------------------------    -------------------
    SLICE_X45Y93         FDRE (Prop_fdre_C_Q)         0.141     1.033 r  cb_i/axi_gpio_resetn/U0/gpio_core_1/Not_Dual.gpio_Data_Out_reg[0]/Q
                         net (fo=3, routed)           0.245     1.278    cb_i/vdp_native_slave_0/inst/u_vga_timing/resetn
    SLICE_X44Y93         LUT1 (Prop_lut1_I0_O)        0.045     1.323 f  cb_i/vdp_native_slave_0/inst/u_vga_timing/mem_ready_i_1/O
                         net (fo=58, routed)          0.307     1.630    cb_i/vdp_native_slave_0/inst/u_vga_timing_n_25
    SLICE_X44Y94         FDPE                                         f  cb_i/vdp_native_slave_0/inst/color_pclk_reg[15]/PRE
  -------------------------------------------------------------------    -------------------

                         (clock clk_out1_cb_clk_wiz_0_2 rise edge)
                                                      0.000     0.000 r  
    PS7_X0Y0             PS7                          0.000     0.000 r  cb_i/processing_system7_0/inst/PS7_i/FCLKCLK[0]
                         net (fo=1, routed)           0.337     0.337    cb_i/processing_system7_0/inst/FCLK_CLK_unbuffered[0]
    BUFGCTRL_X0Y16       BUFG (Prop_bufg_I_O)         0.029     0.366 r  cb_i/processing_system7_0/inst/buffer_fclk_clk_0.FCLK_CLK_0_BUFG/O
                         net (fo=1118, routed)        0.864     1.230    cb_i/clk_wiz_0/inst/clk_in1
    MMCME2_ADV_X1Y0      MMCME2_ADV (Prop_mmcme2_adv_CLKIN1_CLKOUT0)
                                                     -1.467    -0.237 r  cb_i/clk_wiz_0/inst/mmcm_adv_inst/CLKOUT0
                         net (fo=1, routed)           0.576     0.339    cb_i/clk_wiz_0/inst/clk_out1_cb_clk_wiz_0_2
    BUFGCTRL_X0Y0        BUFG (Prop_bufg_I_O)         0.029     0.368 r  cb_i/clk_wiz_0/inst/clkout1_buf/O
                         net (fo=42, routed)          0.826     1.194    cb_i/vdp_native_slave_0/inst/pixel_clk
    SLICE_X44Y94         FDPE                                         r  cb_i/vdp_native_slave_0/inst/color_pclk_reg[15]/C
                         clock pessimism             -0.030     1.164    
                         clock uncertainty            0.269     1.433    
    SLICE_X44Y94         FDPE (Remov_fdpe_C_PRE)     -0.095     1.338    cb_i/vdp_native_slave_0/inst/color_pclk_reg[15]
  -------------------------------------------------------------------
                         required time                         -1.338    
                         arrival time                           1.630    
  -------------------------------------------------------------------
                         slack                                  0.292    

Slack (MET) :             0.292ns  (arrival time - required time)
  Source:                 cb_i/axi_gpio_resetn/U0/gpio_core_1/Not_Dual.gpio_Data_Out_reg[0]/C
                            (rising edge-triggered cell FDRE clocked by clk_fpga_0  {rise@0.000ns fall@5.000ns period=10.000ns})
  Destination:            cb_i/vdp_native_slave_0/inst/color_pclk_reg[4]/PRE
                            (removal check against rising-edge clock clk_out1_cb_clk_wiz_0_2  {rise@0.000ns fall@5.000ns period=10.000ns})
  Path Group:             **async_default**
  Path Type:              Removal (Min at Fast Process Corner)
  Requirement:            0.000ns  (clk_out1_cb_clk_wiz_0_2 rise@0.000ns - clk_fpga_0 rise@0.000ns)
  Data Path Delay:        0.738ns  (logic 0.186ns (25.193%)  route 0.552ns (74.807%))
  Logic Levels:           1  (LUT1=1)
  Clock Path Skew:        0.272ns (DCD - SCD - CPR)
    Destination Clock Delay (DCD):    1.194ns
    Source Clock Delay      (SCD):    0.892ns
    Clock Pessimism Removal (CPR):    0.030ns
  Clock Uncertainty:      0.269ns  ((TSJ^2 + TIJ^2 + DJ^2)^1/2) / 2 + PE
    Total System Jitter     (TSJ):    0.071ns
    Total Input Jitter      (TIJ):    0.300ns
    Discrete Jitter          (DJ):    0.146ns
    Phase Error              (PE):    0.099ns

    Location             Delay type                Incr(ns)  Path(ns)    Netlist Resource(s)
  -------------------------------------------------------------------    -------------------
                         (clock clk_fpga_0 rise edge)
                                                      0.000     0.000 r  
    PS7_X0Y0             PS7                          0.000     0.000 r  cb_i/processing_system7_0/inst/PS7_i/FCLKCLK[0]
                         net (fo=1, routed)           0.310     0.310    cb_i/processing_system7_0/inst/FCLK_CLK_unbuffered[0]
    BUFGCTRL_X0Y16       BUFG (Prop_bufg_I_O)         0.026     0.336 r  cb_i/processing_system7_0/inst/buffer_fclk_clk_0.FCLK_CLK_0_BUFG/O
                         net (fo=1118, routed)        0.556     0.892    cb_i/axi_gpio_resetn/U0/gpio_core_1/s_axi_aclk
    SLICE_X45Y93         FDRE                                         r  cb_i/axi_gpio_resetn/U0/gpio_core_1/Not_Dual.gpio_Data_Out_reg[0]/C
  -------------------------------------------------------------------    -------------------
    SLICE_X45Y93         FDRE (Prop_fdre_C_Q)         0.141     1.033 r  cb_i/axi_gpio_resetn/U0/gpio_core_1/Not_Dual.gpio_Data_Out_reg[0]/Q
                         net (fo=3, routed)           0.245     1.278    cb_i/vdp_native_slave_0/inst/u_vga_timing/resetn
    SLICE_X44Y93         LUT1 (Prop_lut1_I0_O)        0.045     1.323 f  cb_i/vdp_native_slave_0/inst/u_vga_timing/mem_ready_i_1/O
                         net (fo=58, routed)          0.307     1.630    cb_i/vdp_native_slave_0/inst/u_vga_timing_n_25
    SLICE_X44Y94         FDPE                                         f  cb_i/vdp_native_slave_0/inst/color_pclk_reg[4]/PRE
  -------------------------------------------------------------------    -------------------

                         (clock clk_out1_cb_clk_wiz_0_2 rise edge)
                                                      0.000     0.000 r  
    PS7_X0Y0             PS7                          0.000     0.000 r  cb_i/processing_system7_0/inst/PS7_i/FCLKCLK[0]
                         net (fo=1, routed)           0.337     0.337    cb_i/processing_system7_0/inst/FCLK_CLK_unbuffered[0]
    BUFGCTRL_X0Y16       BUFG (Prop_bufg_I_O)         0.029     0.366 r  cb_i/processing_system7_0/inst/buffer_fclk_clk_0.FCLK_CLK_0_BUFG/O
                         net (fo=1118, routed)        0.864     1.230    cb_i/clk_wiz_0/inst/clk_in1
    MMCME2_ADV_X1Y0      MMCME2_ADV (Prop_mmcme2_adv_CLKIN1_CLKOUT0)
                                                     -1.467    -0.237 r  cb_i/clk_wiz_0/inst/mmcm_adv_inst/CLKOUT0
                         net (fo=1, routed)           0.576     0.339    cb_i/clk_wiz_0/inst/clk_out1_cb_clk_wiz_0_2
    BUFGCTRL_X0Y0        BUFG (Prop_bufg_I_O)         0.029     0.368 r  cb_i/clk_wiz_0/inst/clkout1_buf/O
                         net (fo=42, routed)          0.826     1.194    cb_i/vdp_native_slave_0/inst/pixel_clk
    SLICE_X44Y94         FDPE                                         r  cb_i/vdp_native_slave_0/inst/color_pclk_reg[4]/C
                         clock pessimism             -0.030     1.164    
                         clock uncertainty            0.269     1.433    
    SLICE_X44Y94         FDPE (Remov_fdpe_C_PRE)     -0.095     1.338    cb_i/vdp_native_slave_0/inst/color_pclk_reg[4]
  -------------------------------------------------------------------
                         required time                         -1.338    
                         arrival time                           1.630    
  -------------------------------------------------------------------
                         slack                                  0.292    

Slack (MET) :             0.361ns  (arrival time - required time)
  Source:                 cb_i/axi_gpio_resetn/U0/gpio_core_1/Not_Dual.gpio_Data_Out_reg[0]/C
                            (rising edge-triggered cell FDRE clocked by clk_fpga_0  {rise@0.000ns fall@5.000ns period=10.000ns})
  Destination:            cb_i/vdp_native_slave_0/inst/color_pclk_reg[21]/PRE
                            (removal check against rising-edge clock clk_out1_cb_clk_wiz_0_2  {rise@0.000ns fall@5.000ns period=10.000ns})
  Path Group:             **async_default**
  Path Type:              Removal (Min at Fast Process Corner)
  Requirement:            0.000ns  (clk_out1_cb_clk_wiz_0_2 rise@0.000ns - clk_fpga_0 rise@0.000ns)
  Data Path Delay:        0.808ns  (logic 0.186ns (23.034%)  route 0.622ns (76.966%))
  Logic Levels:           1  (LUT1=1)
  Clock Path Skew:        0.272ns (DCD - SCD - CPR)
    Destination Clock Delay (DCD):    1.194ns
    Source Clock Delay      (SCD):    0.892ns
    Clock Pessimism Removal (CPR):    0.030ns
  Clock Uncertainty:      0.269ns  ((TSJ^2 + TIJ^2 + DJ^2)^1/2) / 2 + PE
    Total System Jitter     (TSJ):    0.071ns
    Total Input Jitter      (TIJ):    0.300ns
    Discrete Jitter          (DJ):    0.146ns
    Phase Error              (PE):    0.099ns

    Location             Delay type                Incr(ns)  Path(ns)    Netlist Resource(s)
  -------------------------------------------------------------------    -------------------
                         (clock clk_fpga_0 rise edge)
                                                      0.000     0.000 r  
    PS7_X0Y0             PS7                          0.000     0.000 r  cb_i/processing_system7_0/inst/PS7_i/FCLKCLK[0]
                         net (fo=1, routed)           0.310     0.310    cb_i/processing_system7_0/inst/FCLK_CLK_unbuffered[0]
    BUFGCTRL_X0Y16       BUFG (Prop_bufg_I_O)         0.026     0.336 r  cb_i/processing_system7_0/inst/buffer_fclk_clk_0.FCLK_CLK_0_BUFG/O
                         net (fo=1118, routed)        0.556     0.892    cb_i/axi_gpio_resetn/U0/gpio_core_1/s_axi_aclk
    SLICE_X45Y93         FDRE                                         r  cb_i/axi_gpio_resetn/U0/gpio_core_1/Not_Dual.gpio_Data_Out_reg[0]/C
  -------------------------------------------------------------------    -------------------
    SLICE_X45Y93         FDRE (Prop_fdre_C_Q)         0.141     1.033 r  cb_i/axi_gpio_resetn/U0/gpio_core_1/Not_Dual.gpio_Data_Out_reg[0]/Q
                         net (fo=3, routed)           0.245     1.278    cb_i/vdp_native_slave_0/inst/u_vga_timing/resetn
    SLICE_X44Y93         LUT1 (Prop_lut1_I0_O)        0.045     1.323 f  cb_i/vdp_native_slave_0/inst/u_vga_timing/mem_ready_i_1/O
                         net (fo=58, routed)          0.376     1.699    cb_i/vdp_native_slave_0/inst/u_vga_timing_n_25
    SLICE_X43Y95         FDPE                                         f  cb_i/vdp_native_slave_0/inst/color_pclk_reg[21]/PRE
  -------------------------------------------------------------------    -------------------

                         (clock clk_out1_cb_clk_wiz_0_2 rise edge)
                                                      0.000     0.000 r  
    PS7_X0Y0             PS7                          0.000     0.000 r  cb_i/processing_system7_0/inst/PS7_i/FCLKCLK[0]
                         net (fo=1, routed)           0.337     0.337    cb_i/processing_system7_0/inst/FCLK_CLK_unbuffered[0]
    BUFGCTRL_X0Y16       BUFG (Prop_bufg_I_O)         0.029     0.366 r  cb_i/processing_system7_0/inst/buffer_fclk_clk_0.FCLK_CLK_0_BUFG/O
                         net (fo=1118, routed)        0.864     1.230    cb_i/clk_wiz_0/inst/clk_in1
    MMCME2_ADV_X1Y0      MMCME2_ADV (Prop_mmcme2_adv_CLKIN1_CLKOUT0)
                                                     -1.467    -0.237 r  cb_i/clk_wiz_0/inst/mmcm_adv_inst/CLKOUT0
                         net (fo=1, routed)           0.576     0.339    cb_i/clk_wiz_0/inst/clk_out1_cb_clk_wiz_0_2
    BUFGCTRL_X0Y0        BUFG (Prop_bufg_I_O)         0.029     0.368 r  cb_i/clk_wiz_0/inst/clkout1_buf/O
                         net (fo=42, routed)          0.826     1.194    cb_i/vdp_native_slave_0/inst/pixel_clk
    SLICE_X43Y95         FDPE                                         r  cb_i/vdp_native_slave_0/inst/color_pclk_reg[21]/C
                         clock pessimism             -0.030     1.164    
                         clock uncertainty            0.269     1.433    
    SLICE_X43Y95         FDPE (Remov_fdpe_C_PRE)     -0.095     1.338    cb_i/vdp_native_slave_0/inst/color_pclk_reg[21]
  -------------------------------------------------------------------
                         required time                         -1.338    
                         arrival time                           1.699    
  -------------------------------------------------------------------
                         slack                                  0.361    

Slack (MET) :             0.361ns  (arrival time - required time)
  Source:                 cb_i/axi_gpio_resetn/U0/gpio_core_1/Not_Dual.gpio_Data_Out_reg[0]/C
                            (rising edge-triggered cell FDRE clocked by clk_fpga_0  {rise@0.000ns fall@5.000ns period=10.000ns})
  Destination:            cb_i/vdp_native_slave_0/inst/color_pclk_reg[22]/PRE
                            (removal check against rising-edge clock clk_out1_cb_clk_wiz_0_2  {rise@0.000ns fall@5.000ns period=10.000ns})
  Path Group:             **async_default**
  Path Type:              Removal (Min at Fast Process Corner)
  Requirement:            0.000ns  (clk_out1_cb_clk_wiz_0_2 rise@0.000ns - clk_fpga_0 rise@0.000ns)
  Data Path Delay:        0.808ns  (logic 0.186ns (23.034%)  route 0.622ns (76.966%))
  Logic Levels:           1  (LUT1=1)
  Clock Path Skew:        0.272ns (DCD - SCD - CPR)
    Destination Clock Delay (DCD):    1.194ns
    Source Clock Delay      (SCD):    0.892ns
    Clock Pessimism Removal (CPR):    0.030ns
  Clock Uncertainty:      0.269ns  ((TSJ^2 + TIJ^2 + DJ^2)^1/2) / 2 + PE
    Total System Jitter     (TSJ):    0.071ns
    Total Input Jitter      (TIJ):    0.300ns
    Discrete Jitter          (DJ):    0.146ns
    Phase Error              (PE):    0.099ns

    Location             Delay type                Incr(ns)  Path(ns)    Netlist Resource(s)
  -------------------------------------------------------------------    -------------------
                         (clock clk_fpga_0 rise edge)
                                                      0.000     0.000 r  
    PS7_X0Y0             PS7                          0.000     0.000 r  cb_i/processing_system7_0/inst/PS7_i/FCLKCLK[0]
                         net (fo=1, routed)           0.310     0.310    cb_i/processing_system7_0/inst/FCLK_CLK_unbuffered[0]
    BUFGCTRL_X0Y16       BUFG (Prop_bufg_I_O)         0.026     0.336 r  cb_i/processing_system7_0/inst/buffer_fclk_clk_0.FCLK_CLK_0_BUFG/O
                         net (fo=1118, routed)        0.556     0.892    cb_i/axi_gpio_resetn/U0/gpio_core_1/s_axi_aclk
    SLICE_X45Y93         FDRE                                         r  cb_i/axi_gpio_resetn/U0/gpio_core_1/Not_Dual.gpio_Data_Out_reg[0]/C
  -------------------------------------------------------------------    -------------------
    SLICE_X45Y93         FDRE (Prop_fdre_C_Q)         0.141     1.033 r  cb_i/axi_gpio_resetn/U0/gpio_core_1/Not_Dual.gpio_Data_Out_reg[0]/Q
                         net (fo=3, routed)           0.245     1.278    cb_i/vdp_native_slave_0/inst/u_vga_timing/resetn
    SLICE_X44Y93         LUT1 (Prop_lut1_I0_O)        0.045     1.323 f  cb_i/vdp_native_slave_0/inst/u_vga_timing/mem_ready_i_1/O
                         net (fo=58, routed)          0.376     1.699    cb_i/vdp_native_slave_0/inst/u_vga_timing_n_25
    SLICE_X43Y95         FDPE                                         f  cb_i/vdp_native_slave_0/inst/color_pclk_reg[22]/PRE
  -------------------------------------------------------------------    -------------------

                         (clock clk_out1_cb_clk_wiz_0_2 rise edge)
                                                      0.000     0.000 r  
    PS7_X0Y0             PS7                          0.000     0.000 r  cb_i/processing_system7_0/inst/PS7_i/FCLKCLK[0]
                         net (fo=1, routed)           0.337     0.337    cb_i/processing_system7_0/inst/FCLK_CLK_unbuffered[0]
    BUFGCTRL_X0Y16       BUFG (Prop_bufg_I_O)         0.029     0.366 r  cb_i/processing_system7_0/inst/buffer_fclk_clk_0.FCLK_CLK_0_BUFG/O
                         net (fo=1118, routed)        0.864     1.230    cb_i/clk_wiz_0/inst/clk_in1
    MMCME2_ADV_X1Y0      MMCME2_ADV (Prop_mmcme2_adv_CLKIN1_CLKOUT0)
                                                     -1.467    -0.237 r  cb_i/clk_wiz_0/inst/mmcm_adv_inst/CLKOUT0
                         net (fo=1, routed)           0.576     0.339    cb_i/clk_wiz_0/inst/clk_out1_cb_clk_wiz_0_2
    BUFGCTRL_X0Y0        BUFG (Prop_bufg_I_O)         0.029     0.368 r  cb_i/clk_wiz_0/inst/clkout1_buf/O
                         net (fo=42, routed)          0.826     1.194    cb_i/vdp_native_slave_0/inst/pixel_clk
    SLICE_X43Y95         FDPE                                         r  cb_i/vdp_native_slave_0/inst/color_pclk_reg[22]/C
                         clock pessimism             -0.030     1.164    
                         clock uncertainty            0.269     1.433    
    SLICE_X43Y95         FDPE (Remov_fdpe_C_PRE)     -0.095     1.338    cb_i/vdp_native_slave_0/inst/color_pclk_reg[22]
  -------------------------------------------------------------------
                         required time                         -1.338    
                         arrival time                           1.699    
  -------------------------------------------------------------------
                         slack                                  0.361    

Slack (MET) :             0.361ns  (arrival time - required time)
  Source:                 cb_i/axi_gpio_resetn/U0/gpio_core_1/Not_Dual.gpio_Data_Out_reg[0]/C
                            (rising edge-triggered cell FDRE clocked by clk_fpga_0  {rise@0.000ns fall@5.000ns period=10.000ns})
  Destination:            cb_i/vdp_native_slave_0/inst/color_pclk_reg[23]/PRE
                            (removal check against rising-edge clock clk_out1_cb_clk_wiz_0_2  {rise@0.000ns fall@5.000ns period=10.000ns})
  Path Group:             **async_default**
  Path Type:              Removal (Min at Fast Process Corner)
  Requirement:            0.000ns  (clk_out1_cb_clk_wiz_0_2 rise@0.000ns - clk_fpga_0 rise@0.000ns)
  Data Path Delay:        0.808ns  (logic 0.186ns (23.034%)  route 0.622ns (76.966%))
  Logic Levels:           1  (LUT1=1)
  Clock Path Skew:        0.272ns (DCD - SCD - CPR)
    Destination Clock Delay (DCD):    1.194ns
    Source Clock Delay      (SCD):    0.892ns
    Clock Pessimism Removal (CPR):    0.030ns
  Clock Uncertainty:      0.269ns  ((TSJ^2 + TIJ^2 + DJ^2)^1/2) / 2 + PE
    Total System Jitter     (TSJ):    0.071ns
    Total Input Jitter      (TIJ):    0.300ns
    Discrete Jitter          (DJ):    0.146ns
    Phase Error              (PE):    0.099ns

    Location             Delay type                Incr(ns)  Path(ns)    Netlist Resource(s)
  -------------------------------------------------------------------    -------------------
                         (clock clk_fpga_0 rise edge)
                                                      0.000     0.000 r  
    PS7_X0Y0             PS7                          0.000     0.000 r  cb_i/processing_system7_0/inst/PS7_i/FCLKCLK[0]
                         net (fo=1, routed)           0.310     0.310    cb_i/processing_system7_0/inst/FCLK_CLK_unbuffered[0]
    BUFGCTRL_X0Y16       BUFG (Prop_bufg_I_O)         0.026     0.336 r  cb_i/processing_system7_0/inst/buffer_fclk_clk_0.FCLK_CLK_0_BUFG/O
                         net (fo=1118, routed)        0.556     0.892    cb_i/axi_gpio_resetn/U0/gpio_core_1/s_axi_aclk
    SLICE_X45Y93         FDRE                                         r  cb_i/axi_gpio_resetn/U0/gpio_core_1/Not_Dual.gpio_Data_Out_reg[0]/C
  -------------------------------------------------------------------    -------------------
    SLICE_X45Y93         FDRE (Prop_fdre_C_Q)         0.141     1.033 r  cb_i/axi_gpio_resetn/U0/gpio_core_1/Not_Dual.gpio_Data_Out_reg[0]/Q
                         net (fo=3, routed)           0.245     1.278    cb_i/vdp_native_slave_0/inst/u_vga_timing/resetn
    SLICE_X44Y93         LUT1 (Prop_lut1_I0_O)        0.045     1.323 f  cb_i/vdp_native_slave_0/inst/u_vga_timing/mem_ready_i_1/O
                         net (fo=58, routed)          0.376     1.699    cb_i/vdp_native_slave_0/inst/u_vga_timing_n_25
    SLICE_X43Y95         FDPE                                         f  cb_i/vdp_native_slave_0/inst/color_pclk_reg[23]/PRE
  -------------------------------------------------------------------    -------------------

                         (clock clk_out1_cb_clk_wiz_0_2 rise edge)
                                                      0.000     0.000 r  
    PS7_X0Y0             PS7                          0.000     0.000 r  cb_i/processing_system7_0/inst/PS7_i/FCLKCLK[0]
                         net (fo=1, routed)           0.337     0.337    cb_i/processing_system7_0/inst/FCLK_CLK_unbuffered[0]
    BUFGCTRL_X0Y16       BUFG (Prop_bufg_I_O)         0.029     0.366 r  cb_i/processing_system7_0/inst/buffer_fclk_clk_0.FCLK_CLK_0_BUFG/O
                         net (fo=1118, routed)        0.864     1.230    cb_i/clk_wiz_0/inst/clk_in1
    MMCME2_ADV_X1Y0      MMCME2_ADV (Prop_mmcme2_adv_CLKIN1_CLKOUT0)
                                                     -1.467    -0.237 r  cb_i/clk_wiz_0/inst/mmcm_adv_inst/CLKOUT0
                         net (fo=1, routed)           0.576     0.339    cb_i/clk_wiz_0/inst/clk_out1_cb_clk_wiz_0_2
    BUFGCTRL_X0Y0        BUFG (Prop_bufg_I_O)         0.029     0.368 r  cb_i/clk_wiz_0/inst/clkout1_buf/O
                         net (fo=42, routed)          0.826     1.194    cb_i/vdp_native_slave_0/inst/pixel_clk
    SLICE_X43Y95         FDPE                                         r  cb_i/vdp_native_slave_0/inst/color_pclk_reg[23]/C
                         clock pessimism             -0.030     1.164    
                         clock uncertainty            0.269     1.433    
    SLICE_X43Y95         FDPE (Remov_fdpe_C_PRE)     -0.095     1.338    cb_i/vdp_native_slave_0/inst/color_pclk_reg[23]
  -------------------------------------------------------------------
                         required time                         -1.338    
                         arrival time                           1.699    
  -------------------------------------------------------------------
                         slack                                  0.361    

Slack (MET) :             0.361ns  (arrival time - required time)
  Source:                 cb_i/axi_gpio_resetn/U0/gpio_core_1/Not_Dual.gpio_Data_Out_reg[0]/C
                            (rising edge-triggered cell FDRE clocked by clk_fpga_0  {rise@0.000ns fall@5.000ns period=10.000ns})
  Destination:            cb_i/vdp_native_slave_0/inst/color_pclk_reg[5]/PRE
                            (removal check against rising-edge clock clk_out1_cb_clk_wiz_0_2  {rise@0.000ns fall@5.000ns period=10.000ns})
  Path Group:             **async_default**
  Path Type:              Removal (Min at Fast Process Corner)
  Requirement:            0.000ns  (clk_out1_cb_clk_wiz_0_2 rise@0.000ns - clk_fpga_0 rise@0.000ns)
  Data Path Delay:        0.808ns  (logic 0.186ns (23.034%)  route 0.622ns (76.966%))
  Logic Levels:           1  (LUT1=1)
  Clock Path Skew:        0.272ns (DCD - SCD - CPR)
    Destination Clock Delay (DCD):    1.194ns
    Source Clock Delay      (SCD):    0.892ns
    Clock Pessimism Removal (CPR):    0.030ns
  Clock Uncertainty:      0.269ns  ((TSJ^2 + TIJ^2 + DJ^2)^1/2) / 2 + PE
    Total System Jitter     (TSJ):    0.071ns
    Total Input Jitter      (TIJ):    0.300ns
    Discrete Jitter          (DJ):    0.146ns
    Phase Error              (PE):    0.099ns

    Location             Delay type                Incr(ns)  Path(ns)    Netlist Resource(s)
  -------------------------------------------------------------------    -------------------
                         (clock clk_fpga_0 rise edge)
                                                      0.000     0.000 r  
    PS7_X0Y0             PS7                          0.000     0.000 r  cb_i/processing_system7_0/inst/PS7_i/FCLKCLK[0]
                         net (fo=1, routed)           0.310     0.310    cb_i/processing_system7_0/inst/FCLK_CLK_unbuffered[0]
    BUFGCTRL_X0Y16       BUFG (Prop_bufg_I_O)         0.026     0.336 r  cb_i/processing_system7_0/inst/buffer_fclk_clk_0.FCLK_CLK_0_BUFG/O
                         net (fo=1118, routed)        0.556     0.892    cb_i/axi_gpio_resetn/U0/gpio_core_1/s_axi_aclk
    SLICE_X45Y93         FDRE                                         r  cb_i/axi_gpio_resetn/U0/gpio_core_1/Not_Dual.gpio_Data_Out_reg[0]/C
  -------------------------------------------------------------------    -------------------
    SLICE_X45Y93         FDRE (Prop_fdre_C_Q)         0.141     1.033 r  cb_i/axi_gpio_resetn/U0/gpio_core_1/Not_Dual.gpio_Data_Out_reg[0]/Q
                         net (fo=3, routed)           0.245     1.278    cb_i/vdp_native_slave_0/inst/u_vga_timing/resetn
    SLICE_X44Y93         LUT1 (Prop_lut1_I0_O)        0.045     1.323 f  cb_i/vdp_native_slave_0/inst/u_vga_timing/mem_ready_i_1/O
                         net (fo=58, routed)          0.376     1.699    cb_i/vdp_native_slave_0/inst/u_vga_timing_n_25
    SLICE_X43Y95         FDPE                                         f  cb_i/vdp_native_slave_0/inst/color_pclk_reg[5]/PRE
  -------------------------------------------------------------------    -------------------

                         (clock clk_out1_cb_clk_wiz_0_2 rise edge)
                                                      0.000     0.000 r  
    PS7_X0Y0             PS7                          0.000     0.000 r  cb_i/processing_system7_0/inst/PS7_i/FCLKCLK[0]
                         net (fo=1, routed)           0.337     0.337    cb_i/processing_system7_0/inst/FCLK_CLK_unbuffered[0]
    BUFGCTRL_X0Y16       BUFG (Prop_bufg_I_O)         0.029     0.366 r  cb_i/processing_system7_0/inst/buffer_fclk_clk_0.FCLK_CLK_0_BUFG/O
                         net (fo=1118, routed)        0.864     1.230    cb_i/clk_wiz_0/inst/clk_in1
    MMCME2_ADV_X1Y0      MMCME2_ADV (Prop_mmcme2_adv_CLKIN1_CLKOUT0)
                                                     -1.467    -0.237 r  cb_i/clk_wiz_0/inst/mmcm_adv_inst/CLKOUT0
                         net (fo=1, routed)           0.576     0.339    cb_i/clk_wiz_0/inst/clk_out1_cb_clk_wiz_0_2
    BUFGCTRL_X0Y0        BUFG (Prop_bufg_I_O)         0.029     0.368 r  cb_i/clk_wiz_0/inst/clkout1_buf/O
                         net (fo=42, routed)          0.826     1.194    cb_i/vdp_native_slave_0/inst/pixel_clk
    SLICE_X43Y95         FDPE                                         r  cb_i/vdp_native_slave_0/inst/color_pclk_reg[5]/C
                         clock pessimism             -0.030     1.164    
                         clock uncertainty            0.269     1.433    
    SLICE_X43Y95         FDPE (Remov_fdpe_C_PRE)     -0.095     1.338    cb_i/vdp_native_slave_0/inst/color_pclk_reg[5]
  -------------------------------------------------------------------
                         required time                         -1.338    
                         arrival time                           1.699    
  -------------------------------------------------------------------
                         slack                                  0.361    

Slack (MET) :             0.361ns  (arrival time - required time)
  Source:                 cb_i/axi_gpio_resetn/U0/gpio_core_1/Not_Dual.gpio_Data_Out_reg[0]/C
                            (rising edge-triggered cell FDRE clocked by clk_fpga_0  {rise@0.000ns fall@5.000ns period=10.000ns})
  Destination:            cb_i/vdp_native_slave_0/inst/color_pclk_reg[7]/PRE
                            (removal check against rising-edge clock clk_out1_cb_clk_wiz_0_2  {rise@0.000ns fall@5.000ns period=10.000ns})
  Path Group:             **async_default**
  Path Type:              Removal (Min at Fast Process Corner)
  Requirement:            0.000ns  (clk_out1_cb_clk_wiz_0_2 rise@0.000ns - clk_fpga_0 rise@0.000ns)
  Data Path Delay:        0.808ns  (logic 0.186ns (23.034%)  route 0.622ns (76.966%))
  Logic Levels:           1  (LUT1=1)
  Clock Path Skew:        0.272ns (DCD - SCD - CPR)
    Destination Clock Delay (DCD):    1.194ns
    Source Clock Delay      (SCD):    0.892ns
    Clock Pessimism Removal (CPR):    0.030ns
  Clock Uncertainty:      0.269ns  ((TSJ^2 + TIJ^2 + DJ^2)^1/2) / 2 + PE
    Total System Jitter     (TSJ):    0.071ns
    Total Input Jitter      (TIJ):    0.300ns
    Discrete Jitter          (DJ):    0.146ns
    Phase Error              (PE):    0.099ns

    Location             Delay type                Incr(ns)  Path(ns)    Netlist Resource(s)
  -------------------------------------------------------------------    -------------------
                         (clock clk_fpga_0 rise edge)
                                                      0.000     0.000 r  
    PS7_X0Y0             PS7                          0.000     0.000 r  cb_i/processing_system7_0/inst/PS7_i/FCLKCLK[0]
                         net (fo=1, routed)           0.310     0.310    cb_i/processing_system7_0/inst/FCLK_CLK_unbuffered[0]
    BUFGCTRL_X0Y16       BUFG (Prop_bufg_I_O)         0.026     0.336 r  cb_i/processing_system7_0/inst/buffer_fclk_clk_0.FCLK_CLK_0_BUFG/O
                         net (fo=1118, routed)        0.556     0.892    cb_i/axi_gpio_resetn/U0/gpio_core_1/s_axi_aclk
    SLICE_X45Y93         FDRE                                         r  cb_i/axi_gpio_resetn/U0/gpio_core_1/Not_Dual.gpio_Data_Out_reg[0]/C
  -------------------------------------------------------------------    -------------------
    SLICE_X45Y93         FDRE (Prop_fdre_C_Q)         0.141     1.033 r  cb_i/axi_gpio_resetn/U0/gpio_core_1/Not_Dual.gpio_Data_Out_reg[0]/Q
                         net (fo=3, routed)           0.245     1.278    cb_i/vdp_native_slave_0/inst/u_vga_timing/resetn
    SLICE_X44Y93         LUT1 (Prop_lut1_I0_O)        0.045     1.323 f  cb_i/vdp_native_slave_0/inst/u_vga_timing/mem_ready_i_1/O
                         net (fo=58, routed)          0.376     1.699    cb_i/vdp_native_slave_0/inst/u_vga_timing_n_25
    SLICE_X43Y95         FDPE                                         f  cb_i/vdp_native_slave_0/inst/color_pclk_reg[7]/PRE
  -------------------------------------------------------------------    -------------------

                         (clock clk_out1_cb_clk_wiz_0_2 rise edge)
                                                      0.000     0.000 r  
    PS7_X0Y0             PS7                          0.000     0.000 r  cb_i/processing_system7_0/inst/PS7_i/FCLKCLK[0]
                         net (fo=1, routed)           0.337     0.337    cb_i/processing_system7_0/inst/FCLK_CLK_unbuffered[0]
    BUFGCTRL_X0Y16       BUFG (Prop_bufg_I_O)         0.029     0.366 r  cb_i/processing_system7_0/inst/buffer_fclk_clk_0.FCLK_CLK_0_BUFG/O
                         net (fo=1118, routed)        0.864     1.230    cb_i/clk_wiz_0/inst/clk_in1
    MMCME2_ADV_X1Y0      MMCME2_ADV (Prop_mmcme2_adv_CLKIN1_CLKOUT0)
                                                     -1.467    -0.237 r  cb_i/clk_wiz_0/inst/mmcm_adv_inst/CLKOUT0
                         net (fo=1, routed)           0.576     0.339    cb_i/clk_wiz_0/inst/clk_out1_cb_clk_wiz_0_2
    BUFGCTRL_X0Y0        BUFG (Prop_bufg_I_O)         0.029     0.368 r  cb_i/clk_wiz_0/inst/clkout1_buf/O
                         net (fo=42, routed)          0.826     1.194    cb_i/vdp_native_slave_0/inst/pixel_clk
    SLICE_X43Y95         FDPE                                         r  cb_i/vdp_native_slave_0/inst/color_pclk_reg[7]/C
                         clock pessimism             -0.030     1.164    
                         clock uncertainty            0.269     1.433    
    SLICE_X43Y95         FDPE (Remov_fdpe_C_PRE)     -0.095     1.338    cb_i/vdp_native_slave_0/inst/color_pclk_reg[7]
  -------------------------------------------------------------------
                         required time                         -1.338    
                         arrival time                           1.699    
  -------------------------------------------------------------------
                         slack                                  0.361    

Slack (MET) :             0.370ns  (arrival time - required time)
  Source:                 cb_i/axi_gpio_resetn/U0/gpio_core_1/Not_Dual.gpio_Data_Out_reg[0]/C
                            (rising edge-triggered cell FDRE clocked by clk_fpga_0  {rise@0.000ns fall@5.000ns period=10.000ns})
  Destination:            cb_i/vdp_native_slave_0/inst/cfg_toggle_seen_reg/CLR
                            (removal check against rising-edge clock clk_out1_cb_clk_wiz_0_2  {rise@0.000ns fall@5.000ns period=10.000ns})
  Path Group:             **async_default**
  Path Type:              Removal (Min at Fast Process Corner)
  Requirement:            0.000ns  (clk_out1_cb_clk_wiz_0_2 rise@0.000ns - clk_fpga_0 rise@0.000ns)
  Data Path Delay:        0.819ns  (logic 0.186ns (22.712%)  route 0.633ns (77.288%))
  Logic Levels:           1  (LUT1=1)
  Clock Path Skew:        0.272ns (DCD - SCD - CPR)
    Destination Clock Delay (DCD):    1.194ns
    Source Clock Delay      (SCD):    0.892ns
    Clock Pessimism Removal (CPR):    0.030ns
  Clock Uncertainty:      0.269ns  ((TSJ^2 + TIJ^2 + DJ^2)^1/2) / 2 + PE
    Total System Jitter     (TSJ):    0.071ns
    Total Input Jitter      (TIJ):    0.300ns
    Discrete Jitter          (DJ):    0.146ns
    Phase Error              (PE):    0.099ns

    Location             Delay type                Incr(ns)  Path(ns)    Netlist Resource(s)
  -------------------------------------------------------------------    -------------------
                         (clock clk_fpga_0 rise edge)
                                                      0.000     0.000 r  
    PS7_X0Y0             PS7                          0.000     0.000 r  cb_i/processing_system7_0/inst/PS7_i/FCLKCLK[0]
                         net (fo=1, routed)           0.310     0.310    cb_i/processing_system7_0/inst/FCLK_CLK_unbuffered[0]
    BUFGCTRL_X0Y16       BUFG (Prop_bufg_I_O)         0.026     0.336 r  cb_i/processing_system7_0/inst/buffer_fclk_clk_0.FCLK_CLK_0_BUFG/O
                         net (fo=1118, routed)        0.556     0.892    cb_i/axi_gpio_resetn/U0/gpio_core_1/s_axi_aclk
    SLICE_X45Y93         FDRE                                         r  cb_i/axi_gpio_resetn/U0/gpio_core_1/Not_Dual.gpio_Data_Out_reg[0]/C
  -------------------------------------------------------------------    -------------------
    SLICE_X45Y93         FDRE (Prop_fdre_C_Q)         0.141     1.033 r  cb_i/axi_gpio_resetn/U0/gpio_core_1/Not_Dual.gpio_Data_Out_reg[0]/Q
                         net (fo=3, routed)           0.245     1.278    cb_i/vdp_native_slave_0/inst/u_vga_timing/resetn
    SLICE_X44Y93         LUT1 (Prop_lut1_I0_O)        0.045     1.323 f  cb_i/vdp_native_slave_0/inst/u_vga_timing/mem_ready_i_1/O
                         net (fo=58, routed)          0.388     1.711    cb_i/vdp_native_slave_0/inst/u_vga_timing_n_25
    SLICE_X45Y95         FDCE                                         f  cb_i/vdp_native_slave_0/inst/cfg_toggle_seen_reg/CLR
  -------------------------------------------------------------------    -------------------

                         (clock clk_out1_cb_clk_wiz_0_2 rise edge)
                                                      0.000     0.000 r  
    PS7_X0Y0             PS7                          0.000     0.000 r  cb_i/processing_system7_0/inst/PS7_i/FCLKCLK[0]
                         net (fo=1, routed)           0.337     0.337    cb_i/processing_system7_0/inst/FCLK_CLK_unbuffered[0]
    BUFGCTRL_X0Y16       BUFG (Prop_bufg_I_O)         0.029     0.366 r  cb_i/processing_system7_0/inst/buffer_fclk_clk_0.FCLK_CLK_0_BUFG/O
                         net (fo=1118, routed)        0.864     1.230    cb_i/clk_wiz_0/inst/clk_in1
    MMCME2_ADV_X1Y0      MMCME2_ADV (Prop_mmcme2_adv_CLKIN1_CLKOUT0)
                                                     -1.467    -0.237 r  cb_i/clk_wiz_0/inst/mmcm_adv_inst/CLKOUT0
                         net (fo=1, routed)           0.576     0.339    cb_i/clk_wiz_0/inst/clk_out1_cb_clk_wiz_0_2
    BUFGCTRL_X0Y0        BUFG (Prop_bufg_I_O)         0.029     0.368 r  cb_i/clk_wiz_0/inst/clkout1_buf/O
                         net (fo=42, routed)          0.826     1.194    cb_i/vdp_native_slave_0/inst/pixel_clk
    SLICE_X45Y95         FDCE                                         r  cb_i/vdp_native_slave_0/inst/cfg_toggle_seen_reg/C
                         clock pessimism             -0.030     1.164    
                         clock uncertainty            0.269     1.433    
    SLICE_X45Y95         FDCE (Remov_fdce_C_CLR)     -0.092     1.341    cb_i/vdp_native_slave_0/inst/cfg_toggle_seen_reg
  -------------------------------------------------------------------
                         required time                         -1.341    
                         arrival time                           1.711    
  -------------------------------------------------------------------
                         slack                                  0.370    





---------------------------------------------------------------------------------------------------
Path Group:  **async_default**
From Clock:  clk_fpga_0
  To Clock:  clk_out2_cb_clk_wiz_0_2

Setup :            0  Failing Endpoints,  Worst Slack        6.420ns,  Total Violation        0.000ns
Hold  :            0  Failing Endpoints,  Worst Slack        0.163ns,  Total Violation        0.000ns
---------------------------------------------------------------------------------------------------


Max Delay Paths
--------------------------------------------------------------------------------------
Slack (MET) :             6.420ns  (required time - arrival time)
  Source:                 cb_i/axi_gpio_resetn/U0/gpio_core_1/Not_Dual.gpio_Data_Out_reg[0]/C
                            (rising edge-triggered cell FDRE clocked by clk_fpga_0  {rise@0.000ns fall@5.000ns period=10.000ns})
  Destination:            cb_i/vdp_native_slave_0/inst/reg_color_reg[20]/PRE
                            (recovery check against rising-edge clock clk_out2_cb_clk_wiz_0_2  {rise@0.000ns fall@20.000ns period=40.000ns})
  Path Group:             **async_default**
  Path Type:              Recovery (Max at Slow Process Corner)
  Requirement:            10.000ns  (clk_out2_cb_clk_wiz_0_2 rise@40.000ns - clk_fpga_0 rise@30.000ns)
  Data Path Delay:        2.764ns  (logic 0.580ns (20.981%)  route 2.184ns (79.019%))
  Logic Levels:           1  (LUT1=1)
  Clock Path Skew:        -0.166ns (DCD - SCD + CPR)
    Destination Clock Delay (DCD):    2.664ns = ( 42.664 - 40.000 ) 
    Source Clock Delay      (SCD):    2.945ns = ( 32.945 - 30.000 ) 
    Clock Pessimism Removal (CPR):    0.115ns
  Clock Uncertainty:      0.290ns  ((TSJ^2 + TIJ^2 + DJ^2)^1/2) / 2 + PE
    Total System Jitter     (TSJ):    0.071ns
    Total Input Jitter      (TIJ):    0.300ns
    Discrete Jitter          (DJ):    0.227ns
    Phase Error              (PE):    0.099ns

    Location             Delay type                Incr(ns)  Path(ns)    Netlist Resource(s)
  -------------------------------------------------------------------    -------------------
                         (clock clk_fpga_0 rise edge)
                                                     30.000    30.000 r  
    PS7_X0Y0             PS7                          0.000    30.000 r  cb_i/processing_system7_0/inst/PS7_i/FCLKCLK[0]
                         net (fo=1, routed)           1.193    31.193    cb_i/processing_system7_0/inst/FCLK_CLK_unbuffered[0]
    BUFGCTRL_X0Y16       BUFG (Prop_bufg_I_O)         0.101    31.294 r  cb_i/processing_system7_0/inst/buffer_fclk_clk_0.FCLK_CLK_0_BUFG/O
                         net (fo=1118, routed)        1.651    32.945    cb_i/axi_gpio_resetn/U0/gpio_core_1/s_axi_aclk
    SLICE_X45Y93         FDRE                                         r  cb_i/axi_gpio_resetn/U0/gpio_core_1/Not_Dual.gpio_Data_Out_reg[0]/C
  -------------------------------------------------------------------    -------------------
    SLICE_X45Y93         FDRE (Prop_fdre_C_Q)         0.456    33.401 r  cb_i/axi_gpio_resetn/U0/gpio_core_1/Not_Dual.gpio_Data_Out_reg[0]/Q
                         net (fo=3, routed)           0.693    34.094    cb_i/vdp_native_slave_0/inst/u_vga_timing/resetn
    SLICE_X44Y93         LUT1 (Prop_lut1_I0_O)        0.124    34.218 f  cb_i/vdp_native_slave_0/inst/u_vga_timing/mem_ready_i_1/O
                         net (fo=58, routed)          1.491    35.709    cb_i/vdp_native_slave_0/inst/u_vga_timing_n_25
    SLICE_X39Y96         FDPE                                         f  cb_i/vdp_native_slave_0/inst/reg_color_reg[20]/PRE
  -------------------------------------------------------------------    -------------------

                         (clock clk_out2_cb_clk_wiz_0_2 rise edge)
                                                     40.000    40.000 r  
    PS7_X0Y0             PS7                          0.000    40.000 r  cb_i/processing_system7_0/inst/PS7_i/FCLKCLK[0]
                         net (fo=1, routed)           1.088    41.088    cb_i/processing_system7_0/inst/FCLK_CLK_unbuffered[0]
    BUFGCTRL_X0Y16       BUFG (Prop_bufg_I_O)         0.091    41.179 r  cb_i/processing_system7_0/inst/buffer_fclk_clk_0.FCLK_CLK_0_BUFG/O
                         net (fo=1118, routed)        1.612    42.792    cb_i/clk_wiz_0/inst/clk_in1
    MMCME2_ADV_X1Y0      MMCME2_ADV (Prop_mmcme2_adv_CLKIN1_CLKOUT1)
                                                     -3.425    39.366 r  cb_i/clk_wiz_0/inst/mmcm_adv_inst/CLKOUT1
                         net (fo=1, routed)           1.725    41.091    cb_i/clk_wiz_0/inst/clk_out2_cb_clk_wiz_0_2
    BUFGCTRL_X0Y1        BUFG (Prop_bufg_I_O)         0.091    41.182 r  cb_i/clk_wiz_0/inst/clkout2_buf/O
                         net (fo=16, routed)          1.482    42.664    cb_i/vdp_native_slave_0/inst/clk
    SLICE_X39Y96         FDPE                                         r  cb_i/vdp_native_slave_0/inst/reg_color_reg[20]/C
                         clock pessimism              0.115    42.779    
                         clock uncertainty           -0.290    42.489    
    SLICE_X39Y96         FDPE (Recov_fdpe_C_PRE)     -0.359    42.130    cb_i/vdp_native_slave_0/inst/reg_color_reg[20]
  -------------------------------------------------------------------
                         required time                         42.130    
                         arrival time                         -35.709    
  -------------------------------------------------------------------
                         slack                                  6.420    

Slack (MET) :             6.420ns  (required time - arrival time)
  Source:                 cb_i/axi_gpio_resetn/U0/gpio_core_1/Not_Dual.gpio_Data_Out_reg[0]/C
                            (rising edge-triggered cell FDRE clocked by clk_fpga_0  {rise@0.000ns fall@5.000ns period=10.000ns})
  Destination:            cb_i/vdp_native_slave_0/inst/reg_color_reg[21]/PRE
                            (recovery check against rising-edge clock clk_out2_cb_clk_wiz_0_2  {rise@0.000ns fall@20.000ns period=40.000ns})
  Path Group:             **async_default**
  Path Type:              Recovery (Max at Slow Process Corner)
  Requirement:            10.000ns  (clk_out2_cb_clk_wiz_0_2 rise@40.000ns - clk_fpga_0 rise@30.000ns)
  Data Path Delay:        2.764ns  (logic 0.580ns (20.981%)  route 2.184ns (79.019%))
  Logic Levels:           1  (LUT1=1)
  Clock Path Skew:        -0.166ns (DCD - SCD + CPR)
    Destination Clock Delay (DCD):    2.664ns = ( 42.664 - 40.000 ) 
    Source Clock Delay      (SCD):    2.945ns = ( 32.945 - 30.000 ) 
    Clock Pessimism Removal (CPR):    0.115ns
  Clock Uncertainty:      0.290ns  ((TSJ^2 + TIJ^2 + DJ^2)^1/2) / 2 + PE
    Total System Jitter     (TSJ):    0.071ns
    Total Input Jitter      (TIJ):    0.300ns
    Discrete Jitter          (DJ):    0.227ns
    Phase Error              (PE):    0.099ns

    Location             Delay type                Incr(ns)  Path(ns)    Netlist Resource(s)
  -------------------------------------------------------------------    -------------------
                         (clock clk_fpga_0 rise edge)
                                                     30.000    30.000 r  
    PS7_X0Y0             PS7                          0.000    30.000 r  cb_i/processing_system7_0/inst/PS7_i/FCLKCLK[0]
                         net (fo=1, routed)           1.193    31.193    cb_i/processing_system7_0/inst/FCLK_CLK_unbuffered[0]
    BUFGCTRL_X0Y16       BUFG (Prop_bufg_I_O)         0.101    31.294 r  cb_i/processing_system7_0/inst/buffer_fclk_clk_0.FCLK_CLK_0_BUFG/O
                         net (fo=1118, routed)        1.651    32.945    cb_i/axi_gpio_resetn/U0/gpio_core_1/s_axi_aclk
    SLICE_X45Y93         FDRE                                         r  cb_i/axi_gpio_resetn/U0/gpio_core_1/Not_Dual.gpio_Data_Out_reg[0]/C
  -------------------------------------------------------------------    -------------------
    SLICE_X45Y93         FDRE (Prop_fdre_C_Q)         0.456    33.401 r  cb_i/axi_gpio_resetn/U0/gpio_core_1/Not_Dual.gpio_Data_Out_reg[0]/Q
                         net (fo=3, routed)           0.693    34.094    cb_i/vdp_native_slave_0/inst/u_vga_timing/resetn
    SLICE_X44Y93         LUT1 (Prop_lut1_I0_O)        0.124    34.218 f  cb_i/vdp_native_slave_0/inst/u_vga_timing/mem_ready_i_1/O
                         net (fo=58, routed)          1.491    35.709    cb_i/vdp_native_slave_0/inst/u_vga_timing_n_25
    SLICE_X39Y96         FDPE                                         f  cb_i/vdp_native_slave_0/inst/reg_color_reg[21]/PRE
  -------------------------------------------------------------------    -------------------

                         (clock clk_out2_cb_clk_wiz_0_2 rise edge)
                                                     40.000    40.000 r  
    PS7_X0Y0             PS7                          0.000    40.000 r  cb_i/processing_system7_0/inst/PS7_i/FCLKCLK[0]
                         net (fo=1, routed)           1.088    41.088    cb_i/processing_system7_0/inst/FCLK_CLK_unbuffered[0]
    BUFGCTRL_X0Y16       BUFG (Prop_bufg_I_O)         0.091    41.179 r  cb_i/processing_system7_0/inst/buffer_fclk_clk_0.FCLK_CLK_0_BUFG/O
                         net (fo=1118, routed)        1.612    42.792    cb_i/clk_wiz_0/inst/clk_in1
    MMCME2_ADV_X1Y0      MMCME2_ADV (Prop_mmcme2_adv_CLKIN1_CLKOUT1)
                                                     -3.425    39.366 r  cb_i/clk_wiz_0/inst/mmcm_adv_inst/CLKOUT1
                         net (fo=1, routed)           1.725    41.091    cb_i/clk_wiz_0/inst/clk_out2_cb_clk_wiz_0_2
    BUFGCTRL_X0Y1        BUFG (Prop_bufg_I_O)         0.091    41.182 r  cb_i/clk_wiz_0/inst/clkout2_buf/O
                         net (fo=16, routed)          1.482    42.664    cb_i/vdp_native_slave_0/inst/clk
    SLICE_X39Y96         FDPE                                         r  cb_i/vdp_native_slave_0/inst/reg_color_reg[21]/C
                         clock pessimism              0.115    42.779    
                         clock uncertainty           -0.290    42.489    
    SLICE_X39Y96         FDPE (Recov_fdpe_C_PRE)     -0.359    42.130    cb_i/vdp_native_slave_0/inst/reg_color_reg[21]
  -------------------------------------------------------------------
                         required time                         42.130    
                         arrival time                         -35.709    
  -------------------------------------------------------------------
                         slack                                  6.420    

Slack (MET) :             6.420ns  (required time - arrival time)
  Source:                 cb_i/axi_gpio_resetn/U0/gpio_core_1/Not_Dual.gpio_Data_Out_reg[0]/C
                            (rising edge-triggered cell FDRE clocked by clk_fpga_0  {rise@0.000ns fall@5.000ns period=10.000ns})
  Destination:            cb_i/vdp_native_slave_0/inst/reg_color_reg[22]/PRE
                            (recovery check against rising-edge clock clk_out2_cb_clk_wiz_0_2  {rise@0.000ns fall@20.000ns period=40.000ns})
  Path Group:             **async_default**
  Path Type:              Recovery (Max at Slow Process Corner)
  Requirement:            10.000ns  (clk_out2_cb_clk_wiz_0_2 rise@40.000ns - clk_fpga_0 rise@30.000ns)
  Data Path Delay:        2.764ns  (logic 0.580ns (20.981%)  route 2.184ns (79.019%))
  Logic Levels:           1  (LUT1=1)
  Clock Path Skew:        -0.166ns (DCD - SCD + CPR)
    Destination Clock Delay (DCD):    2.664ns = ( 42.664 - 40.000 ) 
    Source Clock Delay      (SCD):    2.945ns = ( 32.945 - 30.000 ) 
    Clock Pessimism Removal (CPR):    0.115ns
  Clock Uncertainty:      0.290ns  ((TSJ^2 + TIJ^2 + DJ^2)^1/2) / 2 + PE
    Total System Jitter     (TSJ):    0.071ns
    Total Input Jitter      (TIJ):    0.300ns
    Discrete Jitter          (DJ):    0.227ns
    Phase Error              (PE):    0.099ns

    Location             Delay type                Incr(ns)  Path(ns)    Netlist Resource(s)
  -------------------------------------------------------------------    -------------------
                         (clock clk_fpga_0 rise edge)
                                                     30.000    30.000 r  
    PS7_X0Y0             PS7                          0.000    30.000 r  cb_i/processing_system7_0/inst/PS7_i/FCLKCLK[0]
                         net (fo=1, routed)           1.193    31.193    cb_i/processing_system7_0/inst/FCLK_CLK_unbuffered[0]
    BUFGCTRL_X0Y16       BUFG (Prop_bufg_I_O)         0.101    31.294 r  cb_i/processing_system7_0/inst/buffer_fclk_clk_0.FCLK_CLK_0_BUFG/O
                         net (fo=1118, routed)        1.651    32.945    cb_i/axi_gpio_resetn/U0/gpio_core_1/s_axi_aclk
    SLICE_X45Y93         FDRE                                         r  cb_i/axi_gpio_resetn/U0/gpio_core_1/Not_Dual.gpio_Data_Out_reg[0]/C
  -------------------------------------------------------------------    -------------------
    SLICE_X45Y93         FDRE (Prop_fdre_C_Q)         0.456    33.401 r  cb_i/axi_gpio_resetn/U0/gpio_core_1/Not_Dual.gpio_Data_Out_reg[0]/Q
                         net (fo=3, routed)           0.693    34.094    cb_i/vdp_native_slave_0/inst/u_vga_timing/resetn
    SLICE_X44Y93         LUT1 (Prop_lut1_I0_O)        0.124    34.218 f  cb_i/vdp_native_slave_0/inst/u_vga_timing/mem_ready_i_1/O
                         net (fo=58, routed)          1.491    35.709    cb_i/vdp_native_slave_0/inst/u_vga_timing_n_25
    SLICE_X39Y96         FDPE                                         f  cb_i/vdp_native_slave_0/inst/reg_color_reg[22]/PRE
  -------------------------------------------------------------------    -------------------

                         (clock clk_out2_cb_clk_wiz_0_2 rise edge)
                                                     40.000    40.000 r  
    PS7_X0Y0             PS7                          0.000    40.000 r  cb_i/processing_system7_0/inst/PS7_i/FCLKCLK[0]
                         net (fo=1, routed)           1.088    41.088    cb_i/processing_system7_0/inst/FCLK_CLK_unbuffered[0]
    BUFGCTRL_X0Y16       BUFG (Prop_bufg_I_O)         0.091    41.179 r  cb_i/processing_system7_0/inst/buffer_fclk_clk_0.FCLK_CLK_0_BUFG/O
                         net (fo=1118, routed)        1.612    42.792    cb_i/clk_wiz_0/inst/clk_in1
    MMCME2_ADV_X1Y0      MMCME2_ADV (Prop_mmcme2_adv_CLKIN1_CLKOUT1)
                                                     -3.425    39.366 r  cb_i/clk_wiz_0/inst/mmcm_adv_inst/CLKOUT1
                         net (fo=1, routed)           1.725    41.091    cb_i/clk_wiz_0/inst/clk_out2_cb_clk_wiz_0_2
    BUFGCTRL_X0Y1        BUFG (Prop_bufg_I_O)         0.091    41.182 r  cb_i/clk_wiz_0/inst/clkout2_buf/O
                         net (fo=16, routed)          1.482    42.664    cb_i/vdp_native_slave_0/inst/clk
    SLICE_X39Y96         FDPE                                         r  cb_i/vdp_native_slave_0/inst/reg_color_reg[22]/C
                         clock pessimism              0.115    42.779    
                         clock uncertainty           -0.290    42.489    
    SLICE_X39Y96         FDPE (Recov_fdpe_C_PRE)     -0.359    42.130    cb_i/vdp_native_slave_0/inst/reg_color_reg[22]
  -------------------------------------------------------------------
                         required time                         42.130    
                         arrival time                         -35.709    
  -------------------------------------------------------------------
                         slack                                  6.420    

Slack (MET) :             6.420ns  (required time - arrival time)
  Source:                 cb_i/axi_gpio_resetn/U0/gpio_core_1/Not_Dual.gpio_Data_Out_reg[0]/C
                            (rising edge-triggered cell FDRE clocked by clk_fpga_0  {rise@0.000ns fall@5.000ns period=10.000ns})
  Destination:            cb_i/vdp_native_slave_0/inst/reg_color_reg[23]/PRE
                            (recovery check against rising-edge clock clk_out2_cb_clk_wiz_0_2  {rise@0.000ns fall@20.000ns period=40.000ns})
  Path Group:             **async_default**
  Path Type:              Recovery (Max at Slow Process Corner)
  Requirement:            10.000ns  (clk_out2_cb_clk_wiz_0_2 rise@40.000ns - clk_fpga_0 rise@30.000ns)
  Data Path Delay:        2.764ns  (logic 0.580ns (20.981%)  route 2.184ns (79.019%))
  Logic Levels:           1  (LUT1=1)
  Clock Path Skew:        -0.166ns (DCD - SCD + CPR)
    Destination Clock Delay (DCD):    2.664ns = ( 42.664 - 40.000 ) 
    Source Clock Delay      (SCD):    2.945ns = ( 32.945 - 30.000 ) 
    Clock Pessimism Removal (CPR):    0.115ns
  Clock Uncertainty:      0.290ns  ((TSJ^2 + TIJ^2 + DJ^2)^1/2) / 2 + PE
    Total System Jitter     (TSJ):    0.071ns
    Total Input Jitter      (TIJ):    0.300ns
    Discrete Jitter          (DJ):    0.227ns
    Phase Error              (PE):    0.099ns

    Location             Delay type                Incr(ns)  Path(ns)    Netlist Resource(s)
  -------------------------------------------------------------------    -------------------
                         (clock clk_fpga_0 rise edge)
                                                     30.000    30.000 r  
    PS7_X0Y0             PS7                          0.000    30.000 r  cb_i/processing_system7_0/inst/PS7_i/FCLKCLK[0]
                         net (fo=1, routed)           1.193    31.193    cb_i/processing_system7_0/inst/FCLK_CLK_unbuffered[0]
    BUFGCTRL_X0Y16       BUFG (Prop_bufg_I_O)         0.101    31.294 r  cb_i/processing_system7_0/inst/buffer_fclk_clk_0.FCLK_CLK_0_BUFG/O
                         net (fo=1118, routed)        1.651    32.945    cb_i/axi_gpio_resetn/U0/gpio_core_1/s_axi_aclk
    SLICE_X45Y93         FDRE                                         r  cb_i/axi_gpio_resetn/U0/gpio_core_1/Not_Dual.gpio_Data_Out_reg[0]/C
  -------------------------------------------------------------------    -------------------
    SLICE_X45Y93         FDRE (Prop_fdre_C_Q)         0.456    33.401 r  cb_i/axi_gpio_resetn/U0/gpio_core_1/Not_Dual.gpio_Data_Out_reg[0]/Q
                         net (fo=3, routed)           0.693    34.094    cb_i/vdp_native_slave_0/inst/u_vga_timing/resetn
    SLICE_X44Y93         LUT1 (Prop_lut1_I0_O)        0.124    34.218 f  cb_i/vdp_native_slave_0/inst/u_vga_timing/mem_ready_i_1/O
                         net (fo=58, routed)          1.491    35.709    cb_i/vdp_native_slave_0/inst/u_vga_timing_n_25
    SLICE_X39Y96         FDPE                                         f  cb_i/vdp_native_slave_0/inst/reg_color_reg[23]/PRE
  -------------------------------------------------------------------    -------------------

                         (clock clk_out2_cb_clk_wiz_0_2 rise edge)
                                                     40.000    40.000 r  
    PS7_X0Y0             PS7                          0.000    40.000 r  cb_i/processing_system7_0/inst/PS7_i/FCLKCLK[0]
                         net (fo=1, routed)           1.088    41.088    cb_i/processing_system7_0/inst/FCLK_CLK_unbuffered[0]
    BUFGCTRL_X0Y16       BUFG (Prop_bufg_I_O)         0.091    41.179 r  cb_i/processing_system7_0/inst/buffer_fclk_clk_0.FCLK_CLK_0_BUFG/O
                         net (fo=1118, routed)        1.612    42.792    cb_i/clk_wiz_0/inst/clk_in1
    MMCME2_ADV_X1Y0      MMCME2_ADV (Prop_mmcme2_adv_CLKIN1_CLKOUT1)
                                                     -3.425    39.366 r  cb_i/clk_wiz_0/inst/mmcm_adv_inst/CLKOUT1
                         net (fo=1, routed)           1.725    41.091    cb_i/clk_wiz_0/inst/clk_out2_cb_clk_wiz_0_2
    BUFGCTRL_X0Y1        BUFG (Prop_bufg_I_O)         0.091    41.182 r  cb_i/clk_wiz_0/inst/clkout2_buf/O
                         net (fo=16, routed)          1.482    42.664    cb_i/vdp_native_slave_0/inst/clk
    SLICE_X39Y96         FDPE                                         r  cb_i/vdp_native_slave_0/inst/reg_color_reg[23]/C
                         clock pessimism              0.115    42.779    
                         clock uncertainty           -0.290    42.489    
    SLICE_X39Y96         FDPE (Recov_fdpe_C_PRE)     -0.359    42.130    cb_i/vdp_native_slave_0/inst/reg_color_reg[23]
  -------------------------------------------------------------------
                         required time                         42.130    
                         arrival time                         -35.709    
  -------------------------------------------------------------------
                         slack                                  6.420    

Slack (MET) :             6.481ns  (required time - arrival time)
  Source:                 cb_i/axi_gpio_resetn/U0/gpio_core_1/Not_Dual.gpio_Data_Out_reg[0]/C
                            (rising edge-triggered cell FDRE clocked by clk_fpga_0  {rise@0.000ns fall@5.000ns period=10.000ns})
  Destination:            cb_i/vdp_native_slave_0/inst/mem_ready_reg/CLR
                            (recovery check against rising-edge clock clk_out2_cb_clk_wiz_0_2  {rise@0.000ns fall@20.000ns period=40.000ns})
  Path Group:             **async_default**
  Path Type:              Recovery (Max at Slow Process Corner)
  Requirement:            10.000ns  (clk_out2_cb_clk_wiz_0_2 rise@40.000ns - clk_fpga_0 rise@30.000ns)
  Data Path Delay:        2.656ns  (logic 0.580ns (21.838%)  route 2.076ns (78.162%))
  Logic Levels:           1  (LUT1=1)
  Clock Path Skew:        -0.168ns (DCD - SCD + CPR)
    Destination Clock Delay (DCD):    2.662ns = ( 42.662 - 40.000 ) 
    Source Clock Delay      (SCD):    2.945ns = ( 32.945 - 30.000 ) 
    Clock Pessimism Removal (CPR):    0.115ns
  Clock Uncertainty:      0.290ns  ((TSJ^2 + TIJ^2 + DJ^2)^1/2) / 2 + PE
    Total System Jitter     (TSJ):    0.071ns
    Total Input Jitter      (TIJ):    0.300ns
    Discrete Jitter          (DJ):    0.227ns
    Phase Error              (PE):    0.099ns

    Location             Delay type                Incr(ns)  Path(ns)    Netlist Resource(s)
  -------------------------------------------------------------------    -------------------
                         (clock clk_fpga_0 rise edge)
                                                     30.000    30.000 r  
    PS7_X0Y0             PS7                          0.000    30.000 r  cb_i/processing_system7_0/inst/PS7_i/FCLKCLK[0]
                         net (fo=1, routed)           1.193    31.193    cb_i/processing_system7_0/inst/FCLK_CLK_unbuffered[0]
    BUFGCTRL_X0Y16       BUFG (Prop_bufg_I_O)         0.101    31.294 r  cb_i/processing_system7_0/inst/buffer_fclk_clk_0.FCLK_CLK_0_BUFG/O
                         net (fo=1118, routed)        1.651    32.945    cb_i/axi_gpio_resetn/U0/gpio_core_1/s_axi_aclk
    SLICE_X45Y93         FDRE                                         r  cb_i/axi_gpio_resetn/U0/gpio_core_1/Not_Dual.gpio_Data_Out_reg[0]/C
  -------------------------------------------------------------------    -------------------
    SLICE_X45Y93         FDRE (Prop_fdre_C_Q)         0.456    33.401 r  cb_i/axi_gpio_resetn/U0/gpio_core_1/Not_Dual.gpio_Data_Out_reg[0]/Q
                         net (fo=3, routed)           0.693    34.094    cb_i/vdp_native_slave_0/inst/u_vga_timing/resetn
    SLICE_X44Y93         LUT1 (Prop_lut1_I0_O)        0.124    34.218 f  cb_i/vdp_native_slave_0/inst/u_vga_timing/mem_ready_i_1/O
                         net (fo=58, routed)          1.383    35.601    cb_i/vdp_native_slave_0/inst/u_vga_timing_n_25
    SLICE_X48Y93         FDCE                                         f  cb_i/vdp_native_slave_0/inst/mem_ready_reg/CLR
  -------------------------------------------------------------------    -------------------

                         (clock clk_out2_cb_clk_wiz_0_2 rise edge)
                                                     40.000    40.000 r  
    PS7_X0Y0             PS7                          0.000    40.000 r  cb_i/processing_system7_0/inst/PS7_i/FCLKCLK[0]
                         net (fo=1, routed)           1.088    41.088    cb_i/processing_system7_0/inst/FCLK_CLK_unbuffered[0]
    BUFGCTRL_X0Y16       BUFG (Prop_bufg_I_O)         0.091    41.179 r  cb_i/processing_system7_0/inst/buffer_fclk_clk_0.FCLK_CLK_0_BUFG/O
                         net (fo=1118, routed)        1.612    42.792    cb_i/clk_wiz_0/inst/clk_in1
    MMCME2_ADV_X1Y0      MMCME2_ADV (Prop_mmcme2_adv_CLKIN1_CLKOUT1)
                                                     -3.425    39.366 r  cb_i/clk_wiz_0/inst/mmcm_adv_inst/CLKOUT1
                         net (fo=1, routed)           1.725    41.091    cb_i/clk_wiz_0/inst/clk_out2_cb_clk_wiz_0_2
    BUFGCTRL_X0Y1        BUFG (Prop_bufg_I_O)         0.091    41.182 r  cb_i/clk_wiz_0/inst/clkout2_buf/O
                         net (fo=16, routed)          1.480    42.662    cb_i/vdp_native_slave_0/inst/clk
    SLICE_X48Y93         FDCE                                         r  cb_i/vdp_native_slave_0/inst/mem_ready_reg/C
                         clock pessimism              0.115    42.777    
                         clock uncertainty           -0.290    42.487    
    SLICE_X48Y93         FDCE (Recov_fdce_C_CLR)     -0.405    42.082    cb_i/vdp_native_slave_0/inst/mem_ready_reg
  -------------------------------------------------------------------
                         required time                         42.082    
                         arrival time                         -35.601    
  -------------------------------------------------------------------
                         slack                                  6.481    

Slack (MET) :             6.690ns  (required time - arrival time)
  Source:                 cb_i/axi_gpio_resetn/U0/gpio_core_1/Not_Dual.gpio_Data_Out_reg[0]/C
                            (rising edge-triggered cell FDRE clocked by clk_fpga_0  {rise@0.000ns fall@5.000ns period=10.000ns})
  Destination:            cb_i/vdp_native_slave_0/inst/reg_color_reg[15]/PRE
                            (recovery check against rising-edge clock clk_out2_cb_clk_wiz_0_2  {rise@0.000ns fall@20.000ns period=40.000ns})
  Path Group:             **async_default**
  Path Type:              Recovery (Max at Slow Process Corner)
  Requirement:            10.000ns  (clk_out2_cb_clk_wiz_0_2 rise@40.000ns - clk_fpga_0 rise@30.000ns)
  Data Path Delay:        2.496ns  (logic 0.580ns (23.235%)  route 1.916ns (76.765%))
  Logic Levels:           1  (LUT1=1)
  Clock Path Skew:        -0.165ns (DCD - SCD + CPR)
    Destination Clock Delay (DCD):    2.665ns = ( 42.665 - 40.000 ) 
    Source Clock Delay      (SCD):    2.945ns = ( 32.945 - 30.000 ) 
    Clock Pessimism Removal (CPR):    0.115ns
  Clock Uncertainty:      0.290ns  ((TSJ^2 + TIJ^2 + DJ^2)^1/2) / 2 + PE
    Total System Jitter     (TSJ):    0.071ns
    Total Input Jitter      (TIJ):    0.300ns
    Discrete Jitter          (DJ):    0.227ns
    Phase Error              (PE):    0.099ns

    Location             Delay type                Incr(ns)  Path(ns)    Netlist Resource(s)
  -------------------------------------------------------------------    -------------------
                         (clock clk_fpga_0 rise edge)
                                                     30.000    30.000 r  
    PS7_X0Y0             PS7                          0.000    30.000 r  cb_i/processing_system7_0/inst/PS7_i/FCLKCLK[0]
                         net (fo=1, routed)           1.193    31.193    cb_i/processing_system7_0/inst/FCLK_CLK_unbuffered[0]
    BUFGCTRL_X0Y16       BUFG (Prop_bufg_I_O)         0.101    31.294 r  cb_i/processing_system7_0/inst/buffer_fclk_clk_0.FCLK_CLK_0_BUFG/O
                         net (fo=1118, routed)        1.651    32.945    cb_i/axi_gpio_resetn/U0/gpio_core_1/s_axi_aclk
    SLICE_X45Y93         FDRE                                         r  cb_i/axi_gpio_resetn/U0/gpio_core_1/Not_Dual.gpio_Data_Out_reg[0]/C
  -------------------------------------------------------------------    -------------------
    SLICE_X45Y93         FDRE (Prop_fdre_C_Q)         0.456    33.401 r  cb_i/axi_gpio_resetn/U0/gpio_core_1/Not_Dual.gpio_Data_Out_reg[0]/Q
                         net (fo=3, routed)           0.693    34.094    cb_i/vdp_native_slave_0/inst/u_vga_timing/resetn
    SLICE_X44Y93         LUT1 (Prop_lut1_I0_O)        0.124    34.218 f  cb_i/vdp_native_slave_0/inst/u_vga_timing/mem_ready_i_1/O
                         net (fo=58, routed)          1.223    35.441    cb_i/vdp_native_slave_0/inst/u_vga_timing_n_25
    SLICE_X40Y97         FDPE                                         f  cb_i/vdp_native_slave_0/inst/reg_color_reg[15]/PRE
  -------------------------------------------------------------------    -------------------

                         (clock clk_out2_cb_clk_wiz_0_2 rise edge)
                                                     40.000    40.000 r  
    PS7_X0Y0             PS7                          0.000    40.000 r  cb_i/processing_system7_0/inst/PS7_i/FCLKCLK[0]
                         net (fo=1, routed)           1.088    41.088    cb_i/processing_system7_0/inst/FCLK_CLK_unbuffered[0]
    BUFGCTRL_X0Y16       BUFG (Prop_bufg_I_O)         0.091    41.179 r  cb_i/processing_system7_0/inst/buffer_fclk_clk_0.FCLK_CLK_0_BUFG/O
                         net (fo=1118, routed)        1.612    42.792    cb_i/clk_wiz_0/inst/clk_in1
    MMCME2_ADV_X1Y0      MMCME2_ADV (Prop_mmcme2_adv_CLKIN1_CLKOUT1)
                                                     -3.425    39.366 r  cb_i/clk_wiz_0/inst/mmcm_adv_inst/CLKOUT1
                         net (fo=1, routed)           1.725    41.091    cb_i/clk_wiz_0/inst/clk_out2_cb_clk_wiz_0_2
    BUFGCTRL_X0Y1        BUFG (Prop_bufg_I_O)         0.091    41.182 r  cb_i/clk_wiz_0/inst/clkout2_buf/O
                         net (fo=16, routed)          1.483    42.665    cb_i/vdp_native_slave_0/inst/clk
    SLICE_X40Y97         FDPE                                         r  cb_i/vdp_native_slave_0/inst/reg_color_reg[15]/C
                         clock pessimism              0.115    42.780    
                         clock uncertainty           -0.290    42.490    
    SLICE_X40Y97         FDPE (Recov_fdpe_C_PRE)     -0.359    42.131    cb_i/vdp_native_slave_0/inst/reg_color_reg[15]
  -------------------------------------------------------------------
                         required time                         42.131    
                         arrival time                         -35.441    
  -------------------------------------------------------------------
                         slack                                  6.690    

Slack (MET) :             6.711ns  (required time - arrival time)
  Source:                 cb_i/axi_gpio_resetn/U0/gpio_core_1/Not_Dual.gpio_Data_Out_reg[0]/C
                            (rising edge-triggered cell FDRE clocked by clk_fpga_0  {rise@0.000ns fall@5.000ns period=10.000ns})
  Destination:            cb_i/vdp_native_slave_0/inst/reg_color_reg[12]/PRE
                            (recovery check against rising-edge clock clk_out2_cb_clk_wiz_0_2  {rise@0.000ns fall@20.000ns period=40.000ns})
  Path Group:             **async_default**
  Path Type:              Recovery (Max at Slow Process Corner)
  Requirement:            10.000ns  (clk_out2_cb_clk_wiz_0_2 rise@40.000ns - clk_fpga_0 rise@30.000ns)
  Data Path Delay:        2.474ns  (logic 0.580ns (23.444%)  route 1.894ns (76.556%))
  Logic Levels:           1  (LUT1=1)
  Clock Path Skew:        -0.166ns (DCD - SCD + CPR)
    Destination Clock Delay (DCD):    2.664ns = ( 42.664 - 40.000 ) 
    Source Clock Delay      (SCD):    2.945ns = ( 32.945 - 30.000 ) 
    Clock Pessimism Removal (CPR):    0.115ns
  Clock Uncertainty:      0.290ns  ((TSJ^2 + TIJ^2 + DJ^2)^1/2) / 2 + PE
    Total System Jitter     (TSJ):    0.071ns
    Total Input Jitter      (TIJ):    0.300ns
    Discrete Jitter          (DJ):    0.227ns
    Phase Error              (PE):    0.099ns

    Location             Delay type                Incr(ns)  Path(ns)    Netlist Resource(s)
  -------------------------------------------------------------------    -------------------
                         (clock clk_fpga_0 rise edge)
                                                     30.000    30.000 r  
    PS7_X0Y0             PS7                          0.000    30.000 r  cb_i/processing_system7_0/inst/PS7_i/FCLKCLK[0]
                         net (fo=1, routed)           1.193    31.193    cb_i/processing_system7_0/inst/FCLK_CLK_unbuffered[0]
    BUFGCTRL_X0Y16       BUFG (Prop_bufg_I_O)         0.101    31.294 r  cb_i/processing_system7_0/inst/buffer_fclk_clk_0.FCLK_CLK_0_BUFG/O
                         net (fo=1118, routed)        1.651    32.945    cb_i/axi_gpio_resetn/U0/gpio_core_1/s_axi_aclk
    SLICE_X45Y93         FDRE                                         r  cb_i/axi_gpio_resetn/U0/gpio_core_1/Not_Dual.gpio_Data_Out_reg[0]/C
  -------------------------------------------------------------------    -------------------
    SLICE_X45Y93         FDRE (Prop_fdre_C_Q)         0.456    33.401 r  cb_i/axi_gpio_resetn/U0/gpio_core_1/Not_Dual.gpio_Data_Out_reg[0]/Q
                         net (fo=3, routed)           0.693    34.094    cb_i/vdp_native_slave_0/inst/u_vga_timing/resetn
    SLICE_X44Y93         LUT1 (Prop_lut1_I0_O)        0.124    34.218 f  cb_i/vdp_native_slave_0/inst/u_vga_timing/mem_ready_i_1/O
                         net (fo=58, routed)          1.201    35.419    cb_i/vdp_native_slave_0/inst/u_vga_timing_n_25
    SLICE_X39Y95         FDPE                                         f  cb_i/vdp_native_slave_0/inst/reg_color_reg[12]/PRE
  -------------------------------------------------------------------    -------------------

                         (clock clk_out2_cb_clk_wiz_0_2 rise edge)
                                                     40.000    40.000 r  
    PS7_X0Y0             PS7                          0.000    40.000 r  cb_i/processing_system7_0/inst/PS7_i/FCLKCLK[0]
                         net (fo=1, routed)           1.088    41.088    cb_i/processing_system7_0/inst/FCLK_CLK_unbuffered[0]
    BUFGCTRL_X0Y16       BUFG (Prop_bufg_I_O)         0.091    41.179 r  cb_i/processing_system7_0/inst/buffer_fclk_clk_0.FCLK_CLK_0_BUFG/O
                         net (fo=1118, routed)        1.612    42.792    cb_i/clk_wiz_0/inst/clk_in1
    MMCME2_ADV_X1Y0      MMCME2_ADV (Prop_mmcme2_adv_CLKIN1_CLKOUT1)
                                                     -3.425    39.366 r  cb_i/clk_wiz_0/inst/mmcm_adv_inst/CLKOUT1
                         net (fo=1, routed)           1.725    41.091    cb_i/clk_wiz_0/inst/clk_out2_cb_clk_wiz_0_2
    BUFGCTRL_X0Y1        BUFG (Prop_bufg_I_O)         0.091    41.182 r  cb_i/clk_wiz_0/inst/clkout2_buf/O
                         net (fo=16, routed)          1.482    42.664    cb_i/vdp_native_slave_0/inst/clk
    SLICE_X39Y95         FDPE                                         r  cb_i/vdp_native_slave_0/inst/reg_color_reg[12]/C
                         clock pessimism              0.115    42.779    
                         clock uncertainty           -0.290    42.489    
    SLICE_X39Y95         FDPE (Recov_fdpe_C_PRE)     -0.359    42.130    cb_i/vdp_native_slave_0/inst/reg_color_reg[12]
  -------------------------------------------------------------------
                         required time                         42.130    
                         arrival time                         -35.419    
  -------------------------------------------------------------------
                         slack                                  6.711    

Slack (MET) :             6.711ns  (required time - arrival time)
  Source:                 cb_i/axi_gpio_resetn/U0/gpio_core_1/Not_Dual.gpio_Data_Out_reg[0]/C
                            (rising edge-triggered cell FDRE clocked by clk_fpga_0  {rise@0.000ns fall@5.000ns period=10.000ns})
  Destination:            cb_i/vdp_native_slave_0/inst/reg_color_reg[13]/PRE
                            (recovery check against rising-edge clock clk_out2_cb_clk_wiz_0_2  {rise@0.000ns fall@20.000ns period=40.000ns})
  Path Group:             **async_default**
  Path Type:              Recovery (Max at Slow Process Corner)
  Requirement:            10.000ns  (clk_out2_cb_clk_wiz_0_2 rise@40.000ns - clk_fpga_0 rise@30.000ns)
  Data Path Delay:        2.474ns  (logic 0.580ns (23.444%)  route 1.894ns (76.556%))
  Logic Levels:           1  (LUT1=1)
  Clock Path Skew:        -0.166ns (DCD - SCD + CPR)
    Destination Clock Delay (DCD):    2.664ns = ( 42.664 - 40.000 ) 
    Source Clock Delay      (SCD):    2.945ns = ( 32.945 - 30.000 ) 
    Clock Pessimism Removal (CPR):    0.115ns
  Clock Uncertainty:      0.290ns  ((TSJ^2 + TIJ^2 + DJ^2)^1/2) / 2 + PE
    Total System Jitter     (TSJ):    0.071ns
    Total Input Jitter      (TIJ):    0.300ns
    Discrete Jitter          (DJ):    0.227ns
    Phase Error              (PE):    0.099ns

    Location             Delay type                Incr(ns)  Path(ns)    Netlist Resource(s)
  -------------------------------------------------------------------    -------------------
                         (clock clk_fpga_0 rise edge)
                                                     30.000    30.000 r  
    PS7_X0Y0             PS7                          0.000    30.000 r  cb_i/processing_system7_0/inst/PS7_i/FCLKCLK[0]
                         net (fo=1, routed)           1.193    31.193    cb_i/processing_system7_0/inst/FCLK_CLK_unbuffered[0]
    BUFGCTRL_X0Y16       BUFG (Prop_bufg_I_O)         0.101    31.294 r  cb_i/processing_system7_0/inst/buffer_fclk_clk_0.FCLK_CLK_0_BUFG/O
                         net (fo=1118, routed)        1.651    32.945    cb_i/axi_gpio_resetn/U0/gpio_core_1/s_axi_aclk
    SLICE_X45Y93         FDRE                                         r  cb_i/axi_gpio_resetn/U0/gpio_core_1/Not_Dual.gpio_Data_Out_reg[0]/C
  -------------------------------------------------------------------    -------------------
    SLICE_X45Y93         FDRE (Prop_fdre_C_Q)         0.456    33.401 r  cb_i/axi_gpio_resetn/U0/gpio_core_1/Not_Dual.gpio_Data_Out_reg[0]/Q
                         net (fo=3, routed)           0.693    34.094    cb_i/vdp_native_slave_0/inst/u_vga_timing/resetn
    SLICE_X44Y93         LUT1 (Prop_lut1_I0_O)        0.124    34.218 f  cb_i/vdp_native_slave_0/inst/u_vga_timing/mem_ready_i_1/O
                         net (fo=58, routed)          1.201    35.419    cb_i/vdp_native_slave_0/inst/u_vga_timing_n_25
    SLICE_X39Y95         FDPE                                         f  cb_i/vdp_native_slave_0/inst/reg_color_reg[13]/PRE
  -------------------------------------------------------------------    -------------------

                         (clock clk_out2_cb_clk_wiz_0_2 rise edge)
                                                     40.000    40.000 r  
    PS7_X0Y0             PS7                          0.000    40.000 r  cb_i/processing_system7_0/inst/PS7_i/FCLKCLK[0]
                         net (fo=1, routed)           1.088    41.088    cb_i/processing_system7_0/inst/FCLK_CLK_unbuffered[0]
    BUFGCTRL_X0Y16       BUFG (Prop_bufg_I_O)         0.091    41.179 r  cb_i/processing_system7_0/inst/buffer_fclk_clk_0.FCLK_CLK_0_BUFG/O
                         net (fo=1118, routed)        1.612    42.792    cb_i/clk_wiz_0/inst/clk_in1
    MMCME2_ADV_X1Y0      MMCME2_ADV (Prop_mmcme2_adv_CLKIN1_CLKOUT1)
                                                     -3.425    39.366 r  cb_i/clk_wiz_0/inst/mmcm_adv_inst/CLKOUT1
                         net (fo=1, routed)           1.725    41.091    cb_i/clk_wiz_0/inst/clk_out2_cb_clk_wiz_0_2
    BUFGCTRL_X0Y1        BUFG (Prop_bufg_I_O)         0.091    41.182 r  cb_i/clk_wiz_0/inst/clkout2_buf/O
                         net (fo=16, routed)          1.482    42.664    cb_i/vdp_native_slave_0/inst/clk
    SLICE_X39Y95         FDPE                                         r  cb_i/vdp_native_slave_0/inst/reg_color_reg[13]/C
                         clock pessimism              0.115    42.779    
                         clock uncertainty           -0.290    42.489    
    SLICE_X39Y95         FDPE (Recov_fdpe_C_PRE)     -0.359    42.130    cb_i/vdp_native_slave_0/inst/reg_color_reg[13]
  -------------------------------------------------------------------
                         required time                         42.130    
                         arrival time                         -35.419    
  -------------------------------------------------------------------
                         slack                                  6.711    

Slack (MET) :             6.711ns  (required time - arrival time)
  Source:                 cb_i/axi_gpio_resetn/U0/gpio_core_1/Not_Dual.gpio_Data_Out_reg[0]/C
                            (rising edge-triggered cell FDRE clocked by clk_fpga_0  {rise@0.000ns fall@5.000ns period=10.000ns})
  Destination:            cb_i/vdp_native_slave_0/inst/reg_color_reg[14]/PRE
                            (recovery check against rising-edge clock clk_out2_cb_clk_wiz_0_2  {rise@0.000ns fall@20.000ns period=40.000ns})
  Path Group:             **async_default**
  Path Type:              Recovery (Max at Slow Process Corner)
  Requirement:            10.000ns  (clk_out2_cb_clk_wiz_0_2 rise@40.000ns - clk_fpga_0 rise@30.000ns)
  Data Path Delay:        2.474ns  (logic 0.580ns (23.444%)  route 1.894ns (76.556%))
  Logic Levels:           1  (LUT1=1)
  Clock Path Skew:        -0.166ns (DCD - SCD + CPR)
    Destination Clock Delay (DCD):    2.664ns = ( 42.664 - 40.000 ) 
    Source Clock Delay      (SCD):    2.945ns = ( 32.945 - 30.000 ) 
    Clock Pessimism Removal (CPR):    0.115ns
  Clock Uncertainty:      0.290ns  ((TSJ^2 + TIJ^2 + DJ^2)^1/2) / 2 + PE
    Total System Jitter     (TSJ):    0.071ns
    Total Input Jitter      (TIJ):    0.300ns
    Discrete Jitter          (DJ):    0.227ns
    Phase Error              (PE):    0.099ns

    Location             Delay type                Incr(ns)  Path(ns)    Netlist Resource(s)
  -------------------------------------------------------------------    -------------------
                         (clock clk_fpga_0 rise edge)
                                                     30.000    30.000 r  
    PS7_X0Y0             PS7                          0.000    30.000 r  cb_i/processing_system7_0/inst/PS7_i/FCLKCLK[0]
                         net (fo=1, routed)           1.193    31.193    cb_i/processing_system7_0/inst/FCLK_CLK_unbuffered[0]
    BUFGCTRL_X0Y16       BUFG (Prop_bufg_I_O)         0.101    31.294 r  cb_i/processing_system7_0/inst/buffer_fclk_clk_0.FCLK_CLK_0_BUFG/O
                         net (fo=1118, routed)        1.651    32.945    cb_i/axi_gpio_resetn/U0/gpio_core_1/s_axi_aclk
    SLICE_X45Y93         FDRE                                         r  cb_i/axi_gpio_resetn/U0/gpio_core_1/Not_Dual.gpio_Data_Out_reg[0]/C
  -------------------------------------------------------------------    -------------------
    SLICE_X45Y93         FDRE (Prop_fdre_C_Q)         0.456    33.401 r  cb_i/axi_gpio_resetn/U0/gpio_core_1/Not_Dual.gpio_Data_Out_reg[0]/Q
                         net (fo=3, routed)           0.693    34.094    cb_i/vdp_native_slave_0/inst/u_vga_timing/resetn
    SLICE_X44Y93         LUT1 (Prop_lut1_I0_O)        0.124    34.218 f  cb_i/vdp_native_slave_0/inst/u_vga_timing/mem_ready_i_1/O
                         net (fo=58, routed)          1.201    35.419    cb_i/vdp_native_slave_0/inst/u_vga_timing_n_25
    SLICE_X39Y95         FDPE                                         f  cb_i/vdp_native_slave_0/inst/reg_color_reg[14]/PRE
  -------------------------------------------------------------------    -------------------

                         (clock clk_out2_cb_clk_wiz_0_2 rise edge)
                                                     40.000    40.000 r  
    PS7_X0Y0             PS7                          0.000    40.000 r  cb_i/processing_system7_0/inst/PS7_i/FCLKCLK[0]
                         net (fo=1, routed)           1.088    41.088    cb_i/processing_system7_0/inst/FCLK_CLK_unbuffered[0]
    BUFGCTRL_X0Y16       BUFG (Prop_bufg_I_O)         0.091    41.179 r  cb_i/processing_system7_0/inst/buffer_fclk_clk_0.FCLK_CLK_0_BUFG/O
                         net (fo=1118, routed)        1.612    42.792    cb_i/clk_wiz_0/inst/clk_in1
    MMCME2_ADV_X1Y0      MMCME2_ADV (Prop_mmcme2_adv_CLKIN1_CLKOUT1)
                                                     -3.425    39.366 r  cb_i/clk_wiz_0/inst/mmcm_adv_inst/CLKOUT1
                         net (fo=1, routed)           1.725    41.091    cb_i/clk_wiz_0/inst/clk_out2_cb_clk_wiz_0_2
    BUFGCTRL_X0Y1        BUFG (Prop_bufg_I_O)         0.091    41.182 r  cb_i/clk_wiz_0/inst/clkout2_buf/O
                         net (fo=16, routed)          1.482    42.664    cb_i/vdp_native_slave_0/inst/clk
    SLICE_X39Y95         FDPE                                         r  cb_i/vdp_native_slave_0/inst/reg_color_reg[14]/C
                         clock pessimism              0.115    42.779    
                         clock uncertainty           -0.290    42.489    
    SLICE_X39Y95         FDPE (Recov_fdpe_C_PRE)     -0.359    42.130    cb_i/vdp_native_slave_0/inst/reg_color_reg[14]
  -------------------------------------------------------------------
                         required time                         42.130    
                         arrival time                         -35.419    
  -------------------------------------------------------------------
                         slack                                  6.711    

Slack (MET) :             7.172ns  (required time - arrival time)
  Source:                 cb_i/axi_gpio_resetn/U0/gpio_core_1/Not_Dual.gpio_Data_Out_reg[0]/C
                            (rising edge-triggered cell FDRE clocked by clk_fpga_0  {rise@0.000ns fall@5.000ns period=10.000ns})
  Destination:            cb_i/vdp_native_slave_0/inst/reg_color_reg[4]/PRE
                            (recovery check against rising-edge clock clk_out2_cb_clk_wiz_0_2  {rise@0.000ns fall@20.000ns period=40.000ns})
  Path Group:             **async_default**
  Path Type:              Recovery (Max at Slow Process Corner)
  Requirement:            10.000ns  (clk_out2_cb_clk_wiz_0_2 rise@40.000ns - clk_fpga_0 rise@30.000ns)
  Data Path Delay:        2.013ns  (logic 0.580ns (28.812%)  route 1.433ns (71.188%))
  Logic Levels:           1  (LUT1=1)
  Clock Path Skew:        -0.166ns (DCD - SCD + CPR)
    Destination Clock Delay (DCD):    2.664ns = ( 42.664 - 40.000 ) 
    Source Clock Delay      (SCD):    2.945ns = ( 32.945 - 30.000 ) 
    Clock Pessimism Removal (CPR):    0.115ns
  Clock Uncertainty:      0.290ns  ((TSJ^2 + TIJ^2 + DJ^2)^1/2) / 2 + PE
    Total System Jitter     (TSJ):    0.071ns
    Total Input Jitter      (TIJ):    0.300ns
    Discrete Jitter          (DJ):    0.227ns
    Phase Error              (PE):    0.099ns

    Location             Delay type                Incr(ns)  Path(ns)    Netlist Resource(s)
  -------------------------------------------------------------------    -------------------
                         (clock clk_fpga_0 rise edge)
                                                     30.000    30.000 r  
    PS7_X0Y0             PS7                          0.000    30.000 r  cb_i/processing_system7_0/inst/PS7_i/FCLKCLK[0]
                         net (fo=1, routed)           1.193    31.193    cb_i/processing_system7_0/inst/FCLK_CLK_unbuffered[0]
    BUFGCTRL_X0Y16       BUFG (Prop_bufg_I_O)         0.101    31.294 r  cb_i/processing_system7_0/inst/buffer_fclk_clk_0.FCLK_CLK_0_BUFG/O
                         net (fo=1118, routed)        1.651    32.945    cb_i/axi_gpio_resetn/U0/gpio_core_1/s_axi_aclk
    SLICE_X45Y93         FDRE                                         r  cb_i/axi_gpio_resetn/U0/gpio_core_1/Not_Dual.gpio_Data_Out_reg[0]/C
  -------------------------------------------------------------------    -------------------
    SLICE_X45Y93         FDRE (Prop_fdre_C_Q)         0.456    33.401 r  cb_i/axi_gpio_resetn/U0/gpio_core_1/Not_Dual.gpio_Data_Out_reg[0]/Q
                         net (fo=3, routed)           0.693    34.094    cb_i/vdp_native_slave_0/inst/u_vga_timing/resetn
    SLICE_X44Y93         LUT1 (Prop_lut1_I0_O)        0.124    34.218 f  cb_i/vdp_native_slave_0/inst/u_vga_timing/mem_ready_i_1/O
                         net (fo=58, routed)          0.740    34.958    cb_i/vdp_native_slave_0/inst/u_vga_timing_n_25
    SLICE_X43Y94         FDPE                                         f  cb_i/vdp_native_slave_0/inst/reg_color_reg[4]/PRE
  -------------------------------------------------------------------    -------------------

                         (clock clk_out2_cb_clk_wiz_0_2 rise edge)
                                                     40.000    40.000 r  
    PS7_X0Y0             PS7                          0.000    40.000 r  cb_i/processing_system7_0/inst/PS7_i/FCLKCLK[0]
                         net (fo=1, routed)           1.088    41.088    cb_i/processing_system7_0/inst/FCLK_CLK_unbuffered[0]
    BUFGCTRL_X0Y16       BUFG (Prop_bufg_I_O)         0.091    41.179 r  cb_i/processing_system7_0/inst/buffer_fclk_clk_0.FCLK_CLK_0_BUFG/O
                         net (fo=1118, routed)        1.612    42.792    cb_i/clk_wiz_0/inst/clk_in1
    MMCME2_ADV_X1Y0      MMCME2_ADV (Prop_mmcme2_adv_CLKIN1_CLKOUT1)
                                                     -3.425    39.366 r  cb_i/clk_wiz_0/inst/mmcm_adv_inst/CLKOUT1
                         net (fo=1, routed)           1.725    41.091    cb_i/clk_wiz_0/inst/clk_out2_cb_clk_wiz_0_2
    BUFGCTRL_X0Y1        BUFG (Prop_bufg_I_O)         0.091    41.182 r  cb_i/clk_wiz_0/inst/clkout2_buf/O
                         net (fo=16, routed)          1.482    42.664    cb_i/vdp_native_slave_0/inst/clk
    SLICE_X43Y94         FDPE                                         r  cb_i/vdp_native_slave_0/inst/reg_color_reg[4]/C
                         clock pessimism              0.115    42.779    
                         clock uncertainty           -0.290    42.489    
    SLICE_X43Y94         FDPE (Recov_fdpe_C_PRE)     -0.359    42.130    cb_i/vdp_native_slave_0/inst/reg_color_reg[4]
  -------------------------------------------------------------------
                         required time                         42.130    
                         arrival time                         -34.958    
  -------------------------------------------------------------------
                         slack                                  7.172    





Min Delay Paths
--------------------------------------------------------------------------------------
Slack (MET) :             0.163ns  (arrival time - required time)
  Source:                 cb_i/axi_gpio_resetn/U0/gpio_core_1/Not_Dual.gpio_Data_Out_reg[0]/C
                            (rising edge-triggered cell FDRE clocked by clk_fpga_0  {rise@0.000ns fall@5.000ns period=10.000ns})
  Destination:            cb_i/vdp_native_slave_0/inst/reg_display_enable_reg/CLR
                            (removal check against rising-edge clock clk_out2_cb_clk_wiz_0_2  {rise@0.000ns fall@20.000ns period=40.000ns})
  Path Group:             **async_default**
  Path Type:              Removal (Min at Fast Process Corner)
  Requirement:            0.000ns  (clk_out2_cb_clk_wiz_0_2 rise@0.000ns - clk_fpga_0 rise@0.000ns)
  Data Path Delay:        0.658ns  (logic 0.186ns (28.247%)  route 0.472ns (71.753%))
  Logic Levels:           1  (LUT1=1)
  Clock Path Skew:        0.272ns (DCD - SCD - CPR)
    Destination Clock Delay (DCD):    1.194ns
    Source Clock Delay      (SCD):    0.892ns
    Clock Pessimism Removal (CPR):    0.030ns
  Clock Uncertainty:      0.290ns  ((TSJ^2 + TIJ^2 + DJ^2)^1/2) / 2 + PE
    Total System Jitter     (TSJ):    0.071ns
    Total Input Jitter      (TIJ):    0.300ns
    Discrete Jitter          (DJ):    0.227ns
    Phase Error              (PE):    0.099ns

    Location             Delay type                Incr(ns)  Path(ns)    Netlist Resource(s)
  -------------------------------------------------------------------    -------------------
                         (clock clk_fpga_0 rise edge)
                                                      0.000     0.000 r  
    PS7_X0Y0             PS7                          0.000     0.000 r  cb_i/processing_system7_0/inst/PS7_i/FCLKCLK[0]
                         net (fo=1, routed)           0.310     0.310    cb_i/processing_system7_0/inst/FCLK_CLK_unbuffered[0]
    BUFGCTRL_X0Y16       BUFG (Prop_bufg_I_O)         0.026     0.336 r  cb_i/processing_system7_0/inst/buffer_fclk_clk_0.FCLK_CLK_0_BUFG/O
                         net (fo=1118, routed)        0.556     0.892    cb_i/axi_gpio_resetn/U0/gpio_core_1/s_axi_aclk
    SLICE_X45Y93         FDRE                                         r  cb_i/axi_gpio_resetn/U0/gpio_core_1/Not_Dual.gpio_Data_Out_reg[0]/C
  -------------------------------------------------------------------    -------------------
    SLICE_X45Y93         FDRE (Prop_fdre_C_Q)         0.141     1.033 r  cb_i/axi_gpio_resetn/U0/gpio_core_1/Not_Dual.gpio_Data_Out_reg[0]/Q
                         net (fo=3, routed)           0.245     1.278    cb_i/vdp_native_slave_0/inst/u_vga_timing/resetn
    SLICE_X44Y93         LUT1 (Prop_lut1_I0_O)        0.045     1.323 f  cb_i/vdp_native_slave_0/inst/u_vga_timing/mem_ready_i_1/O
                         net (fo=58, routed)          0.227     1.550    cb_i/vdp_native_slave_0/inst/u_vga_timing_n_25
    SLICE_X42Y93         FDCE                                         f  cb_i/vdp_native_slave_0/inst/reg_display_enable_reg/CLR
  -------------------------------------------------------------------    -------------------

                         (clock clk_out2_cb_clk_wiz_0_2 rise edge)
                                                      0.000     0.000 r  
    PS7_X0Y0             PS7                          0.000     0.000 r  cb_i/processing_system7_0/inst/PS7_i/FCLKCLK[0]
                         net (fo=1, routed)           0.337     0.337    cb_i/processing_system7_0/inst/FCLK_CLK_unbuffered[0]
    BUFGCTRL_X0Y16       BUFG (Prop_bufg_I_O)         0.029     0.366 r  cb_i/processing_system7_0/inst/buffer_fclk_clk_0.FCLK_CLK_0_BUFG/O
                         net (fo=1118, routed)        0.864     1.230    cb_i/clk_wiz_0/inst/clk_in1
    MMCME2_ADV_X1Y0      MMCME2_ADV (Prop_mmcme2_adv_CLKIN1_CLKOUT1)
                                                     -1.467    -0.237 r  cb_i/clk_wiz_0/inst/mmcm_adv_inst/CLKOUT1
                         net (fo=1, routed)           0.576     0.339    cb_i/clk_wiz_0/inst/clk_out2_cb_clk_wiz_0_2
    BUFGCTRL_X0Y1        BUFG (Prop_bufg_I_O)         0.029     0.368 r  cb_i/clk_wiz_0/inst/clkout2_buf/O
                         net (fo=16, routed)          0.826     1.194    cb_i/vdp_native_slave_0/inst/clk
    SLICE_X42Y93         FDCE                                         r  cb_i/vdp_native_slave_0/inst/reg_display_enable_reg/C
                         clock pessimism             -0.030     1.164    
                         clock uncertainty            0.290     1.454    
    SLICE_X42Y93         FDCE (Remov_fdce_C_CLR)     -0.067     1.387    cb_i/vdp_native_slave_0/inst/reg_display_enable_reg
  -------------------------------------------------------------------
                         required time                         -1.387    
                         arrival time                           1.550    
  -------------------------------------------------------------------
                         slack                                  0.163    

Slack (MET) :             0.163ns  (arrival time - required time)
  Source:                 cb_i/axi_gpio_resetn/U0/gpio_core_1/Not_Dual.gpio_Data_Out_reg[0]/C
                            (rising edge-triggered cell FDRE clocked by clk_fpga_0  {rise@0.000ns fall@5.000ns period=10.000ns})
  Destination:            cb_i/vdp_native_slave_0/inst/reg_pattern_mode_reg/CLR
                            (removal check against rising-edge clock clk_out2_cb_clk_wiz_0_2  {rise@0.000ns fall@20.000ns period=40.000ns})
  Path Group:             **async_default**
  Path Type:              Removal (Min at Fast Process Corner)
  Requirement:            0.000ns  (clk_out2_cb_clk_wiz_0_2 rise@0.000ns - clk_fpga_0 rise@0.000ns)
  Data Path Delay:        0.658ns  (logic 0.186ns (28.247%)  route 0.472ns (71.753%))
  Logic Levels:           1  (LUT1=1)
  Clock Path Skew:        0.272ns (DCD - SCD - CPR)
    Destination Clock Delay (DCD):    1.194ns
    Source Clock Delay      (SCD):    0.892ns
    Clock Pessimism Removal (CPR):    0.030ns
  Clock Uncertainty:      0.290ns  ((TSJ^2 + TIJ^2 + DJ^2)^1/2) / 2 + PE
    Total System Jitter     (TSJ):    0.071ns
    Total Input Jitter      (TIJ):    0.300ns
    Discrete Jitter          (DJ):    0.227ns
    Phase Error              (PE):    0.099ns

    Location             Delay type                Incr(ns)  Path(ns)    Netlist Resource(s)
  -------------------------------------------------------------------    -------------------
                         (clock clk_fpga_0 rise edge)
                                                      0.000     0.000 r  
    PS7_X0Y0             PS7                          0.000     0.000 r  cb_i/processing_system7_0/inst/PS7_i/FCLKCLK[0]
                         net (fo=1, routed)           0.310     0.310    cb_i/processing_system7_0/inst/FCLK_CLK_unbuffered[0]
    BUFGCTRL_X0Y16       BUFG (Prop_bufg_I_O)         0.026     0.336 r  cb_i/processing_system7_0/inst/buffer_fclk_clk_0.FCLK_CLK_0_BUFG/O
                         net (fo=1118, routed)        0.556     0.892    cb_i/axi_gpio_resetn/U0/gpio_core_1/s_axi_aclk
    SLICE_X45Y93         FDRE                                         r  cb_i/axi_gpio_resetn/U0/gpio_core_1/Not_Dual.gpio_Data_Out_reg[0]/C
  -------------------------------------------------------------------    -------------------
    SLICE_X45Y93         FDRE (Prop_fdre_C_Q)         0.141     1.033 r  cb_i/axi_gpio_resetn/U0/gpio_core_1/Not_Dual.gpio_Data_Out_reg[0]/Q
                         net (fo=3, routed)           0.245     1.278    cb_i/vdp_native_slave_0/inst/u_vga_timing/resetn
    SLICE_X44Y93         LUT1 (Prop_lut1_I0_O)        0.045     1.323 f  cb_i/vdp_native_slave_0/inst/u_vga_timing/mem_ready_i_1/O
                         net (fo=58, routed)          0.227     1.550    cb_i/vdp_native_slave_0/inst/u_vga_timing_n_25
    SLICE_X42Y93         FDCE                                         f  cb_i/vdp_native_slave_0/inst/reg_pattern_mode_reg/CLR
  -------------------------------------------------------------------    -------------------

                         (clock clk_out2_cb_clk_wiz_0_2 rise edge)
                                                      0.000     0.000 r  
    PS7_X0Y0             PS7                          0.000     0.000 r  cb_i/processing_system7_0/inst/PS7_i/FCLKCLK[0]
                         net (fo=1, routed)           0.337     0.337    cb_i/processing_system7_0/inst/FCLK_CLK_unbuffered[0]
    BUFGCTRL_X0Y16       BUFG (Prop_bufg_I_O)         0.029     0.366 r  cb_i/processing_system7_0/inst/buffer_fclk_clk_0.FCLK_CLK_0_BUFG/O
                         net (fo=1118, routed)        0.864     1.230    cb_i/clk_wiz_0/inst/clk_in1
    MMCME2_ADV_X1Y0      MMCME2_ADV (Prop_mmcme2_adv_CLKIN1_CLKOUT1)
                                                     -1.467    -0.237 r  cb_i/clk_wiz_0/inst/mmcm_adv_inst/CLKOUT1
                         net (fo=1, routed)           0.576     0.339    cb_i/clk_wiz_0/inst/clk_out2_cb_clk_wiz_0_2
    BUFGCTRL_X0Y1        BUFG (Prop_bufg_I_O)         0.029     0.368 r  cb_i/clk_wiz_0/inst/clkout2_buf/O
                         net (fo=16, routed)          0.826     1.194    cb_i/vdp_native_slave_0/inst/clk
    SLICE_X42Y93         FDCE                                         r  cb_i/vdp_native_slave_0/inst/reg_pattern_mode_reg/C
                         clock pessimism             -0.030     1.164    
                         clock uncertainty            0.290     1.454    
    SLICE_X42Y93         FDCE (Remov_fdce_C_CLR)     -0.067     1.387    cb_i/vdp_native_slave_0/inst/reg_pattern_mode_reg
  -------------------------------------------------------------------
                         required time                         -1.387    
                         arrival time                           1.550    
  -------------------------------------------------------------------
                         slack                                  0.163    

Slack (MET) :             0.219ns  (arrival time - required time)
  Source:                 cb_i/axi_gpio_resetn/U0/gpio_core_1/Not_Dual.gpio_Data_Out_reg[0]/C
                            (rising edge-triggered cell FDRE clocked by clk_fpga_0  {rise@0.000ns fall@5.000ns period=10.000ns})
  Destination:            cb_i/vdp_native_slave_0/inst/cfg_toggle_reg/CLR
                            (removal check against rising-edge clock clk_out2_cb_clk_wiz_0_2  {rise@0.000ns fall@20.000ns period=40.000ns})
  Path Group:             **async_default**
  Path Type:              Removal (Min at Fast Process Corner)
  Requirement:            0.000ns  (clk_out2_cb_clk_wiz_0_2 rise@0.000ns - clk_fpga_0 rise@0.000ns)
  Data Path Delay:        0.713ns  (logic 0.186ns (26.091%)  route 0.527ns (73.909%))
  Logic Levels:           1  (LUT1=1)
  Clock Path Skew:        0.271ns (DCD - SCD - CPR)
    Destination Clock Delay (DCD):    1.193ns
    Source Clock Delay      (SCD):    0.892ns
    Clock Pessimism Removal (CPR):    0.030ns
  Clock Uncertainty:      0.290ns  ((TSJ^2 + TIJ^2 + DJ^2)^1/2) / 2 + PE
    Total System Jitter     (TSJ):    0.071ns
    Total Input Jitter      (TIJ):    0.300ns
    Discrete Jitter          (DJ):    0.227ns
    Phase Error              (PE):    0.099ns

    Location             Delay type                Incr(ns)  Path(ns)    Netlist Resource(s)
  -------------------------------------------------------------------    -------------------
                         (clock clk_fpga_0 rise edge)
                                                      0.000     0.000 r  
    PS7_X0Y0             PS7                          0.000     0.000 r  cb_i/processing_system7_0/inst/PS7_i/FCLKCLK[0]
                         net (fo=1, routed)           0.310     0.310    cb_i/processing_system7_0/inst/FCLK_CLK_unbuffered[0]
    BUFGCTRL_X0Y16       BUFG (Prop_bufg_I_O)         0.026     0.336 r  cb_i/processing_system7_0/inst/buffer_fclk_clk_0.FCLK_CLK_0_BUFG/O
                         net (fo=1118, routed)        0.556     0.892    cb_i/axi_gpio_resetn/U0/gpio_core_1/s_axi_aclk
    SLICE_X45Y93         FDRE                                         r  cb_i/axi_gpio_resetn/U0/gpio_core_1/Not_Dual.gpio_Data_Out_reg[0]/C
  -------------------------------------------------------------------    -------------------
    SLICE_X45Y93         FDRE (Prop_fdre_C_Q)         0.141     1.033 r  cb_i/axi_gpio_resetn/U0/gpio_core_1/Not_Dual.gpio_Data_Out_reg[0]/Q
                         net (fo=3, routed)           0.245     1.278    cb_i/vdp_native_slave_0/inst/u_vga_timing/resetn
    SLICE_X44Y93         LUT1 (Prop_lut1_I0_O)        0.045     1.323 f  cb_i/vdp_native_slave_0/inst/u_vga_timing/mem_ready_i_1/O
                         net (fo=58, routed)          0.282     1.604    cb_i/vdp_native_slave_0/inst/u_vga_timing_n_25
    SLICE_X42Y92         FDCE                                         f  cb_i/vdp_native_slave_0/inst/cfg_toggle_reg/CLR
  -------------------------------------------------------------------    -------------------

                         (clock clk_out2_cb_clk_wiz_0_2 rise edge)
                                                      0.000     0.000 r  
    PS7_X0Y0             PS7                          0.000     0.000 r  cb_i/processing_system7_0/inst/PS7_i/FCLKCLK[0]
                         net (fo=1, routed)           0.337     0.337    cb_i/processing_system7_0/inst/FCLK_CLK_unbuffered[0]
    BUFGCTRL_X0Y16       BUFG (Prop_bufg_I_O)         0.029     0.366 r  cb_i/processing_system7_0/inst/buffer_fclk_clk_0.FCLK_CLK_0_BUFG/O
                         net (fo=1118, routed)        0.864     1.230    cb_i/clk_wiz_0/inst/clk_in1
    MMCME2_ADV_X1Y0      MMCME2_ADV (Prop_mmcme2_adv_CLKIN1_CLKOUT1)
                                                     -1.467    -0.237 r  cb_i/clk_wiz_0/inst/mmcm_adv_inst/CLKOUT1
                         net (fo=1, routed)           0.576     0.339    cb_i/clk_wiz_0/inst/clk_out2_cb_clk_wiz_0_2
    BUFGCTRL_X0Y1        BUFG (Prop_bufg_I_O)         0.029     0.368 r  cb_i/clk_wiz_0/inst/clkout2_buf/O
                         net (fo=16, routed)          0.825     1.193    cb_i/vdp_native_slave_0/inst/clk
    SLICE_X42Y92         FDCE                                         r  cb_i/vdp_native_slave_0/inst/cfg_toggle_reg/C
                         clock pessimism             -0.030     1.163    
                         clock uncertainty            0.290     1.453    
    SLICE_X42Y92         FDCE (Remov_fdce_C_CLR)     -0.067     1.386    cb_i/vdp_native_slave_0/inst/cfg_toggle_reg
  -------------------------------------------------------------------
                         required time                         -1.386    
                         arrival time                           1.604    
  -------------------------------------------------------------------
                         slack                                  0.219    

Slack (MET) :             0.255ns  (arrival time - required time)
  Source:                 cb_i/axi_gpio_resetn/U0/gpio_core_1/Not_Dual.gpio_Data_Out_reg[0]/C
                            (rising edge-triggered cell FDRE clocked by clk_fpga_0  {rise@0.000ns fall@5.000ns period=10.000ns})
  Destination:            cb_i/vdp_native_slave_0/inst/reg_color_reg[4]/PRE
                            (removal check against rising-edge clock clk_out2_cb_clk_wiz_0_2  {rise@0.000ns fall@20.000ns period=40.000ns})
  Path Group:             **async_default**
  Path Type:              Removal (Min at Fast Process Corner)
  Requirement:            0.000ns  (clk_out2_cb_clk_wiz_0_2 rise@0.000ns - clk_fpga_0 rise@0.000ns)
  Data Path Delay:        0.722ns  (logic 0.186ns (25.759%)  route 0.536ns (74.241%))
  Logic Levels:           1  (LUT1=1)
  Clock Path Skew:        0.272ns (DCD - SCD - CPR)
    Destination Clock Delay (DCD):    1.194ns
    Source Clock Delay      (SCD):    0.892ns
    Clock Pessimism Removal (CPR):    0.030ns
  Clock Uncertainty:      0.290ns  ((TSJ^2 + TIJ^2 + DJ^2)^1/2) / 2 + PE
    Total System Jitter     (TSJ):    0.071ns
    Total Input Jitter      (TIJ):    0.300ns
    Discrete Jitter          (DJ):    0.227ns
    Phase Error              (PE):    0.099ns

    Location             Delay type                Incr(ns)  Path(ns)    Netlist Resource(s)
  -------------------------------------------------------------------    -------------------
                         (clock clk_fpga_0 rise edge)
                                                      0.000     0.000 r  
    PS7_X0Y0             PS7                          0.000     0.000 r  cb_i/processing_system7_0/inst/PS7_i/FCLKCLK[0]
                         net (fo=1, routed)           0.310     0.310    cb_i/processing_system7_0/inst/FCLK_CLK_unbuffered[0]
    BUFGCTRL_X0Y16       BUFG (Prop_bufg_I_O)         0.026     0.336 r  cb_i/processing_system7_0/inst/buffer_fclk_clk_0.FCLK_CLK_0_BUFG/O
                         net (fo=1118, routed)        0.556     0.892    cb_i/axi_gpio_resetn/U0/gpio_core_1/s_axi_aclk
    SLICE_X45Y93         FDRE                                         r  cb_i/axi_gpio_resetn/U0/gpio_core_1/Not_Dual.gpio_Data_Out_reg[0]/C
  -------------------------------------------------------------------    -------------------
    SLICE_X45Y93         FDRE (Prop_fdre_C_Q)         0.141     1.033 r  cb_i/axi_gpio_resetn/U0/gpio_core_1/Not_Dual.gpio_Data_Out_reg[0]/Q
                         net (fo=3, routed)           0.245     1.278    cb_i/vdp_native_slave_0/inst/u_vga_timing/resetn
    SLICE_X44Y93         LUT1 (Prop_lut1_I0_O)        0.045     1.323 f  cb_i/vdp_native_slave_0/inst/u_vga_timing/mem_ready_i_1/O
                         net (fo=58, routed)          0.291     1.614    cb_i/vdp_native_slave_0/inst/u_vga_timing_n_25
    SLICE_X43Y94         FDPE                                         f  cb_i/vdp_native_slave_0/inst/reg_color_reg[4]/PRE
  -------------------------------------------------------------------    -------------------

                         (clock clk_out2_cb_clk_wiz_0_2 rise edge)
                                                      0.000     0.000 r  
    PS7_X0Y0             PS7                          0.000     0.000 r  cb_i/processing_system7_0/inst/PS7_i/FCLKCLK[0]
                         net (fo=1, routed)           0.337     0.337    cb_i/processing_system7_0/inst/FCLK_CLK_unbuffered[0]
    BUFGCTRL_X0Y16       BUFG (Prop_bufg_I_O)         0.029     0.366 r  cb_i/processing_system7_0/inst/buffer_fclk_clk_0.FCLK_CLK_0_BUFG/O
                         net (fo=1118, routed)        0.864     1.230    cb_i/clk_wiz_0/inst/clk_in1
    MMCME2_ADV_X1Y0      MMCME2_ADV (Prop_mmcme2_adv_CLKIN1_CLKOUT1)
                                                     -1.467    -0.237 r  cb_i/clk_wiz_0/inst/mmcm_adv_inst/CLKOUT1
                         net (fo=1, routed)           0.576     0.339    cb_i/clk_wiz_0/inst/clk_out2_cb_clk_wiz_0_2
    BUFGCTRL_X0Y1        BUFG (Prop_bufg_I_O)         0.029     0.368 r  cb_i/clk_wiz_0/inst/clkout2_buf/O
                         net (fo=16, routed)          0.826     1.194    cb_i/vdp_native_slave_0/inst/clk
    SLICE_X43Y94         FDPE                                         r  cb_i/vdp_native_slave_0/inst/reg_color_reg[4]/C
                         clock pessimism             -0.030     1.164    
                         clock uncertainty            0.290     1.454    
    SLICE_X43Y94         FDPE (Remov_fdpe_C_PRE)     -0.095     1.359    cb_i/vdp_native_slave_0/inst/reg_color_reg[4]
  -------------------------------------------------------------------
                         required time                         -1.359    
                         arrival time                           1.614    
  -------------------------------------------------------------------
                         slack                                  0.255    

Slack (MET) :             0.255ns  (arrival time - required time)
  Source:                 cb_i/axi_gpio_resetn/U0/gpio_core_1/Not_Dual.gpio_Data_Out_reg[0]/C
                            (rising edge-triggered cell FDRE clocked by clk_fpga_0  {rise@0.000ns fall@5.000ns period=10.000ns})
  Destination:            cb_i/vdp_native_slave_0/inst/reg_color_reg[5]/PRE
                            (removal check against rising-edge clock clk_out2_cb_clk_wiz_0_2  {rise@0.000ns fall@20.000ns period=40.000ns})
  Path Group:             **async_default**
  Path Type:              Removal (Min at Fast Process Corner)
  Requirement:            0.000ns  (clk_out2_cb_clk_wiz_0_2 rise@0.000ns - clk_fpga_0 rise@0.000ns)
  Data Path Delay:        0.722ns  (logic 0.186ns (25.759%)  route 0.536ns (74.241%))
  Logic Levels:           1  (LUT1=1)
  Clock Path Skew:        0.272ns (DCD - SCD - CPR)
    Destination Clock Delay (DCD):    1.194ns
    Source Clock Delay      (SCD):    0.892ns
    Clock Pessimism Removal (CPR):    0.030ns
  Clock Uncertainty:      0.290ns  ((TSJ^2 + TIJ^2 + DJ^2)^1/2) / 2 + PE
    Total System Jitter     (TSJ):    0.071ns
    Total Input Jitter      (TIJ):    0.300ns
    Discrete Jitter          (DJ):    0.227ns
    Phase Error              (PE):    0.099ns

    Location             Delay type                Incr(ns)  Path(ns)    Netlist Resource(s)
  -------------------------------------------------------------------    -------------------
                         (clock clk_fpga_0 rise edge)
                                                      0.000     0.000 r  
    PS7_X0Y0             PS7                          0.000     0.000 r  cb_i/processing_system7_0/inst/PS7_i/FCLKCLK[0]
                         net (fo=1, routed)           0.310     0.310    cb_i/processing_system7_0/inst/FCLK_CLK_unbuffered[0]
    BUFGCTRL_X0Y16       BUFG (Prop_bufg_I_O)         0.026     0.336 r  cb_i/processing_system7_0/inst/buffer_fclk_clk_0.FCLK_CLK_0_BUFG/O
                         net (fo=1118, routed)        0.556     0.892    cb_i/axi_gpio_resetn/U0/gpio_core_1/s_axi_aclk
    SLICE_X45Y93         FDRE                                         r  cb_i/axi_gpio_resetn/U0/gpio_core_1/Not_Dual.gpio_Data_Out_reg[0]/C
  -------------------------------------------------------------------    -------------------
    SLICE_X45Y93         FDRE (Prop_fdre_C_Q)         0.141     1.033 r  cb_i/axi_gpio_resetn/U0/gpio_core_1/Not_Dual.gpio_Data_Out_reg[0]/Q
                         net (fo=3, routed)           0.245     1.278    cb_i/vdp_native_slave_0/inst/u_vga_timing/resetn
    SLICE_X44Y93         LUT1 (Prop_lut1_I0_O)        0.045     1.323 f  cb_i/vdp_native_slave_0/inst/u_vga_timing/mem_ready_i_1/O
                         net (fo=58, routed)          0.291     1.614    cb_i/vdp_native_slave_0/inst/u_vga_timing_n_25
    SLICE_X43Y94         FDPE                                         f  cb_i/vdp_native_slave_0/inst/reg_color_reg[5]/PRE
  -------------------------------------------------------------------    -------------------

                         (clock clk_out2_cb_clk_wiz_0_2 rise edge)
                                                      0.000     0.000 r  
    PS7_X0Y0             PS7                          0.000     0.000 r  cb_i/processing_system7_0/inst/PS7_i/FCLKCLK[0]
                         net (fo=1, routed)           0.337     0.337    cb_i/processing_system7_0/inst/FCLK_CLK_unbuffered[0]
    BUFGCTRL_X0Y16       BUFG (Prop_bufg_I_O)         0.029     0.366 r  cb_i/processing_system7_0/inst/buffer_fclk_clk_0.FCLK_CLK_0_BUFG/O
                         net (fo=1118, routed)        0.864     1.230    cb_i/clk_wiz_0/inst/clk_in1
    MMCME2_ADV_X1Y0      MMCME2_ADV (Prop_mmcme2_adv_CLKIN1_CLKOUT1)
                                                     -1.467    -0.237 r  cb_i/clk_wiz_0/inst/mmcm_adv_inst/CLKOUT1
                         net (fo=1, routed)           0.576     0.339    cb_i/clk_wiz_0/inst/clk_out2_cb_clk_wiz_0_2
    BUFGCTRL_X0Y1        BUFG (Prop_bufg_I_O)         0.029     0.368 r  cb_i/clk_wiz_0/inst/clkout2_buf/O
                         net (fo=16, routed)          0.826     1.194    cb_i/vdp_native_slave_0/inst/clk
    SLICE_X43Y94         FDPE                                         r  cb_i/vdp_native_slave_0/inst/reg_color_reg[5]/C
                         clock pessimism             -0.030     1.164    
                         clock uncertainty            0.290     1.454    
    SLICE_X43Y94         FDPE (Remov_fdpe_C_PRE)     -0.095     1.359    cb_i/vdp_native_slave_0/inst/reg_color_reg[5]
  -------------------------------------------------------------------
                         required time                         -1.359    
                         arrival time                           1.614    
  -------------------------------------------------------------------
                         slack                                  0.255    

Slack (MET) :             0.255ns  (arrival time - required time)
  Source:                 cb_i/axi_gpio_resetn/U0/gpio_core_1/Not_Dual.gpio_Data_Out_reg[0]/C
                            (rising edge-triggered cell FDRE clocked by clk_fpga_0  {rise@0.000ns fall@5.000ns period=10.000ns})
  Destination:            cb_i/vdp_native_slave_0/inst/reg_color_reg[6]/PRE
                            (removal check against rising-edge clock clk_out2_cb_clk_wiz_0_2  {rise@0.000ns fall@20.000ns period=40.000ns})
  Path Group:             **async_default**
  Path Type:              Removal (Min at Fast Process Corner)
  Requirement:            0.000ns  (clk_out2_cb_clk_wiz_0_2 rise@0.000ns - clk_fpga_0 rise@0.000ns)
  Data Path Delay:        0.722ns  (logic 0.186ns (25.759%)  route 0.536ns (74.241%))
  Logic Levels:           1  (LUT1=1)
  Clock Path Skew:        0.272ns (DCD - SCD - CPR)
    Destination Clock Delay (DCD):    1.194ns
    Source Clock Delay      (SCD):    0.892ns
    Clock Pessimism Removal (CPR):    0.030ns
  Clock Uncertainty:      0.290ns  ((TSJ^2 + TIJ^2 + DJ^2)^1/2) / 2 + PE
    Total System Jitter     (TSJ):    0.071ns
    Total Input Jitter      (TIJ):    0.300ns
    Discrete Jitter          (DJ):    0.227ns
    Phase Error              (PE):    0.099ns

    Location             Delay type                Incr(ns)  Path(ns)    Netlist Resource(s)
  -------------------------------------------------------------------    -------------------
                         (clock clk_fpga_0 rise edge)
                                                      0.000     0.000 r  
    PS7_X0Y0             PS7                          0.000     0.000 r  cb_i/processing_system7_0/inst/PS7_i/FCLKCLK[0]
                         net (fo=1, routed)           0.310     0.310    cb_i/processing_system7_0/inst/FCLK_CLK_unbuffered[0]
    BUFGCTRL_X0Y16       BUFG (Prop_bufg_I_O)         0.026     0.336 r  cb_i/processing_system7_0/inst/buffer_fclk_clk_0.FCLK_CLK_0_BUFG/O
                         net (fo=1118, routed)        0.556     0.892    cb_i/axi_gpio_resetn/U0/gpio_core_1/s_axi_aclk
    SLICE_X45Y93         FDRE                                         r  cb_i/axi_gpio_resetn/U0/gpio_core_1/Not_Dual.gpio_Data_Out_reg[0]/C
  -------------------------------------------------------------------    -------------------
    SLICE_X45Y93         FDRE (Prop_fdre_C_Q)         0.141     1.033 r  cb_i/axi_gpio_resetn/U0/gpio_core_1/Not_Dual.gpio_Data_Out_reg[0]/Q
                         net (fo=3, routed)           0.245     1.278    cb_i/vdp_native_slave_0/inst/u_vga_timing/resetn
    SLICE_X44Y93         LUT1 (Prop_lut1_I0_O)        0.045     1.323 f  cb_i/vdp_native_slave_0/inst/u_vga_timing/mem_ready_i_1/O
                         net (fo=58, routed)          0.291     1.614    cb_i/vdp_native_slave_0/inst/u_vga_timing_n_25
    SLICE_X43Y94         FDPE                                         f  cb_i/vdp_native_slave_0/inst/reg_color_reg[6]/PRE
  -------------------------------------------------------------------    -------------------

                         (clock clk_out2_cb_clk_wiz_0_2 rise edge)
                                                      0.000     0.000 r  
    PS7_X0Y0             PS7                          0.000     0.000 r  cb_i/processing_system7_0/inst/PS7_i/FCLKCLK[0]
                         net (fo=1, routed)           0.337     0.337    cb_i/processing_system7_0/inst/FCLK_CLK_unbuffered[0]
    BUFGCTRL_X0Y16       BUFG (Prop_bufg_I_O)         0.029     0.366 r  cb_i/processing_system7_0/inst/buffer_fclk_clk_0.FCLK_CLK_0_BUFG/O
                         net (fo=1118, routed)        0.864     1.230    cb_i/clk_wiz_0/inst/clk_in1
    MMCME2_ADV_X1Y0      MMCME2_ADV (Prop_mmcme2_adv_CLKIN1_CLKOUT1)
                                                     -1.467    -0.237 r  cb_i/clk_wiz_0/inst/mmcm_adv_inst/CLKOUT1
                         net (fo=1, routed)           0.576     0.339    cb_i/clk_wiz_0/inst/clk_out2_cb_clk_wiz_0_2
    BUFGCTRL_X0Y1        BUFG (Prop_bufg_I_O)         0.029     0.368 r  cb_i/clk_wiz_0/inst/clkout2_buf/O
                         net (fo=16, routed)          0.826     1.194    cb_i/vdp_native_slave_0/inst/clk
    SLICE_X43Y94         FDPE                                         r  cb_i/vdp_native_slave_0/inst/reg_color_reg[6]/C
                         clock pessimism             -0.030     1.164    
                         clock uncertainty            0.290     1.454    
    SLICE_X43Y94         FDPE (Remov_fdpe_C_PRE)     -0.095     1.359    cb_i/vdp_native_slave_0/inst/reg_color_reg[6]
  -------------------------------------------------------------------
                         required time                         -1.359    
                         arrival time                           1.614    
  -------------------------------------------------------------------
                         slack                                  0.255    

Slack (MET) :             0.255ns  (arrival time - required time)
  Source:                 cb_i/axi_gpio_resetn/U0/gpio_core_1/Not_Dual.gpio_Data_Out_reg[0]/C
                            (rising edge-triggered cell FDRE clocked by clk_fpga_0  {rise@0.000ns fall@5.000ns period=10.000ns})
  Destination:            cb_i/vdp_native_slave_0/inst/reg_color_reg[7]/PRE
                            (removal check against rising-edge clock clk_out2_cb_clk_wiz_0_2  {rise@0.000ns fall@20.000ns period=40.000ns})
  Path Group:             **async_default**
  Path Type:              Removal (Min at Fast Process Corner)
  Requirement:            0.000ns  (clk_out2_cb_clk_wiz_0_2 rise@0.000ns - clk_fpga_0 rise@0.000ns)
  Data Path Delay:        0.722ns  (logic 0.186ns (25.759%)  route 0.536ns (74.241%))
  Logic Levels:           1  (LUT1=1)
  Clock Path Skew:        0.272ns (DCD - SCD - CPR)
    Destination Clock Delay (DCD):    1.194ns
    Source Clock Delay      (SCD):    0.892ns
    Clock Pessimism Removal (CPR):    0.030ns
  Clock Uncertainty:      0.290ns  ((TSJ^2 + TIJ^2 + DJ^2)^1/2) / 2 + PE
    Total System Jitter     (TSJ):    0.071ns
    Total Input Jitter      (TIJ):    0.300ns
    Discrete Jitter          (DJ):    0.227ns
    Phase Error              (PE):    0.099ns

    Location             Delay type                Incr(ns)  Path(ns)    Netlist Resource(s)
  -------------------------------------------------------------------    -------------------
                         (clock clk_fpga_0 rise edge)
                                                      0.000     0.000 r  
    PS7_X0Y0             PS7                          0.000     0.000 r  cb_i/processing_system7_0/inst/PS7_i/FCLKCLK[0]
                         net (fo=1, routed)           0.310     0.310    cb_i/processing_system7_0/inst/FCLK_CLK_unbuffered[0]
    BUFGCTRL_X0Y16       BUFG (Prop_bufg_I_O)         0.026     0.336 r  cb_i/processing_system7_0/inst/buffer_fclk_clk_0.FCLK_CLK_0_BUFG/O
                         net (fo=1118, routed)        0.556     0.892    cb_i/axi_gpio_resetn/U0/gpio_core_1/s_axi_aclk
    SLICE_X45Y93         FDRE                                         r  cb_i/axi_gpio_resetn/U0/gpio_core_1/Not_Dual.gpio_Data_Out_reg[0]/C
  -------------------------------------------------------------------    -------------------
    SLICE_X45Y93         FDRE (Prop_fdre_C_Q)         0.141     1.033 r  cb_i/axi_gpio_resetn/U0/gpio_core_1/Not_Dual.gpio_Data_Out_reg[0]/Q
                         net (fo=3, routed)           0.245     1.278    cb_i/vdp_native_slave_0/inst/u_vga_timing/resetn
    SLICE_X44Y93         LUT1 (Prop_lut1_I0_O)        0.045     1.323 f  cb_i/vdp_native_slave_0/inst/u_vga_timing/mem_ready_i_1/O
                         net (fo=58, routed)          0.291     1.614    cb_i/vdp_native_slave_0/inst/u_vga_timing_n_25
    SLICE_X43Y94         FDPE                                         f  cb_i/vdp_native_slave_0/inst/reg_color_reg[7]/PRE
  -------------------------------------------------------------------    -------------------

                         (clock clk_out2_cb_clk_wiz_0_2 rise edge)
                                                      0.000     0.000 r  
    PS7_X0Y0             PS7                          0.000     0.000 r  cb_i/processing_system7_0/inst/PS7_i/FCLKCLK[0]
                         net (fo=1, routed)           0.337     0.337    cb_i/processing_system7_0/inst/FCLK_CLK_unbuffered[0]
    BUFGCTRL_X0Y16       BUFG (Prop_bufg_I_O)         0.029     0.366 r  cb_i/processing_system7_0/inst/buffer_fclk_clk_0.FCLK_CLK_0_BUFG/O
                         net (fo=1118, routed)        0.864     1.230    cb_i/clk_wiz_0/inst/clk_in1
    MMCME2_ADV_X1Y0      MMCME2_ADV (Prop_mmcme2_adv_CLKIN1_CLKOUT1)
                                                     -1.467    -0.237 r  cb_i/clk_wiz_0/inst/mmcm_adv_inst/CLKOUT1
                         net (fo=1, routed)           0.576     0.339    cb_i/clk_wiz_0/inst/clk_out2_cb_clk_wiz_0_2
    BUFGCTRL_X0Y1        BUFG (Prop_bufg_I_O)         0.029     0.368 r  cb_i/clk_wiz_0/inst/clkout2_buf/O
                         net (fo=16, routed)          0.826     1.194    cb_i/vdp_native_slave_0/inst/clk
    SLICE_X43Y94         FDPE                                         r  cb_i/vdp_native_slave_0/inst/reg_color_reg[7]/C
                         clock pessimism             -0.030     1.164    
                         clock uncertainty            0.290     1.454    
    SLICE_X43Y94         FDPE (Remov_fdpe_C_PRE)     -0.095     1.359    cb_i/vdp_native_slave_0/inst/reg_color_reg[7]
  -------------------------------------------------------------------
                         required time                         -1.359    
                         arrival time                           1.614    
  -------------------------------------------------------------------
                         slack                                  0.255    

Slack (MET) :             0.453ns  (arrival time - required time)
  Source:                 cb_i/axi_gpio_resetn/U0/gpio_core_1/Not_Dual.gpio_Data_Out_reg[0]/C
                            (rising edge-triggered cell FDRE clocked by clk_fpga_0  {rise@0.000ns fall@5.000ns period=10.000ns})
  Destination:            cb_i/vdp_native_slave_0/inst/reg_color_reg[12]/PRE
                            (removal check against rising-edge clock clk_out2_cb_clk_wiz_0_2  {rise@0.000ns fall@20.000ns period=40.000ns})
  Path Group:             **async_default**
  Path Type:              Removal (Min at Fast Process Corner)
  Requirement:            0.000ns  (clk_out2_cb_clk_wiz_0_2 rise@0.000ns - clk_fpga_0 rise@0.000ns)
  Data Path Delay:        0.920ns  (logic 0.186ns (20.218%)  route 0.734ns (79.782%))
  Logic Levels:           1  (LUT1=1)
  Clock Path Skew:        0.272ns (DCD - SCD - CPR)
    Destination Clock Delay (DCD):    1.194ns
    Source Clock Delay      (SCD):    0.892ns
    Clock Pessimism Removal (CPR):    0.030ns
  Clock Uncertainty:      0.290ns  ((TSJ^2 + TIJ^2 + DJ^2)^1/2) / 2 + PE
    Total System Jitter     (TSJ):    0.071ns
    Total Input Jitter      (TIJ):    0.300ns
    Discrete Jitter          (DJ):    0.227ns
    Phase Error              (PE):    0.099ns

    Location             Delay type                Incr(ns)  Path(ns)    Netlist Resource(s)
  -------------------------------------------------------------------    -------------------
                         (clock clk_fpga_0 rise edge)
                                                      0.000     0.000 r  
    PS7_X0Y0             PS7                          0.000     0.000 r  cb_i/processing_system7_0/inst/PS7_i/FCLKCLK[0]
                         net (fo=1, routed)           0.310     0.310    cb_i/processing_system7_0/inst/FCLK_CLK_unbuffered[0]
    BUFGCTRL_X0Y16       BUFG (Prop_bufg_I_O)         0.026     0.336 r  cb_i/processing_system7_0/inst/buffer_fclk_clk_0.FCLK_CLK_0_BUFG/O
                         net (fo=1118, routed)        0.556     0.892    cb_i/axi_gpio_resetn/U0/gpio_core_1/s_axi_aclk
    SLICE_X45Y93         FDRE                                         r  cb_i/axi_gpio_resetn/U0/gpio_core_1/Not_Dual.gpio_Data_Out_reg[0]/C
  -------------------------------------------------------------------    -------------------
    SLICE_X45Y93         FDRE (Prop_fdre_C_Q)         0.141     1.033 r  cb_i/axi_gpio_resetn/U0/gpio_core_1/Not_Dual.gpio_Data_Out_reg[0]/Q
                         net (fo=3, routed)           0.245     1.278    cb_i/vdp_native_slave_0/inst/u_vga_timing/resetn
    SLICE_X44Y93         LUT1 (Prop_lut1_I0_O)        0.045     1.323 f  cb_i/vdp_native_slave_0/inst/u_vga_timing/mem_ready_i_1/O
                         net (fo=58, routed)          0.489     1.812    cb_i/vdp_native_slave_0/inst/u_vga_timing_n_25
    SLICE_X39Y95         FDPE                                         f  cb_i/vdp_native_slave_0/inst/reg_color_reg[12]/PRE
  -------------------------------------------------------------------    -------------------

                         (clock clk_out2_cb_clk_wiz_0_2 rise edge)
                                                      0.000     0.000 r  
    PS7_X0Y0             PS7                          0.000     0.000 r  cb_i/processing_system7_0/inst/PS7_i/FCLKCLK[0]
                         net (fo=1, routed)           0.337     0.337    cb_i/processing_system7_0/inst/FCLK_CLK_unbuffered[0]
    BUFGCTRL_X0Y16       BUFG (Prop_bufg_I_O)         0.029     0.366 r  cb_i/processing_system7_0/inst/buffer_fclk_clk_0.FCLK_CLK_0_BUFG/O
                         net (fo=1118, routed)        0.864     1.230    cb_i/clk_wiz_0/inst/clk_in1
    MMCME2_ADV_X1Y0      MMCME2_ADV (Prop_mmcme2_adv_CLKIN1_CLKOUT1)
                                                     -1.467    -0.237 r  cb_i/clk_wiz_0/inst/mmcm_adv_inst/CLKOUT1
                         net (fo=1, routed)           0.576     0.339    cb_i/clk_wiz_0/inst/clk_out2_cb_clk_wiz_0_2
    BUFGCTRL_X0Y1        BUFG (Prop_bufg_I_O)         0.029     0.368 r  cb_i/clk_wiz_0/inst/clkout2_buf/O
                         net (fo=16, routed)          0.826     1.194    cb_i/vdp_native_slave_0/inst/clk
    SLICE_X39Y95         FDPE                                         r  cb_i/vdp_native_slave_0/inst/reg_color_reg[12]/C
                         clock pessimism             -0.030     1.164    
                         clock uncertainty            0.290     1.454    
    SLICE_X39Y95         FDPE (Remov_fdpe_C_PRE)     -0.095     1.359    cb_i/vdp_native_slave_0/inst/reg_color_reg[12]
  -------------------------------------------------------------------
                         required time                         -1.359    
                         arrival time                           1.812    
  -------------------------------------------------------------------
                         slack                                  0.453    

Slack (MET) :             0.453ns  (arrival time - required time)
  Source:                 cb_i/axi_gpio_resetn/U0/gpio_core_1/Not_Dual.gpio_Data_Out_reg[0]/C
                            (rising edge-triggered cell FDRE clocked by clk_fpga_0  {rise@0.000ns fall@5.000ns period=10.000ns})
  Destination:            cb_i/vdp_native_slave_0/inst/reg_color_reg[13]/PRE
                            (removal check against rising-edge clock clk_out2_cb_clk_wiz_0_2  {rise@0.000ns fall@20.000ns period=40.000ns})
  Path Group:             **async_default**
  Path Type:              Removal (Min at Fast Process Corner)
  Requirement:            0.000ns  (clk_out2_cb_clk_wiz_0_2 rise@0.000ns - clk_fpga_0 rise@0.000ns)
  Data Path Delay:        0.920ns  (logic 0.186ns (20.218%)  route 0.734ns (79.782%))
  Logic Levels:           1  (LUT1=1)
  Clock Path Skew:        0.272ns (DCD - SCD - CPR)
    Destination Clock Delay (DCD):    1.194ns
    Source Clock Delay      (SCD):    0.892ns
    Clock Pessimism Removal (CPR):    0.030ns
  Clock Uncertainty:      0.290ns  ((TSJ^2 + TIJ^2 + DJ^2)^1/2) / 2 + PE
    Total System Jitter     (TSJ):    0.071ns
    Total Input Jitter      (TIJ):    0.300ns
    Discrete Jitter          (DJ):    0.227ns
    Phase Error              (PE):    0.099ns

    Location             Delay type                Incr(ns)  Path(ns)    Netlist Resource(s)
  -------------------------------------------------------------------    -------------------
                         (clock clk_fpga_0 rise edge)
                                                      0.000     0.000 r  
    PS7_X0Y0             PS7                          0.000     0.000 r  cb_i/processing_system7_0/inst/PS7_i/FCLKCLK[0]
                         net (fo=1, routed)           0.310     0.310    cb_i/processing_system7_0/inst/FCLK_CLK_unbuffered[0]
    BUFGCTRL_X0Y16       BUFG (Prop_bufg_I_O)         0.026     0.336 r  cb_i/processing_system7_0/inst/buffer_fclk_clk_0.FCLK_CLK_0_BUFG/O
                         net (fo=1118, routed)        0.556     0.892    cb_i/axi_gpio_resetn/U0/gpio_core_1/s_axi_aclk
    SLICE_X45Y93         FDRE                                         r  cb_i/axi_gpio_resetn/U0/gpio_core_1/Not_Dual.gpio_Data_Out_reg[0]/C
  -------------------------------------------------------------------    -------------------
    SLICE_X45Y93         FDRE (Prop_fdre_C_Q)         0.141     1.033 r  cb_i/axi_gpio_resetn/U0/gpio_core_1/Not_Dual.gpio_Data_Out_reg[0]/Q
                         net (fo=3, routed)           0.245     1.278    cb_i/vdp_native_slave_0/inst/u_vga_timing/resetn
    SLICE_X44Y93         LUT1 (Prop_lut1_I0_O)        0.045     1.323 f  cb_i/vdp_native_slave_0/inst/u_vga_timing/mem_ready_i_1/O
                         net (fo=58, routed)          0.489     1.812    cb_i/vdp_native_slave_0/inst/u_vga_timing_n_25
    SLICE_X39Y95         FDPE                                         f  cb_i/vdp_native_slave_0/inst/reg_color_reg[13]/PRE
  -------------------------------------------------------------------    -------------------

                         (clock clk_out2_cb_clk_wiz_0_2 rise edge)
                                                      0.000     0.000 r  
    PS7_X0Y0             PS7                          0.000     0.000 r  cb_i/processing_system7_0/inst/PS7_i/FCLKCLK[0]
                         net (fo=1, routed)           0.337     0.337    cb_i/processing_system7_0/inst/FCLK_CLK_unbuffered[0]
    BUFGCTRL_X0Y16       BUFG (Prop_bufg_I_O)         0.029     0.366 r  cb_i/processing_system7_0/inst/buffer_fclk_clk_0.FCLK_CLK_0_BUFG/O
                         net (fo=1118, routed)        0.864     1.230    cb_i/clk_wiz_0/inst/clk_in1
    MMCME2_ADV_X1Y0      MMCME2_ADV (Prop_mmcme2_adv_CLKIN1_CLKOUT1)
                                                     -1.467    -0.237 r  cb_i/clk_wiz_0/inst/mmcm_adv_inst/CLKOUT1
                         net (fo=1, routed)           0.576     0.339    cb_i/clk_wiz_0/inst/clk_out2_cb_clk_wiz_0_2
    BUFGCTRL_X0Y1        BUFG (Prop_bufg_I_O)         0.029     0.368 r  cb_i/clk_wiz_0/inst/clkout2_buf/O
                         net (fo=16, routed)          0.826     1.194    cb_i/vdp_native_slave_0/inst/clk
    SLICE_X39Y95         FDPE                                         r  cb_i/vdp_native_slave_0/inst/reg_color_reg[13]/C
                         clock pessimism             -0.030     1.164    
                         clock uncertainty            0.290     1.454    
    SLICE_X39Y95         FDPE (Remov_fdpe_C_PRE)     -0.095     1.359    cb_i/vdp_native_slave_0/inst/reg_color_reg[13]
  -------------------------------------------------------------------
                         required time                         -1.359    
                         arrival time                           1.812    
  -------------------------------------------------------------------
                         slack                                  0.453    

Slack (MET) :             0.453ns  (arrival time - required time)
  Source:                 cb_i/axi_gpio_resetn/U0/gpio_core_1/Not_Dual.gpio_Data_Out_reg[0]/C
                            (rising edge-triggered cell FDRE clocked by clk_fpga_0  {rise@0.000ns fall@5.000ns period=10.000ns})
  Destination:            cb_i/vdp_native_slave_0/inst/reg_color_reg[14]/PRE
                            (removal check against rising-edge clock clk_out2_cb_clk_wiz_0_2  {rise@0.000ns fall@20.000ns period=40.000ns})
  Path Group:             **async_default**
  Path Type:              Removal (Min at Fast Process Corner)
  Requirement:            0.000ns  (clk_out2_cb_clk_wiz_0_2 rise@0.000ns - clk_fpga_0 rise@0.000ns)
  Data Path Delay:        0.920ns  (logic 0.186ns (20.218%)  route 0.734ns (79.782%))
  Logic Levels:           1  (LUT1=1)
  Clock Path Skew:        0.272ns (DCD - SCD - CPR)
    Destination Clock Delay (DCD):    1.194ns
    Source Clock Delay      (SCD):    0.892ns
    Clock Pessimism Removal (CPR):    0.030ns
  Clock Uncertainty:      0.290ns  ((TSJ^2 + TIJ^2 + DJ^2)^1/2) / 2 + PE
    Total System Jitter     (TSJ):    0.071ns
    Total Input Jitter      (TIJ):    0.300ns
    Discrete Jitter          (DJ):    0.227ns
    Phase Error              (PE):    0.099ns

    Location             Delay type                Incr(ns)  Path(ns)    Netlist Resource(s)
  -------------------------------------------------------------------    -------------------
                         (clock clk_fpga_0 rise edge)
                                                      0.000     0.000 r  
    PS7_X0Y0             PS7                          0.000     0.000 r  cb_i/processing_system7_0/inst/PS7_i/FCLKCLK[0]
                         net (fo=1, routed)           0.310     0.310    cb_i/processing_system7_0/inst/FCLK_CLK_unbuffered[0]
    BUFGCTRL_X0Y16       BUFG (Prop_bufg_I_O)         0.026     0.336 r  cb_i/processing_system7_0/inst/buffer_fclk_clk_0.FCLK_CLK_0_BUFG/O
                         net (fo=1118, routed)        0.556     0.892    cb_i/axi_gpio_resetn/U0/gpio_core_1/s_axi_aclk
    SLICE_X45Y93         FDRE                                         r  cb_i/axi_gpio_resetn/U0/gpio_core_1/Not_Dual.gpio_Data_Out_reg[0]/C
  -------------------------------------------------------------------    -------------------
    SLICE_X45Y93         FDRE (Prop_fdre_C_Q)         0.141     1.033 r  cb_i/axi_gpio_resetn/U0/gpio_core_1/Not_Dual.gpio_Data_Out_reg[0]/Q
                         net (fo=3, routed)           0.245     1.278    cb_i/vdp_native_slave_0/inst/u_vga_timing/resetn
    SLICE_X44Y93         LUT1 (Prop_lut1_I0_O)        0.045     1.323 f  cb_i/vdp_native_slave_0/inst/u_vga_timing/mem_ready_i_1/O
                         net (fo=58, routed)          0.489     1.812    cb_i/vdp_native_slave_0/inst/u_vga_timing_n_25
    SLICE_X39Y95         FDPE                                         f  cb_i/vdp_native_slave_0/inst/reg_color_reg[14]/PRE
  -------------------------------------------------------------------    -------------------

                         (clock clk_out2_cb_clk_wiz_0_2 rise edge)
                                                      0.000     0.000 r  
    PS7_X0Y0             PS7                          0.000     0.000 r  cb_i/processing_system7_0/inst/PS7_i/FCLKCLK[0]
                         net (fo=1, routed)           0.337     0.337    cb_i/processing_system7_0/inst/FCLK_CLK_unbuffered[0]
    BUFGCTRL_X0Y16       BUFG (Prop_bufg_I_O)         0.029     0.366 r  cb_i/processing_system7_0/inst/buffer_fclk_clk_0.FCLK_CLK_0_BUFG/O
                         net (fo=1118, routed)        0.864     1.230    cb_i/clk_wiz_0/inst/clk_in1
    MMCME2_ADV_X1Y0      MMCME2_ADV (Prop_mmcme2_adv_CLKIN1_CLKOUT1)
                                                     -1.467    -0.237 r  cb_i/clk_wiz_0/inst/mmcm_adv_inst/CLKOUT1
                         net (fo=1, routed)           0.576     0.339    cb_i/clk_wiz_0/inst/clk_out2_cb_clk_wiz_0_2
    BUFGCTRL_X0Y1        BUFG (Prop_bufg_I_O)         0.029     0.368 r  cb_i/clk_wiz_0/inst/clkout2_buf/O
                         net (fo=16, routed)          0.826     1.194    cb_i/vdp_native_slave_0/inst/clk
    SLICE_X39Y95         FDPE                                         r  cb_i/vdp_native_slave_0/inst/reg_color_reg[14]/C
                         clock pessimism             -0.030     1.164    
                         clock uncertainty            0.290     1.454    
    SLICE_X39Y95         FDPE (Remov_fdpe_C_PRE)     -0.095     1.359    cb_i/vdp_native_slave_0/inst/reg_color_reg[14]
  -------------------------------------------------------------------
                         required time                         -1.359    
                         arrival time                           1.812    
  -------------------------------------------------------------------
                         slack                                  0.453    





